Command line invocation:
    /Applications/Xcode.app/Contents/Developer/usr/bin/xcodebuild -workspace Hatari.xcworkspace -scheme Hatari -configuration Debug -destination generic/platform=iOS COMPILER_INDEX_STORE_ENABLE=NO

Build settings from command line:
    COMPILER_INDEX_STORE_ENABLE = NO

ComputePackagePrebuildTargetDependencyGraph

Prepare packages

CreateBuildRequest

SendProjectDescription

CreateBuildOperation

ComputeTargetDependencyGraph
note: Building targets in dependency order
note: Target dependency graph (96 targets)
    Target 'Hatari' in project 'Hatari'
        ➜ Implicit dependency on target 'Pods-Hatari' in project 'Pods' via file 'libPods-Hatari.a' in build phase 'Link Binary'
        ➜ Implicit dependency on target 'BVLinearGradient' in project 'Pods' via options '-lBVLinearGradient' in build setting 'OTHER_LDFLAGS'
        ➜ Implicit dependency on target 'DoubleConversion' in project 'Pods' via options '-lDoubleConversion' in build setting 'OTHER_LDFLAGS'
        ➜ Implicit dependency on target 'RCT-Folly' in project 'Pods' via options '-lRCT-Folly' in build setting 'OTHER_LDFLAGS'
        ➜ Implicit dependency on target 'RCTDeprecation' in project 'Pods' via options '-lRCTDeprecation' in build setting 'OTHER_LDFLAGS'
        ➜ Implicit dependency on target 'RCTTypeSafety' in project 'Pods' via options '-lRCTTypeSafety' in build setting 'OTHER_LDFLAGS'
        ➜ Implicit dependency on target 'RNCAsyncStorage' in project 'Pods' via options '-lRNCAsyncStorage' in build setting 'OTHER_LDFLAGS'
        ➜ Implicit dependency on target 'RNDateTimePicker' in project 'Pods' via options '-lRNDateTimePicker' in build setting 'OTHER_LDFLAGS'
        ➜ Implicit dependency on target 'RNGestureHandler' in project 'Pods' via options '-lRNGestureHandler' in build setting 'OTHER_LDFLAGS'
        ➜ Implicit dependency on target 'RNPermissions' in project 'Pods' via options '-lRNPermissions' in build setting 'OTHER_LDFLAGS'
        ➜ Implicit dependency on target 'RNSVG' in project 'Pods' via options '-lRNSVG' in build setting 'OTHER_LDFLAGS'
        ➜ Implicit dependency on target 'RNScreens' in project 'Pods' via options '-lRNScreens' in build setting 'OTHER_LDFLAGS'
        ➜ Implicit dependency on target 'RNVectorIcons' in project 'Pods' via options '-lRNVectorIcons' in build setting 'OTHER_LDFLAGS'
        ➜ Implicit dependency on target 'React-Core' in project 'Pods' via options '-lReact-Core' in build setting 'OTHER_LDFLAGS'
        ➜ Implicit dependency on target 'React-CoreModules' in project 'Pods' via options '-lReact-CoreModules' in build setting 'OTHER_LDFLAGS'
        ➜ Implicit dependency on target 'React-Fabric' in project 'Pods' via options '-lReact-Fabric' in build setting 'OTHER_LDFLAGS'
        ➜ Implicit dependency on target 'React-FabricComponents' in project 'Pods' via options '-lReact-FabricComponents' in build setting 'OTHER_LDFLAGS'
        ➜ Implicit dependency on target 'React-FabricImage' in project 'Pods' via options '-lReact-FabricImage' in build setting 'OTHER_LDFLAGS'
        ➜ Implicit dependency on target 'React-ImageManager' in project 'Pods' via options '-lReact-ImageManager' in build setting 'OTHER_LDFLAGS'
        ➜ Implicit dependency on target 'React-Mapbuffer' in project 'Pods' via options '-lReact-Mapbuffer' in build setting 'OTHER_LDFLAGS'
        ➜ Implicit dependency on target 'React-NativeModulesApple' in project 'Pods' via options '-lReact-NativeModulesApple' in build setting 'OTHER_LDFLAGS'
        ➜ Implicit dependency on target 'React-RCTAnimation' in project 'Pods' via options '-lReact-RCTAnimation' in build setting 'OTHER_LDFLAGS'
        ➜ Implicit dependency on target 'React-RCTAppDelegate' in project 'Pods' via options '-lReact-RCTAppDelegate' in build setting 'OTHER_LDFLAGS'
        ➜ Implicit dependency on target 'React-RCTBlob' in project 'Pods' via options '-lReact-RCTBlob' in build setting 'OTHER_LDFLAGS'
        ➜ Implicit dependency on target 'React-RCTFBReactNativeSpec' in project 'Pods' via options '-lReact-RCTFBReactNativeSpec' in build setting 'OTHER_LDFLAGS'
        ➜ Implicit dependency on target 'React-RCTFabric' in project 'Pods' via options '-lReact-RCTFabric' in build setting 'OTHER_LDFLAGS'
        ➜ Implicit dependency on target 'React-RCTImage' in project 'Pods' via options '-lReact-RCTImage' in build setting 'OTHER_LDFLAGS'
        ➜ Implicit dependency on target 'React-RCTLinking' in project 'Pods' via options '-lReact-RCTLinking' in build setting 'OTHER_LDFLAGS'
        ➜ Implicit dependency on target 'React-RCTNetwork' in project 'Pods' via options '-lReact-RCTNetwork' in build setting 'OTHER_LDFLAGS'
        ➜ Implicit dependency on target 'React-RCTRuntime' in project 'Pods' via options '-lReact-RCTRuntime' in build setting 'OTHER_LDFLAGS'
        ➜ Implicit dependency on target 'React-RCTSettings' in project 'Pods' via options '-lReact-RCTSettings' in build setting 'OTHER_LDFLAGS'
        ➜ Implicit dependency on target 'React-RCTText' in project 'Pods' via options '-lReact-RCTText' in build setting 'OTHER_LDFLAGS'
        ➜ Implicit dependency on target 'React-RCTVibration' in project 'Pods' via options '-lReact-RCTVibration' in build setting 'OTHER_LDFLAGS'
        ➜ Implicit dependency on target 'React-RuntimeApple' in project 'Pods' via options '-lReact-RuntimeApple' in build setting 'OTHER_LDFLAGS'
        ➜ Implicit dependency on target 'React-RuntimeCore' in project 'Pods' via options '-lReact-RuntimeCore' in build setting 'OTHER_LDFLAGS'
        ➜ Implicit dependency on target 'React-RuntimeHermes' in project 'Pods' via options '-lReact-RuntimeHermes' in build setting 'OTHER_LDFLAGS'
        ➜ Implicit dependency on target 'React-cxxreact' in project 'Pods' via options '-lReact-cxxreact' in build setting 'OTHER_LDFLAGS'
        ➜ Implicit dependency on target 'React-debug' in project 'Pods' via options '-lReact-debug' in build setting 'OTHER_LDFLAGS'
        ➜ Implicit dependency on target 'React-defaultsnativemodule' in project 'Pods' via options '-lReact-defaultsnativemodule' in build setting 'OTHER_LDFLAGS'
        ➜ Implicit dependency on target 'React-domnativemodule' in project 'Pods' via options '-lReact-domnativemodule' in build setting 'OTHER_LDFLAGS'
        ➜ Implicit dependency on target 'React-featureflags' in project 'Pods' via options '-lReact-featureflags' in build setting 'OTHER_LDFLAGS'
        ➜ Implicit dependency on target 'React-featureflagsnativemodule' in project 'Pods' via options '-lReact-featureflagsnativemodule' in build setting 'OTHER_LDFLAGS'
        ➜ Implicit dependency on target 'React-graphics' in project 'Pods' via options '-lReact-graphics' in build setting 'OTHER_LDFLAGS'
        ➜ Implicit dependency on target 'React-hermes' in project 'Pods' via options '-lReact-hermes' in build setting 'OTHER_LDFLAGS'
        ➜ Implicit dependency on target 'React-idlecallbacksnativemodule' in project 'Pods' via options '-lReact-idlecallbacksnativemodule' in build setting 'OTHER_LDFLAGS'
        ➜ Implicit dependency on target 'React-jserrorhandler' in project 'Pods' via options '-lReact-jserrorhandler' in build setting 'OTHER_LDFLAGS'
        ➜ Implicit dependency on target 'React-jsi' in project 'Pods' via options '-lReact-jsi' in build setting 'OTHER_LDFLAGS'
        ➜ Implicit dependency on target 'React-jsiexecutor' in project 'Pods' via options '-lReact-jsiexecutor' in build setting 'OTHER_LDFLAGS'
        ➜ Implicit dependency on target 'React-jsinspector' in project 'Pods' via options '-lReact-jsinspector' in build setting 'OTHER_LDFLAGS'
        ➜ Implicit dependency on target 'React-jsinspectortracing' in project 'Pods' via options '-lReact-jsinspectortracing' in build setting 'OTHER_LDFLAGS'
        ➜ Implicit dependency on target 'React-jsitooling' in project 'Pods' via options '-lReact-jsitooling' in build setting 'OTHER_LDFLAGS'
        ➜ Implicit dependency on target 'React-logger' in project 'Pods' via options '-lReact-logger' in build setting 'OTHER_LDFLAGS'
        ➜ Implicit dependency on target 'React-microtasksnativemodule' in project 'Pods' via options '-lReact-microtasksnativemodule' in build setting 'OTHER_LDFLAGS'
        ➜ Implicit dependency on target 'React-oscompat' in project 'Pods' via options '-lReact-oscompat' in build setting 'OTHER_LDFLAGS'
        ➜ Implicit dependency on target 'React-perflogger' in project 'Pods' via options '-lReact-perflogger' in build setting 'OTHER_LDFLAGS'
        ➜ Implicit dependency on target 'React-performancetimeline' in project 'Pods' via options '-lReact-performancetimeline' in build setting 'OTHER_LDFLAGS'
        ➜ Implicit dependency on target 'React-rendererconsistency' in project 'Pods' via options '-lReact-rendererconsistency' in build setting 'OTHER_LDFLAGS'
        ➜ Implicit dependency on target 'React-renderercss' in project 'Pods' via options '-lReact-renderercss' in build setting 'OTHER_LDFLAGS'
        ➜ Implicit dependency on target 'React-rendererdebug' in project 'Pods' via options '-lReact-rendererdebug' in build setting 'OTHER_LDFLAGS'
        ➜ Implicit dependency on target 'React-runtimescheduler' in project 'Pods' via options '-lReact-runtimescheduler' in build setting 'OTHER_LDFLAGS'
        ➜ Implicit dependency on target 'React-utils' in project 'Pods' via options '-lReact-utils' in build setting 'OTHER_LDFLAGS'
        ➜ Implicit dependency on target 'ReactAppDependencyProvider' in project 'Pods' via options '-lReactAppDependencyProvider' in build setting 'OTHER_LDFLAGS'
        ➜ Implicit dependency on target 'ReactCodegen' in project 'Pods' via options '-lReactCodegen' in build setting 'OTHER_LDFLAGS'
        ➜ Implicit dependency on target 'ReactCommon' in project 'Pods' via options '-lReactCommon' in build setting 'OTHER_LDFLAGS'
        ➜ Implicit dependency on target 'SocketRocket' in project 'Pods' via options '-lSocketRocket' in build setting 'OTHER_LDFLAGS'
        ➜ Implicit dependency on target 'Yoga' in project 'Pods' via options '-lYoga' in build setting 'OTHER_LDFLAGS'
        ➜ Implicit dependency on target 'fmt' in project 'Pods' via options '-lfmt' in build setting 'OTHER_LDFLAGS'
        ➜ Implicit dependency on target 'glog' in project 'Pods' via options '-lglog' in build setting 'OTHER_LDFLAGS'
        ➜ Implicit dependency on target 'react-native-blur' in project 'Pods' via options '-lreact-native-blur' in build setting 'OTHER_LDFLAGS'
        ➜ Implicit dependency on target 'react-native-geolocation' in project 'Pods' via options '-lreact-native-geolocation' in build setting 'OTHER_LDFLAGS'
        ➜ Implicit dependency on target 'react-native-geolocation-service' in project 'Pods' via options '-lreact-native-geolocation-service' in build setting 'OTHER_LDFLAGS'
        ➜ Implicit dependency on target 'react-native-maps' in project 'Pods' via options '-lreact-native-maps' in build setting 'OTHER_LDFLAGS'
        ➜ Implicit dependency on target 'react-native-netinfo' in project 'Pods' via options '-lreact-native-netinfo' in build setting 'OTHER_LDFLAGS'
        ➜ Implicit dependency on target 'react-native-safe-area-context' in project 'Pods' via options '-lreact-native-safe-area-context' in build setting 'OTHER_LDFLAGS'
        ➜ Implicit dependency on target 'react-native-version-check' in project 'Pods' via options '-lreact-native-version-check' in build setting 'OTHER_LDFLAGS'
    Target 'Pods-Hatari' in project 'Pods'
        ➜ Explicit dependency on target 'BVLinearGradient' in project 'Pods'
        ➜ Explicit dependency on target 'DoubleConversion' in project 'Pods'
        ➜ Explicit dependency on target 'FBLazyVector' in project 'Pods'
        ➜ Explicit dependency on target 'RCT-Folly' in project 'Pods'
        ➜ Explicit dependency on target 'RCTDeprecation' in project 'Pods'
        ➜ Explicit dependency on target 'RCTRequired' in project 'Pods'
        ➜ Explicit dependency on target 'RCTTypeSafety' in project 'Pods'
        ➜ Explicit dependency on target 'RNCAsyncStorage' in project 'Pods'
        ➜ Explicit dependency on target 'RNDateTimePicker' in project 'Pods'
        ➜ Explicit dependency on target 'RNGestureHandler' in project 'Pods'
        ➜ Explicit dependency on target 'RNPermissions' in project 'Pods'
        ➜ Explicit dependency on target 'RNSVG' in project 'Pods'
        ➜ Explicit dependency on target 'RNScreens' in project 'Pods'
        ➜ Explicit dependency on target 'RNVectorIcons' in project 'Pods'
        ➜ Explicit dependency on target 'React' in project 'Pods'
        ➜ Explicit dependency on target 'React-Core' in project 'Pods'
        ➜ Explicit dependency on target 'React-CoreModules' in project 'Pods'
        ➜ Explicit dependency on target 'React-Fabric' in project 'Pods'
        ➜ Explicit dependency on target 'React-FabricComponents' in project 'Pods'
        ➜ Explicit dependency on target 'React-FabricImage' in project 'Pods'
        ➜ Explicit dependency on target 'React-ImageManager' in project 'Pods'
        ➜ Explicit dependency on target 'React-Mapbuffer' in project 'Pods'
        ➜ Explicit dependency on target 'React-NativeModulesApple' in project 'Pods'
        ➜ Explicit dependency on target 'React-RCTActionSheet' in project 'Pods'
        ➜ Explicit dependency on target 'React-RCTAnimation' in project 'Pods'
        ➜ Explicit dependency on target 'React-RCTAppDelegate' in project 'Pods'
        ➜ Explicit dependency on target 'React-RCTBlob' in project 'Pods'
        ➜ Explicit dependency on target 'React-RCTFBReactNativeSpec' in project 'Pods'
        ➜ Explicit dependency on target 'React-RCTFabric' in project 'Pods'
        ➜ Explicit dependency on target 'React-RCTImage' in project 'Pods'
        ➜ Explicit dependency on target 'React-RCTLinking' in project 'Pods'
        ➜ Explicit dependency on target 'React-RCTNetwork' in project 'Pods'
        ➜ Explicit dependency on target 'React-RCTRuntime' in project 'Pods'
        ➜ Explicit dependency on target 'React-RCTSettings' in project 'Pods'
        ➜ Explicit dependency on target 'React-RCTText' in project 'Pods'
        ➜ Explicit dependency on target 'React-RCTVibration' in project 'Pods'
        ➜ Explicit dependency on target 'React-RuntimeApple' in project 'Pods'
        ➜ Explicit dependency on target 'React-RuntimeCore' in project 'Pods'
        ➜ Explicit dependency on target 'React-RuntimeHermes' in project 'Pods'
        ➜ Explicit dependency on target 'React-callinvoker' in project 'Pods'
        ➜ Explicit dependency on target 'React-cxxreact' in project 'Pods'
        ➜ Explicit dependency on target 'React-debug' in project 'Pods'
        ➜ Explicit dependency on target 'React-defaultsnativemodule' in project 'Pods'
        ➜ Explicit dependency on target 'React-domnativemodule' in project 'Pods'
        ➜ Explicit dependency on target 'React-featureflags' in project 'Pods'
        ➜ Explicit dependency on target 'React-featureflagsnativemodule' in project 'Pods'
        ➜ Explicit dependency on target 'React-graphics' in project 'Pods'
        ➜ Explicit dependency on target 'React-hermes' in project 'Pods'
        ➜ Explicit dependency on target 'React-idlecallbacksnativemodule' in project 'Pods'
        ➜ Explicit dependency on target 'React-jserrorhandler' in project 'Pods'
        ➜ Explicit dependency on target 'React-jsi' in project 'Pods'
        ➜ Explicit dependency on target 'React-jsiexecutor' in project 'Pods'
        ➜ Explicit dependency on target 'React-jsinspector' in project 'Pods'
        ➜ Explicit dependency on target 'React-jsinspectortracing' in project 'Pods'
        ➜ Explicit dependency on target 'React-jsitooling' in project 'Pods'
        ➜ Explicit dependency on target 'React-jsitracing' in project 'Pods'
        ➜ Explicit dependency on target 'React-logger' in project 'Pods'
        ➜ Explicit dependency on target 'React-microtasksnativemodule' in project 'Pods'
        ➜ Explicit dependency on target 'React-oscompat' in project 'Pods'
        ➜ Explicit dependency on target 'React-perflogger' in project 'Pods'
        ➜ Explicit dependency on target 'React-performancetimeline' in project 'Pods'
        ➜ Explicit dependency on target 'React-rendererconsistency' in project 'Pods'
        ➜ Explicit dependency on target 'React-renderercss' in project 'Pods'
        ➜ Explicit dependency on target 'React-rendererdebug' in project 'Pods'
        ➜ Explicit dependency on target 'React-rncore' in project 'Pods'
        ➜ Explicit dependency on target 'React-runtimeexecutor' in project 'Pods'
        ➜ Explicit dependency on target 'React-runtimescheduler' in project 'Pods'
        ➜ Explicit dependency on target 'React-timing' in project 'Pods'
        ➜ Explicit dependency on target 'React-utils' in project 'Pods'
        ➜ Explicit dependency on target 'ReactAppDependencyProvider' in project 'Pods'
        ➜ Explicit dependency on target 'ReactCodegen' in project 'Pods'
        ➜ Explicit dependency on target 'ReactCommon' in project 'Pods'
        ➜ Explicit dependency on target 'SocketRocket' in project 'Pods'
        ➜ Explicit dependency on target 'Yoga' in project 'Pods'
        ➜ Explicit dependency on target 'boost' in project 'Pods'
        ➜ Explicit dependency on target 'fast_float' in project 'Pods'
        ➜ Explicit dependency on target 'fmt' in project 'Pods'
        ➜ Explicit dependency on target 'glog' in project 'Pods'
        ➜ Explicit dependency on target 'hermes-engine' in project 'Pods'
        ➜ Explicit dependency on target 'react-native-blur' in project 'Pods'
        ➜ Explicit dependency on target 'react-native-geolocation' in project 'Pods'
        ➜ Explicit dependency on target 'react-native-geolocation-service' in project 'Pods'
        ➜ Explicit dependency on target 'react-native-maps' in project 'Pods'
        ➜ Explicit dependency on target 'react-native-netinfo' in project 'Pods'
        ➜ Explicit dependency on target 'react-native-safe-area-context' in project 'Pods'
        ➜ Explicit dependency on target 'react-native-version-check' in project 'Pods'
    Target 'react-native-version-check' in project 'Pods'
        ➜ Explicit dependency on target 'React-Core' in project 'Pods'
    Target 'react-native-safe-area-context' in project 'Pods'
        ➜ Explicit dependency on target 'React-Core' in project 'Pods'
    Target 'react-native-netinfo' in project 'Pods'
        ➜ Explicit dependency on target 'React-Core' in project 'Pods'
    Target 'react-native-maps' in project 'Pods'
        ➜ Explicit dependency on target 'DoubleConversion' in project 'Pods'
        ➜ Explicit dependency on target 'RCT-Folly' in project 'Pods'
        ➜ Explicit dependency on target 'RCTRequired' in project 'Pods'
        ➜ Explicit dependency on target 'RCTTypeSafety' in project 'Pods'
        ➜ Explicit dependency on target 'React-Core' in project 'Pods'
        ➜ Explicit dependency on target 'React-Fabric' in project 'Pods'
        ➜ Explicit dependency on target 'React-ImageManager' in project 'Pods'
        ➜ Explicit dependency on target 'React-NativeModulesApple' in project 'Pods'
        ➜ Explicit dependency on target 'React-RCTFabric' in project 'Pods'
        ➜ Explicit dependency on target 'React-debug' in project 'Pods'
        ➜ Explicit dependency on target 'React-featureflags' in project 'Pods'
        ➜ Explicit dependency on target 'React-graphics' in project 'Pods'
        ➜ Explicit dependency on target 'React-hermes' in project 'Pods'
        ➜ Explicit dependency on target 'React-jsi' in project 'Pods'
        ➜ Explicit dependency on target 'React-renderercss' in project 'Pods'
        ➜ Explicit dependency on target 'React-rendererdebug' in project 'Pods'
        ➜ Explicit dependency on target 'React-utils' in project 'Pods'
        ➜ Explicit dependency on target 'ReactCodegen' in project 'Pods'
        ➜ Explicit dependency on target 'ReactCommon' in project 'Pods'
        ➜ Explicit dependency on target 'Yoga' in project 'Pods'
        ➜ Explicit dependency on target 'glog' in project 'Pods'
        ➜ Explicit dependency on target 'hermes-engine' in project 'Pods'
    Target 'react-native-geolocation-service' in project 'Pods'
        ➜ Explicit dependency on target 'React' in project 'Pods'
    Target 'react-native-geolocation' in project 'Pods'
        ➜ Explicit dependency on target 'DoubleConversion' in project 'Pods'
        ➜ Explicit dependency on target 'RCT-Folly' in project 'Pods'
        ➜ Explicit dependency on target 'RCTRequired' in project 'Pods'
        ➜ Explicit dependency on target 'RCTTypeSafety' in project 'Pods'
        ➜ Explicit dependency on target 'React-Core' in project 'Pods'
        ➜ Explicit dependency on target 'React-Fabric' in project 'Pods'
        ➜ Explicit dependency on target 'React-ImageManager' in project 'Pods'
        ➜ Explicit dependency on target 'React-NativeModulesApple' in project 'Pods'
        ➜ Explicit dependency on target 'React-RCTFabric' in project 'Pods'
        ➜ Explicit dependency on target 'React-debug' in project 'Pods'
        ➜ Explicit dependency on target 'React-featureflags' in project 'Pods'
        ➜ Explicit dependency on target 'React-graphics' in project 'Pods'
        ➜ Explicit dependency on target 'React-hermes' in project 'Pods'
        ➜ Explicit dependency on target 'React-jsi' in project 'Pods'
        ➜ Explicit dependency on target 'React-renderercss' in project 'Pods'
        ➜ Explicit dependency on target 'React-rendererdebug' in project 'Pods'
        ➜ Explicit dependency on target 'React-utils' in project 'Pods'
        ➜ Explicit dependency on target 'ReactCodegen' in project 'Pods'
        ➜ Explicit dependency on target 'ReactCommon' in project 'Pods'
        ➜ Explicit dependency on target 'Yoga' in project 'Pods'
        ➜ Explicit dependency on target 'glog' in project 'Pods'
        ➜ Explicit dependency on target 'hermes-engine' in project 'Pods'
    Target 'react-native-blur' in project 'Pods'
        ➜ Explicit dependency on target 'DoubleConversion' in project 'Pods'
        ➜ Explicit dependency on target 'RCT-Folly' in project 'Pods'
        ➜ Explicit dependency on target 'RCTRequired' in project 'Pods'
        ➜ Explicit dependency on target 'RCTTypeSafety' in project 'Pods'
        ➜ Explicit dependency on target 'React-Core' in project 'Pods'
        ➜ Explicit dependency on target 'React-Fabric' in project 'Pods'
        ➜ Explicit dependency on target 'React-ImageManager' in project 'Pods'
        ➜ Explicit dependency on target 'React-NativeModulesApple' in project 'Pods'
        ➜ Explicit dependency on target 'React-RCTFabric' in project 'Pods'
        ➜ Explicit dependency on target 'React-debug' in project 'Pods'
        ➜ Explicit dependency on target 'React-featureflags' in project 'Pods'
        ➜ Explicit dependency on target 'React-graphics' in project 'Pods'
        ➜ Explicit dependency on target 'React-hermes' in project 'Pods'
        ➜ Explicit dependency on target 'React-jsi' in project 'Pods'
        ➜ Explicit dependency on target 'React-renderercss' in project 'Pods'
        ➜ Explicit dependency on target 'React-rendererdebug' in project 'Pods'
        ➜ Explicit dependency on target 'React-utils' in project 'Pods'
        ➜ Explicit dependency on target 'ReactCodegen' in project 'Pods'
        ➜ Explicit dependency on target 'ReactCommon' in project 'Pods'
        ➜ Explicit dependency on target 'Yoga' in project 'Pods'
        ➜ Explicit dependency on target 'glog' in project 'Pods'
        ➜ Explicit dependency on target 'hermes-engine' in project 'Pods'
    Target 'ReactAppDependencyProvider' in project 'Pods'
        ➜ Explicit dependency on target 'ReactCodegen' in project 'Pods'
    Target 'React-rncore' in project 'Pods' (no dependencies)
    Target 'React' in project 'Pods'
        ➜ Explicit dependency on target 'React-Core' in project 'Pods'
        ➜ Explicit dependency on target 'React-RCTActionSheet' in project 'Pods'
        ➜ Explicit dependency on target 'React-RCTAnimation' in project 'Pods'
        ➜ Explicit dependency on target 'React-RCTBlob' in project 'Pods'
        ➜ Explicit dependency on target 'React-RCTImage' in project 'Pods'
        ➜ Explicit dependency on target 'React-RCTLinking' in project 'Pods'
        ➜ Explicit dependency on target 'React-RCTNetwork' in project 'Pods'
        ➜ Explicit dependency on target 'React-RCTSettings' in project 'Pods'
        ➜ Explicit dependency on target 'React-RCTText' in project 'Pods'
        ➜ Explicit dependency on target 'React-RCTVibration' in project 'Pods'
    Target 'React-RCTVibration' in project 'Pods'
        ➜ Explicit dependency on target 'RCT-Folly' in project 'Pods'
        ➜ Explicit dependency on target 'React-Core' in project 'Pods'
        ➜ Explicit dependency on target 'React-NativeModulesApple' in project 'Pods'
        ➜ Explicit dependency on target 'React-RCTFBReactNativeSpec' in project 'Pods'
        ➜ Explicit dependency on target 'React-jsi' in project 'Pods'
        ➜ Explicit dependency on target 'ReactCommon' in project 'Pods'
    Target 'React-RCTSettings' in project 'Pods'
        ➜ Explicit dependency on target 'RCT-Folly' in project 'Pods'
        ➜ Explicit dependency on target 'RCTTypeSafety' in project 'Pods'
        ➜ Explicit dependency on target 'React-Core' in project 'Pods'
        ➜ Explicit dependency on target 'React-NativeModulesApple' in project 'Pods'
        ➜ Explicit dependency on target 'React-RCTFBReactNativeSpec' in project 'Pods'
        ➜ Explicit dependency on target 'React-jsi' in project 'Pods'
        ➜ Explicit dependency on target 'ReactCommon' in project 'Pods'
    Target 'React-RCTLinking' in project 'Pods'
        ➜ Explicit dependency on target 'React-Core' in project 'Pods'
        ➜ Explicit dependency on target 'React-NativeModulesApple' in project 'Pods'
        ➜ Explicit dependency on target 'React-RCTFBReactNativeSpec' in project 'Pods'
        ➜ Explicit dependency on target 'React-jsi' in project 'Pods'
        ➜ Explicit dependency on target 'ReactCommon' in project 'Pods'
    Target 'React-RCTActionSheet' in project 'Pods'
        ➜ Explicit dependency on target 'React-Core' in project 'Pods'
    Target 'RNVectorIcons' in project 'Pods'
        ➜ Explicit dependency on target 'DoubleConversion' in project 'Pods'
        ➜ Explicit dependency on target 'RCT-Folly' in project 'Pods'
        ➜ Explicit dependency on target 'RCTRequired' in project 'Pods'
        ➜ Explicit dependency on target 'RCTTypeSafety' in project 'Pods'
        ➜ Explicit dependency on target 'React-Core' in project 'Pods'
        ➜ Explicit dependency on target 'React-Fabric' in project 'Pods'
        ➜ Explicit dependency on target 'React-ImageManager' in project 'Pods'
        ➜ Explicit dependency on target 'React-NativeModulesApple' in project 'Pods'
        ➜ Explicit dependency on target 'React-RCTFabric' in project 'Pods'
        ➜ Explicit dependency on target 'React-debug' in project 'Pods'
        ➜ Explicit dependency on target 'React-featureflags' in project 'Pods'
        ➜ Explicit dependency on target 'React-graphics' in project 'Pods'
        ➜ Explicit dependency on target 'React-hermes' in project 'Pods'
        ➜ Explicit dependency on target 'React-jsi' in project 'Pods'
        ➜ Explicit dependency on target 'React-renderercss' in project 'Pods'
        ➜ Explicit dependency on target 'React-rendererdebug' in project 'Pods'
        ➜ Explicit dependency on target 'React-utils' in project 'Pods'
        ➜ Explicit dependency on target 'ReactCodegen' in project 'Pods'
        ➜ Explicit dependency on target 'ReactCommon' in project 'Pods'
        ➜ Explicit dependency on target 'Yoga' in project 'Pods'
        ➜ Explicit dependency on target 'glog' in project 'Pods'
        ➜ Explicit dependency on target 'hermes-engine' in project 'Pods'
    Target 'RNScreens' in project 'Pods'
        ➜ Explicit dependency on target 'DoubleConversion' in project 'Pods'
        ➜ Explicit dependency on target 'RCT-Folly' in project 'Pods'
        ➜ Explicit dependency on target 'RCTRequired' in project 'Pods'
        ➜ Explicit dependency on target 'RCTTypeSafety' in project 'Pods'
        ➜ Explicit dependency on target 'React-Core' in project 'Pods'
        ➜ Explicit dependency on target 'React-Fabric' in project 'Pods'
        ➜ Explicit dependency on target 'React-ImageManager' in project 'Pods'
        ➜ Explicit dependency on target 'React-NativeModulesApple' in project 'Pods'
        ➜ Explicit dependency on target 'React-RCTFabric' in project 'Pods'
        ➜ Explicit dependency on target 'React-RCTImage' in project 'Pods'
        ➜ Explicit dependency on target 'React-debug' in project 'Pods'
        ➜ Explicit dependency on target 'React-featureflags' in project 'Pods'
        ➜ Explicit dependency on target 'React-graphics' in project 'Pods'
        ➜ Explicit dependency on target 'React-hermes' in project 'Pods'
        ➜ Explicit dependency on target 'React-jsi' in project 'Pods'
        ➜ Explicit dependency on target 'React-renderercss' in project 'Pods'
        ➜ Explicit dependency on target 'React-rendererdebug' in project 'Pods'
        ➜ Explicit dependency on target 'React-utils' in project 'Pods'
        ➜ Explicit dependency on target 'ReactCodegen' in project 'Pods'
        ➜ Explicit dependency on target 'ReactCommon' in project 'Pods'
        ➜ Explicit dependency on target 'Yoga' in project 'Pods'
        ➜ Explicit dependency on target 'glog' in project 'Pods'
        ➜ Explicit dependency on target 'hermes-engine' in project 'Pods'
    Target 'RNSVG' in project 'Pods'
        ➜ Explicit dependency on target 'RNSVG-RNSVGFilters' in project 'Pods'
        ➜ Explicit dependency on target 'React-Core' in project 'Pods'
    Target 'RNSVG-RNSVGFilters' in project 'Pods' (no dependencies)
    Target 'RNPermissions' in project 'Pods'
        ➜ Explicit dependency on target 'RNPermissions-RNPermissionsPrivacyInfo' in project 'Pods'
        ➜ Explicit dependency on target 'React-Core' in project 'Pods'
    Target 'RNPermissions-RNPermissionsPrivacyInfo' in project 'Pods' (no dependencies)
    Target 'RNGestureHandler' in project 'Pods'
        ➜ Explicit dependency on target 'DoubleConversion' in project 'Pods'
        ➜ Explicit dependency on target 'RCT-Folly' in project 'Pods'
        ➜ Explicit dependency on target 'RCTRequired' in project 'Pods'
        ➜ Explicit dependency on target 'RCTTypeSafety' in project 'Pods'
        ➜ Explicit dependency on target 'React-Core' in project 'Pods'
        ➜ Explicit dependency on target 'React-Fabric' in project 'Pods'
        ➜ Explicit dependency on target 'React-ImageManager' in project 'Pods'
        ➜ Explicit dependency on target 'React-NativeModulesApple' in project 'Pods'
        ➜ Explicit dependency on target 'React-RCTFabric' in project 'Pods'
        ➜ Explicit dependency on target 'React-debug' in project 'Pods'
        ➜ Explicit dependency on target 'React-featureflags' in project 'Pods'
        ➜ Explicit dependency on target 'React-graphics' in project 'Pods'
        ➜ Explicit dependency on target 'React-hermes' in project 'Pods'
        ➜ Explicit dependency on target 'React-jsi' in project 'Pods'
        ➜ Explicit dependency on target 'React-renderercss' in project 'Pods'
        ➜ Explicit dependency on target 'React-rendererdebug' in project 'Pods'
        ➜ Explicit dependency on target 'React-utils' in project 'Pods'
        ➜ Explicit dependency on target 'ReactCodegen' in project 'Pods'
        ➜ Explicit dependency on target 'ReactCommon' in project 'Pods'
        ➜ Explicit dependency on target 'Yoga' in project 'Pods'
        ➜ Explicit dependency on target 'glog' in project 'Pods'
        ➜ Explicit dependency on target 'hermes-engine' in project 'Pods'
    Target 'ReactCodegen' in project 'Pods'
        ➜ Explicit dependency on target 'DoubleConversion' in project 'Pods'
        ➜ Explicit dependency on target 'RCT-Folly' in project 'Pods'
        ➜ Explicit dependency on target 'RCTRequired' in project 'Pods'
        ➜ Explicit dependency on target 'RCTTypeSafety' in project 'Pods'
        ➜ Explicit dependency on target 'React-Core' in project 'Pods'
        ➜ Explicit dependency on target 'React-Fabric' in project 'Pods'
        ➜ Explicit dependency on target 'React-FabricImage' in project 'Pods'
        ➜ Explicit dependency on target 'React-NativeModulesApple' in project 'Pods'
        ➜ Explicit dependency on target 'React-RCTAppDelegate' in project 'Pods'
        ➜ Explicit dependency on target 'React-debug' in project 'Pods'
        ➜ Explicit dependency on target 'React-featureflags' in project 'Pods'
        ➜ Explicit dependency on target 'React-graphics' in project 'Pods'
        ➜ Explicit dependency on target 'React-hermes' in project 'Pods'
        ➜ Explicit dependency on target 'React-jsi' in project 'Pods'
        ➜ Explicit dependency on target 'React-jsiexecutor' in project 'Pods'
        ➜ Explicit dependency on target 'React-rendererdebug' in project 'Pods'
        ➜ Explicit dependency on target 'React-utils' in project 'Pods'
        ➜ Explicit dependency on target 'ReactCommon' in project 'Pods'
        ➜ Explicit dependency on target 'glog' in project 'Pods'
        ➜ Explicit dependency on target 'hermes-engine' in project 'Pods'
    Target 'React-RCTAppDelegate' in project 'Pods'
        ➜ Explicit dependency on target 'RCT-Folly' in project 'Pods'
        ➜ Explicit dependency on target 'RCTRequired' in project 'Pods'
        ➜ Explicit dependency on target 'RCTTypeSafety' in project 'Pods'
        ➜ Explicit dependency on target 'React-Core' in project 'Pods'
        ➜ Explicit dependency on target 'React-CoreModules' in project 'Pods'
        ➜ Explicit dependency on target 'React-Fabric' in project 'Pods'
        ➜ Explicit dependency on target 'React-NativeModulesApple' in project 'Pods'
        ➜ Explicit dependency on target 'React-RCTFBReactNativeSpec' in project 'Pods'
        ➜ Explicit dependency on target 'React-RCTFabric' in project 'Pods'
        ➜ Explicit dependency on target 'React-RCTImage' in project 'Pods'
        ➜ Explicit dependency on target 'React-RCTNetwork' in project 'Pods'
        ➜ Explicit dependency on target 'React-RCTRuntime' in project 'Pods'
        ➜ Explicit dependency on target 'React-RuntimeApple' in project 'Pods'
        ➜ Explicit dependency on target 'React-RuntimeCore' in project 'Pods'
        ➜ Explicit dependency on target 'React-debug' in project 'Pods'
        ➜ Explicit dependency on target 'React-defaultsnativemodule' in project 'Pods'
        ➜ Explicit dependency on target 'React-featureflags' in project 'Pods'
        ➜ Explicit dependency on target 'React-graphics' in project 'Pods'
        ➜ Explicit dependency on target 'React-hermes' in project 'Pods'
        ➜ Explicit dependency on target 'React-jsitooling' in project 'Pods'
        ➜ Explicit dependency on target 'React-rendererdebug' in project 'Pods'
        ➜ Explicit dependency on target 'React-runtimescheduler' in project 'Pods'
        ➜ Explicit dependency on target 'React-utils' in project 'Pods'
        ➜ Explicit dependency on target 'ReactCommon' in project 'Pods'
        ➜ Explicit dependency on target 'hermes-engine' in project 'Pods'
    Target 'React-defaultsnativemodule' in project 'Pods'
        ➜ Explicit dependency on target 'RCT-Folly' in project 'Pods'
        ➜ Explicit dependency on target 'React-RCTFBReactNativeSpec' in project 'Pods'
        ➜ Explicit dependency on target 'React-domnativemodule' in project 'Pods'
        ➜ Explicit dependency on target 'React-featureflagsnativemodule' in project 'Pods'
        ➜ Explicit dependency on target 'React-hermes' in project 'Pods'
        ➜ Explicit dependency on target 'React-idlecallbacksnativemodule' in project 'Pods'
        ➜ Explicit dependency on target 'React-jsi' in project 'Pods'
        ➜ Explicit dependency on target 'React-jsiexecutor' in project 'Pods'
        ➜ Explicit dependency on target 'React-microtasksnativemodule' in project 'Pods'
        ➜ Explicit dependency on target 'hermes-engine' in project 'Pods'
    Target 'React-microtasksnativemodule' in project 'Pods'
        ➜ Explicit dependency on target 'RCT-Folly' in project 'Pods'
        ➜ Explicit dependency on target 'React-RCTFBReactNativeSpec' in project 'Pods'
        ➜ Explicit dependency on target 'React-hermes' in project 'Pods'
        ➜ Explicit dependency on target 'React-jsi' in project 'Pods'
        ➜ Explicit dependency on target 'React-jsiexecutor' in project 'Pods'
        ➜ Explicit dependency on target 'ReactCommon' in project 'Pods'
        ➜ Explicit dependency on target 'hermes-engine' in project 'Pods'
    Target 'React-idlecallbacksnativemodule' in project 'Pods'
        ➜ Explicit dependency on target 'RCT-Folly' in project 'Pods'
        ➜ Explicit dependency on target 'React-RCTFBReactNativeSpec' in project 'Pods'
        ➜ Explicit dependency on target 'React-hermes' in project 'Pods'
        ➜ Explicit dependency on target 'React-jsi' in project 'Pods'
        ➜ Explicit dependency on target 'React-jsiexecutor' in project 'Pods'
        ➜ Explicit dependency on target 'React-runtimescheduler' in project 'Pods'
        ➜ Explicit dependency on target 'ReactCommon' in project 'Pods'
        ➜ Explicit dependency on target 'glog' in project 'Pods'
        ➜ Explicit dependency on target 'hermes-engine' in project 'Pods'
    Target 'React-featureflagsnativemodule' in project 'Pods'
        ➜ Explicit dependency on target 'RCT-Folly' in project 'Pods'
        ➜ Explicit dependency on target 'React-RCTFBReactNativeSpec' in project 'Pods'
        ➜ Explicit dependency on target 'React-featureflags' in project 'Pods'
        ➜ Explicit dependency on target 'React-hermes' in project 'Pods'
        ➜ Explicit dependency on target 'React-jsi' in project 'Pods'
        ➜ Explicit dependency on target 'React-jsiexecutor' in project 'Pods'
        ➜ Explicit dependency on target 'ReactCommon' in project 'Pods'
        ➜ Explicit dependency on target 'hermes-engine' in project 'Pods'
    Target 'React-domnativemodule' in project 'Pods'
        ➜ Explicit dependency on target 'RCT-Folly' in project 'Pods'
        ➜ Explicit dependency on target 'React-Fabric' in project 'Pods'
        ➜ Explicit dependency on target 'React-FabricComponents' in project 'Pods'
        ➜ Explicit dependency on target 'React-RCTFBReactNativeSpec' in project 'Pods'
        ➜ Explicit dependency on target 'React-graphics' in project 'Pods'
        ➜ Explicit dependency on target 'React-hermes' in project 'Pods'
        ➜ Explicit dependency on target 'React-jsi' in project 'Pods'
        ➜ Explicit dependency on target 'React-jsiexecutor' in project 'Pods'
        ➜ Explicit dependency on target 'ReactCommon' in project 'Pods'
        ➜ Explicit dependency on target 'Yoga' in project 'Pods'
        ➜ Explicit dependency on target 'hermes-engine' in project 'Pods'
    Target 'React-RCTRuntime' in project 'Pods'
        ➜ Explicit dependency on target 'RCT-Folly' in project 'Pods'
        ➜ Explicit dependency on target 'React-Core' in project 'Pods'
        ➜ Explicit dependency on target 'React-RuntimeApple' in project 'Pods'
        ➜ Explicit dependency on target 'React-RuntimeCore' in project 'Pods'
        ➜ Explicit dependency on target 'React-RuntimeHermes' in project 'Pods'
        ➜ Explicit dependency on target 'React-hermes' in project 'Pods'
        ➜ Explicit dependency on target 'React-jsi' in project 'Pods'
        ➜ Explicit dependency on target 'React-jsinspector' in project 'Pods'
        ➜ Explicit dependency on target 'React-jsinspectortracing' in project 'Pods'
        ➜ Explicit dependency on target 'React-jsitooling' in project 'Pods'
        ➜ Explicit dependency on target 'glog' in project 'Pods'
        ➜ Explicit dependency on target 'hermes-engine' in project 'Pods'
    Target 'React-RuntimeApple' in project 'Pods'
        ➜ Explicit dependency on target 'RCT-Folly' in project 'Pods'
        ➜ Explicit dependency on target 'React-Core' in project 'Pods'
        ➜ Explicit dependency on target 'React-CoreModules' in project 'Pods'
        ➜ Explicit dependency on target 'React-Mapbuffer' in project 'Pods'
        ➜ Explicit dependency on target 'React-NativeModulesApple' in project 'Pods'
        ➜ Explicit dependency on target 'React-RCTFBReactNativeSpec' in project 'Pods'
        ➜ Explicit dependency on target 'React-RCTFabric' in project 'Pods'
        ➜ Explicit dependency on target 'React-RuntimeCore' in project 'Pods'
        ➜ Explicit dependency on target 'React-RuntimeHermes' in project 'Pods'
        ➜ Explicit dependency on target 'React-callinvoker' in project 'Pods'
        ➜ Explicit dependency on target 'React-cxxreact' in project 'Pods'
        ➜ Explicit dependency on target 'React-featureflags' in project 'Pods'
        ➜ Explicit dependency on target 'React-jserrorhandler' in project 'Pods'
        ➜ Explicit dependency on target 'React-jsi' in project 'Pods'
        ➜ Explicit dependency on target 'React-jsiexecutor' in project 'Pods'
        ➜ Explicit dependency on target 'React-jsinspector' in project 'Pods'
        ➜ Explicit dependency on target 'React-jsitooling' in project 'Pods'
        ➜ Explicit dependency on target 'React-runtimeexecutor' in project 'Pods'
        ➜ Explicit dependency on target 'React-runtimescheduler' in project 'Pods'
        ➜ Explicit dependency on target 'React-utils' in project 'Pods'
        ➜ Explicit dependency on target 'hermes-engine' in project 'Pods'
    Target 'React-RuntimeHermes' in project 'Pods'
        ➜ Explicit dependency on target 'RCT-Folly' in project 'Pods'
        ➜ Explicit dependency on target 'React-RuntimeCore' in project 'Pods'
        ➜ Explicit dependency on target 'React-featureflags' in project 'Pods'
        ➜ Explicit dependency on target 'React-hermes' in project 'Pods'
        ➜ Explicit dependency on target 'React-jsi' in project 'Pods'
        ➜ Explicit dependency on target 'React-jsinspector' in project 'Pods'
        ➜ Explicit dependency on target 'React-jsinspectortracing' in project 'Pods'
        ➜ Explicit dependency on target 'React-jsitooling' in project 'Pods'
        ➜ Explicit dependency on target 'React-jsitracing' in project 'Pods'
        ➜ Explicit dependency on target 'React-utils' in project 'Pods'
        ➜ Explicit dependency on target 'hermes-engine' in project 'Pods'
    Target 'React-jsitracing' in project 'Pods'
        ➜ Explicit dependency on target 'React-jsi' in project 'Pods'
    Target 'React-RuntimeCore' in project 'Pods'
        ➜ Explicit dependency on target 'RCT-Folly' in project 'Pods'
        ➜ Explicit dependency on target 'React-Fabric' in project 'Pods'
        ➜ Explicit dependency on target 'React-cxxreact' in project 'Pods'
        ➜ Explicit dependency on target 'React-featureflags' in project 'Pods'
        ➜ Explicit dependency on target 'React-hermes' in project 'Pods'
        ➜ Explicit dependency on target 'React-jserrorhandler' in project 'Pods'
        ➜ Explicit dependency on target 'React-jsi' in project 'Pods'
        ➜ Explicit dependency on target 'React-jsiexecutor' in project 'Pods'
        ➜ Explicit dependency on target 'React-jsinspector' in project 'Pods'
        ➜ Explicit dependency on target 'React-jsitooling' in project 'Pods'
        ➜ Explicit dependency on target 'React-performancetimeline' in project 'Pods'
        ➜ Explicit dependency on target 'React-runtimeexecutor' in project 'Pods'
        ➜ Explicit dependency on target 'React-runtimescheduler' in project 'Pods'
        ➜ Explicit dependency on target 'React-utils' in project 'Pods'
        ➜ Explicit dependency on target 'glog' in project 'Pods'
        ➜ Explicit dependency on target 'hermes-engine' in project 'Pods'
    Target 'React-jserrorhandler' in project 'Pods'
        ➜ Explicit dependency on target 'RCT-Folly' in project 'Pods'
        ➜ Explicit dependency on target 'React-cxxreact' in project 'Pods'
        ➜ Explicit dependency on target 'React-debug' in project 'Pods'
        ➜ Explicit dependency on target 'React-featureflags' in project 'Pods'
        ➜ Explicit dependency on target 'React-jsi' in project 'Pods'
        ➜ Explicit dependency on target 'ReactCommon' in project 'Pods'
        ➜ Explicit dependency on target 'glog' in project 'Pods'
        ➜ Explicit dependency on target 'hermes-engine' in project 'Pods'
    Target 'React-Mapbuffer' in project 'Pods'
        ➜ Explicit dependency on target 'React-debug' in project 'Pods'
        ➜ Explicit dependency on target 'glog' in project 'Pods'
    Target 'React-CoreModules' in project 'Pods'
        ➜ Explicit dependency on target 'DoubleConversion' in project 'Pods'
        ➜ Explicit dependency on target 'RCT-Folly' in project 'Pods'
        ➜ Explicit dependency on target 'RCTTypeSafety' in project 'Pods'
        ➜ Explicit dependency on target 'React-Core' in project 'Pods'
        ➜ Explicit dependency on target 'React-NativeModulesApple' in project 'Pods'
        ➜ Explicit dependency on target 'React-RCTBlob' in project 'Pods'
        ➜ Explicit dependency on target 'React-RCTFBReactNativeSpec' in project 'Pods'
        ➜ Explicit dependency on target 'React-RCTImage' in project 'Pods'
        ➜ Explicit dependency on target 'React-jsi' in project 'Pods'
        ➜ Explicit dependency on target 'React-jsinspector' in project 'Pods'
        ➜ Explicit dependency on target 'React-jsinspectortracing' in project 'Pods'
        ➜ Explicit dependency on target 'ReactCommon' in project 'Pods'
        ➜ Explicit dependency on target 'SocketRocket' in project 'Pods'
        ➜ Explicit dependency on target 'fast_float' in project 'Pods'
        ➜ Explicit dependency on target 'fmt' in project 'Pods'
    Target 'React-RCTBlob' in project 'Pods'
        ➜ Explicit dependency on target 'DoubleConversion' in project 'Pods'
        ➜ Explicit dependency on target 'RCT-Folly' in project 'Pods'
        ➜ Explicit dependency on target 'React-Core' in project 'Pods'
        ➜ Explicit dependency on target 'React-NativeModulesApple' in project 'Pods'
        ➜ Explicit dependency on target 'React-RCTFBReactNativeSpec' in project 'Pods'
        ➜ Explicit dependency on target 'React-RCTNetwork' in project 'Pods'
        ➜ Explicit dependency on target 'React-jsi' in project 'Pods'
        ➜ Explicit dependency on target 'React-jsinspector' in project 'Pods'
        ➜ Explicit dependency on target 'ReactCommon' in project 'Pods'
        ➜ Explicit dependency on target 'fast_float' in project 'Pods'
        ➜ Explicit dependency on target 'fmt' in project 'Pods'
        ➜ Explicit dependency on target 'hermes-engine' in project 'Pods'
    Target 'React-RCTFabric' in project 'Pods'
        ➜ Explicit dependency on target 'RCT-Folly' in project 'Pods'
        ➜ Explicit dependency on target 'React-Core' in project 'Pods'
        ➜ Explicit dependency on target 'React-Fabric' in project 'Pods'
        ➜ Explicit dependency on target 'React-FabricComponents' in project 'Pods'
        ➜ Explicit dependency on target 'React-FabricImage' in project 'Pods'
        ➜ Explicit dependency on target 'React-ImageManager' in project 'Pods'
        ➜ Explicit dependency on target 'React-RCTAnimation' in project 'Pods'
        ➜ Explicit dependency on target 'React-RCTImage' in project 'Pods'
        ➜ Explicit dependency on target 'React-RCTText' in project 'Pods'
        ➜ Explicit dependency on target 'React-debug' in project 'Pods'
        ➜ Explicit dependency on target 'React-featureflags' in project 'Pods'
        ➜ Explicit dependency on target 'React-graphics' in project 'Pods'
        ➜ Explicit dependency on target 'React-hermes' in project 'Pods'
        ➜ Explicit dependency on target 'React-jsi' in project 'Pods'
        ➜ Explicit dependency on target 'React-jsinspector' in project 'Pods'
        ➜ Explicit dependency on target 'React-jsinspectortracing' in project 'Pods'
        ➜ Explicit dependency on target 'React-performancetimeline' in project 'Pods'
        ➜ Explicit dependency on target 'React-rendererconsistency' in project 'Pods'
        ➜ Explicit dependency on target 'React-renderercss' in project 'Pods'
        ➜ Explicit dependency on target 'React-rendererdebug' in project 'Pods'
        ➜ Explicit dependency on target 'React-runtimescheduler' in project 'Pods'
        ➜ Explicit dependency on target 'React-utils' in project 'Pods'
        ➜ Explicit dependency on target 'Yoga' in project 'Pods'
        ➜ Explicit dependency on target 'glog' in project 'Pods'
        ➜ Explicit dependency on target 'hermes-engine' in project 'Pods'
    Target 'React-RCTText' in project 'Pods'
        ➜ Explicit dependency on target 'React-Core' in project 'Pods'
        ➜ Explicit dependency on target 'Yoga' in project 'Pods'
    Target 'React-RCTImage' in project 'Pods'
        ➜ Explicit dependency on target 'RCT-Folly' in project 'Pods'
        ➜ Explicit dependency on target 'RCTTypeSafety' in project 'Pods'
        ➜ Explicit dependency on target 'React-Core' in project 'Pods'
        ➜ Explicit dependency on target 'React-NativeModulesApple' in project 'Pods'
        ➜ Explicit dependency on target 'React-RCTFBReactNativeSpec' in project 'Pods'
        ➜ Explicit dependency on target 'React-RCTNetwork' in project 'Pods'
        ➜ Explicit dependency on target 'React-jsi' in project 'Pods'
        ➜ Explicit dependency on target 'ReactCommon' in project 'Pods'
    Target 'React-RCTNetwork' in project 'Pods'
        ➜ Explicit dependency on target 'RCT-Folly' in project 'Pods'
        ➜ Explicit dependency on target 'RCTTypeSafety' in project 'Pods'
        ➜ Explicit dependency on target 'React-Core' in project 'Pods'
        ➜ Explicit dependency on target 'React-NativeModulesApple' in project 'Pods'
        ➜ Explicit dependency on target 'React-RCTFBReactNativeSpec' in project 'Pods'
        ➜ Explicit dependency on target 'React-jsi' in project 'Pods'
        ➜ Explicit dependency on target 'ReactCommon' in project 'Pods'
    Target 'React-RCTAnimation' in project 'Pods'
        ➜ Explicit dependency on target 'RCT-Folly' in project 'Pods'
        ➜ Explicit dependency on target 'RCTTypeSafety' in project 'Pods'
        ➜ Explicit dependency on target 'React-Core' in project 'Pods'
        ➜ Explicit dependency on target 'React-NativeModulesApple' in project 'Pods'
        ➜ Explicit dependency on target 'React-RCTFBReactNativeSpec' in project 'Pods'
        ➜ Explicit dependency on target 'React-jsi' in project 'Pods'
        ➜ Explicit dependency on target 'ReactCommon' in project 'Pods'
    Target 'React-RCTFBReactNativeSpec' in project 'Pods'
        ➜ Explicit dependency on target 'RCT-Folly' in project 'Pods'
        ➜ Explicit dependency on target 'RCTRequired' in project 'Pods'
        ➜ Explicit dependency on target 'RCTTypeSafety' in project 'Pods'
        ➜ Explicit dependency on target 'React-Core' in project 'Pods'
        ➜ Explicit dependency on target 'React-NativeModulesApple' in project 'Pods'
        ➜ Explicit dependency on target 'React-hermes' in project 'Pods'
        ➜ Explicit dependency on target 'React-jsi' in project 'Pods'
        ➜ Explicit dependency on target 'React-jsiexecutor' in project 'Pods'
        ➜ Explicit dependency on target 'ReactCommon' in project 'Pods'
        ➜ Explicit dependency on target 'hermes-engine' in project 'Pods'
    Target 'React-FabricImage' in project 'Pods'
        ➜ Explicit dependency on target 'DoubleConversion' in project 'Pods'
        ➜ Explicit dependency on target 'RCT-Folly' in project 'Pods'
        ➜ Explicit dependency on target 'RCTRequired' in project 'Pods'
        ➜ Explicit dependency on target 'RCTTypeSafety' in project 'Pods'
        ➜ Explicit dependency on target 'React-Fabric' in project 'Pods'
        ➜ Explicit dependency on target 'React-ImageManager' in project 'Pods'
        ➜ Explicit dependency on target 'React-featureflags' in project 'Pods'
        ➜ Explicit dependency on target 'React-graphics' in project 'Pods'
        ➜ Explicit dependency on target 'React-hermes' in project 'Pods'
        ➜ Explicit dependency on target 'React-jsi' in project 'Pods'
        ➜ Explicit dependency on target 'React-jsiexecutor' in project 'Pods'
        ➜ Explicit dependency on target 'React-logger' in project 'Pods'
        ➜ Explicit dependency on target 'React-rendererdebug' in project 'Pods'
        ➜ Explicit dependency on target 'React-utils' in project 'Pods'
        ➜ Explicit dependency on target 'ReactCommon' in project 'Pods'
        ➜ Explicit dependency on target 'Yoga' in project 'Pods'
        ➜ Explicit dependency on target 'fast_float' in project 'Pods'
        ➜ Explicit dependency on target 'fmt' in project 'Pods'
        ➜ Explicit dependency on target 'glog' in project 'Pods'
        ➜ Explicit dependency on target 'hermes-engine' in project 'Pods'
    Target 'React-FabricComponents' in project 'Pods'
        ➜ Explicit dependency on target 'DoubleConversion' in project 'Pods'
        ➜ Explicit dependency on target 'RCT-Folly' in project 'Pods'
        ➜ Explicit dependency on target 'RCTRequired' in project 'Pods'
        ➜ Explicit dependency on target 'RCTTypeSafety' in project 'Pods'
        ➜ Explicit dependency on target 'React-Core' in project 'Pods'
        ➜ Explicit dependency on target 'React-Fabric' in project 'Pods'
        ➜ Explicit dependency on target 'React-cxxreact' in project 'Pods'
        ➜ Explicit dependency on target 'React-debug' in project 'Pods'
        ➜ Explicit dependency on target 'React-featureflags' in project 'Pods'
        ➜ Explicit dependency on target 'React-graphics' in project 'Pods'
        ➜ Explicit dependency on target 'React-hermes' in project 'Pods'
        ➜ Explicit dependency on target 'React-jsi' in project 'Pods'
        ➜ Explicit dependency on target 'React-jsiexecutor' in project 'Pods'
        ➜ Explicit dependency on target 'React-logger' in project 'Pods'
        ➜ Explicit dependency on target 'React-rendererdebug' in project 'Pods'
        ➜ Explicit dependency on target 'React-runtimescheduler' in project 'Pods'
        ➜ Explicit dependency on target 'React-utils' in project 'Pods'
        ➜ Explicit dependency on target 'ReactCommon' in project 'Pods'
        ➜ Explicit dependency on target 'Yoga' in project 'Pods'
        ➜ Explicit dependency on target 'fast_float' in project 'Pods'
        ➜ Explicit dependency on target 'fmt' in project 'Pods'
        ➜ Explicit dependency on target 'glog' in project 'Pods'
        ➜ Explicit dependency on target 'hermes-engine' in project 'Pods'
    Target 'React-NativeModulesApple' in project 'Pods'
        ➜ Explicit dependency on target 'React-Core' in project 'Pods'
        ➜ Explicit dependency on target 'React-callinvoker' in project 'Pods'
        ➜ Explicit dependency on target 'React-cxxreact' in project 'Pods'
        ➜ Explicit dependency on target 'React-featureflags' in project 'Pods'
        ➜ Explicit dependency on target 'React-hermes' in project 'Pods'
        ➜ Explicit dependency on target 'React-jsi' in project 'Pods'
        ➜ Explicit dependency on target 'React-jsinspector' in project 'Pods'
        ➜ Explicit dependency on target 'React-runtimeexecutor' in project 'Pods'
        ➜ Explicit dependency on target 'ReactCommon' in project 'Pods'
        ➜ Explicit dependency on target 'glog' in project 'Pods'
        ➜ Explicit dependency on target 'hermes-engine' in project 'Pods'
    Target 'React-ImageManager' in project 'Pods'
        ➜ Explicit dependency on target 'RCT-Folly' in project 'Pods'
        ➜ Explicit dependency on target 'React-Core' in project 'Pods'
        ➜ Explicit dependency on target 'React-Fabric' in project 'Pods'
        ➜ Explicit dependency on target 'React-debug' in project 'Pods'
        ➜ Explicit dependency on target 'React-graphics' in project 'Pods'
        ➜ Explicit dependency on target 'React-rendererdebug' in project 'Pods'
        ➜ Explicit dependency on target 'React-utils' in project 'Pods'
        ➜ Explicit dependency on target 'glog' in project 'Pods'
    Target 'React-Fabric' in project 'Pods'
        ➜ Explicit dependency on target 'DoubleConversion' in project 'Pods'
        ➜ Explicit dependency on target 'RCT-Folly' in project 'Pods'
        ➜ Explicit dependency on target 'RCTRequired' in project 'Pods'
        ➜ Explicit dependency on target 'RCTTypeSafety' in project 'Pods'
        ➜ Explicit dependency on target 'React-Core' in project 'Pods'
        ➜ Explicit dependency on target 'React-cxxreact' in project 'Pods'
        ➜ Explicit dependency on target 'React-debug' in project 'Pods'
        ➜ Explicit dependency on target 'React-featureflags' in project 'Pods'
        ➜ Explicit dependency on target 'React-graphics' in project 'Pods'
        ➜ Explicit dependency on target 'React-hermes' in project 'Pods'
        ➜ Explicit dependency on target 'React-jsi' in project 'Pods'
        ➜ Explicit dependency on target 'React-jsiexecutor' in project 'Pods'
        ➜ Explicit dependency on target 'React-logger' in project 'Pods'
        ➜ Explicit dependency on target 'React-performancetimeline' in project 'Pods'
        ➜ Explicit dependency on target 'React-rendererconsistency' in project 'Pods'
        ➜ Explicit dependency on target 'React-renderercss' in project 'Pods'
        ➜ Explicit dependency on target 'React-rendererdebug' in project 'Pods'
        ➜ Explicit dependency on target 'React-runtimescheduler' in project 'Pods'
        ➜ Explicit dependency on target 'React-utils' in project 'Pods'
        ➜ Explicit dependency on target 'ReactCommon' in project 'Pods'
        ➜ Explicit dependency on target 'Yoga' in project 'Pods'
        ➜ Explicit dependency on target 'fast_float' in project 'Pods'
        ➜ Explicit dependency on target 'fmt' in project 'Pods'
        ➜ Explicit dependency on target 'glog' in project 'Pods'
        ➜ Explicit dependency on target 'hermes-engine' in project 'Pods'
    Target 'ReactCommon' in project 'Pods'
        ➜ Explicit dependency on target 'DoubleConversion' in project 'Pods'
        ➜ Explicit dependency on target 'RCT-Folly' in project 'Pods'
        ➜ Explicit dependency on target 'React-callinvoker' in project 'Pods'
        ➜ Explicit dependency on target 'React-cxxreact' in project 'Pods'
        ➜ Explicit dependency on target 'React-debug' in project 'Pods'
        ➜ Explicit dependency on target 'React-featureflags' in project 'Pods'
        ➜ Explicit dependency on target 'React-jsi' in project 'Pods'
        ➜ Explicit dependency on target 'React-logger' in project 'Pods'
        ➜ Explicit dependency on target 'React-perflogger' in project 'Pods'
        ➜ Explicit dependency on target 'React-utils' in project 'Pods'
        ➜ Explicit dependency on target 'fast_float' in project 'Pods'
        ➜ Explicit dependency on target 'fmt' in project 'Pods'
        ➜ Explicit dependency on target 'glog' in project 'Pods'
        ➜ Explicit dependency on target 'hermes-engine' in project 'Pods'
    Target 'React-renderercss' in project 'Pods'
        ➜ Explicit dependency on target 'React-debug' in project 'Pods'
        ➜ Explicit dependency on target 'React-utils' in project 'Pods'
    Target 'React-graphics' in project 'Pods'
        ➜ Explicit dependency on target 'DoubleConversion' in project 'Pods'
        ➜ Explicit dependency on target 'RCT-Folly' in project 'Pods'
        ➜ Explicit dependency on target 'React-hermes' in project 'Pods'
        ➜ Explicit dependency on target 'React-jsi' in project 'Pods'
        ➜ Explicit dependency on target 'React-jsiexecutor' in project 'Pods'
        ➜ Explicit dependency on target 'React-utils' in project 'Pods'
        ➜ Explicit dependency on target 'fast_float' in project 'Pods'
        ➜ Explicit dependency on target 'fmt' in project 'Pods'
        ➜ Explicit dependency on target 'glog' in project 'Pods'
        ➜ Explicit dependency on target 'hermes-engine' in project 'Pods'
    Target 'RNDateTimePicker' in project 'Pods'
        ➜ Explicit dependency on target 'React-Core' in project 'Pods'
    Target 'RNCAsyncStorage' in project 'Pods'
        ➜ Explicit dependency on target 'RNCAsyncStorage-RNCAsyncStorage_resources' in project 'Pods'
        ➜ Explicit dependency on target 'React-Core' in project 'Pods'
    Target 'RNCAsyncStorage-RNCAsyncStorage_resources' in project 'Pods' (no dependencies)
    Target 'RCTTypeSafety' in project 'Pods'
        ➜ Explicit dependency on target 'FBLazyVector' in project 'Pods'
        ➜ Explicit dependency on target 'RCTRequired' in project 'Pods'
        ➜ Explicit dependency on target 'React-Core' in project 'Pods'
    Target 'RCTRequired' in project 'Pods' (no dependencies)
    Target 'FBLazyVector' in project 'Pods' (no dependencies)
    Target 'BVLinearGradient' in project 'Pods'
        ➜ Explicit dependency on target 'React-Core' in project 'Pods'
    Target 'React-Core' in project 'Pods'
        ➜ Explicit dependency on target 'RCT-Folly' in project 'Pods'
        ➜ Explicit dependency on target 'RCTDeprecation' in project 'Pods'
        ➜ Explicit dependency on target 'React-Core-React-Core_privacy' in project 'Pods'
        ➜ Explicit dependency on target 'React-cxxreact' in project 'Pods'
        ➜ Explicit dependency on target 'React-featureflags' in project 'Pods'
        ➜ Explicit dependency on target 'React-hermes' in project 'Pods'
        ➜ Explicit dependency on target 'React-jsi' in project 'Pods'
        ➜ Explicit dependency on target 'React-jsiexecutor' in project 'Pods'
        ➜ Explicit dependency on target 'React-jsinspector' in project 'Pods'
        ➜ Explicit dependency on target 'React-jsitooling' in project 'Pods'
        ➜ Explicit dependency on target 'React-perflogger' in project 'Pods'
        ➜ Explicit dependency on target 'React-runtimescheduler' in project 'Pods'
        ➜ Explicit dependency on target 'React-utils' in project 'Pods'
        ➜ Explicit dependency on target 'SocketRocket' in project 'Pods'
        ➜ Explicit dependency on target 'Yoga' in project 'Pods'
        ➜ Explicit dependency on target 'glog' in project 'Pods'
        ➜ Explicit dependency on target 'hermes-engine' in project 'Pods'
    Target 'Yoga' in project 'Pods' (no dependencies)
    Target 'SocketRocket' in project 'Pods' (no dependencies)
    Target 'React-runtimescheduler' in project 'Pods'
        ➜ Explicit dependency on target 'RCT-Folly' in project 'Pods'
        ➜ Explicit dependency on target 'React-callinvoker' in project 'Pods'
        ➜ Explicit dependency on target 'React-cxxreact' in project 'Pods'
        ➜ Explicit dependency on target 'React-debug' in project 'Pods'
        ➜ Explicit dependency on target 'React-featureflags' in project 'Pods'
        ➜ Explicit dependency on target 'React-hermes' in project 'Pods'
        ➜ Explicit dependency on target 'React-jsi' in project 'Pods'
        ➜ Explicit dependency on target 'React-jsinspectortracing' in project 'Pods'
        ➜ Explicit dependency on target 'React-performancetimeline' in project 'Pods'
        ➜ Explicit dependency on target 'React-rendererconsistency' in project 'Pods'
        ➜ Explicit dependency on target 'React-rendererdebug' in project 'Pods'
        ➜ Explicit dependency on target 'React-runtimeexecutor' in project 'Pods'
        ➜ Explicit dependency on target 'React-timing' in project 'Pods'
        ➜ Explicit dependency on target 'React-utils' in project 'Pods'
        ➜ Explicit dependency on target 'glog' in project 'Pods'
        ➜ Explicit dependency on target 'hermes-engine' in project 'Pods'
    Target 'React-utils' in project 'Pods'
        ➜ Explicit dependency on target 'RCT-Folly' in project 'Pods'
        ➜ Explicit dependency on target 'React-debug' in project 'Pods'
        ➜ Explicit dependency on target 'React-hermes' in project 'Pods'
        ➜ Explicit dependency on target 'React-jsi' in project 'Pods'
        ➜ Explicit dependency on target 'glog' in project 'Pods'
        ➜ Explicit dependency on target 'hermes-engine' in project 'Pods'
    Target 'React-rendererdebug' in project 'Pods'
        ➜ Explicit dependency on target 'DoubleConversion' in project 'Pods'
        ➜ Explicit dependency on target 'RCT-Folly' in project 'Pods'
        ➜ Explicit dependency on target 'React-debug' in project 'Pods'
        ➜ Explicit dependency on target 'fast_float' in project 'Pods'
        ➜ Explicit dependency on target 'fmt' in project 'Pods'
    Target 'React-rendererconsistency' in project 'Pods' (no dependencies)
    Target 'React-performancetimeline' in project 'Pods'
        ➜ Explicit dependency on target 'RCT-Folly' in project 'Pods'
        ➜ Explicit dependency on target 'React-cxxreact' in project 'Pods'
        ➜ Explicit dependency on target 'React-featureflags' in project 'Pods'
        ➜ Explicit dependency on target 'React-jsinspectortracing' in project 'Pods'
        ➜ Explicit dependency on target 'React-perflogger' in project 'Pods'
        ➜ Explicit dependency on target 'React-timing' in project 'Pods'
    Target 'React-jsitooling' in project 'Pods'
        ➜ Explicit dependency on target 'DoubleConversion' in project 'Pods'
        ➜ Explicit dependency on target 'RCT-Folly' in project 'Pods'
        ➜ Explicit dependency on target 'React-cxxreact' in project 'Pods'
        ➜ Explicit dependency on target 'React-jsi' in project 'Pods'
        ➜ Explicit dependency on target 'React-jsinspector' in project 'Pods'
        ➜ Explicit dependency on target 'React-jsinspectortracing' in project 'Pods'
        ➜ Explicit dependency on target 'fast_float' in project 'Pods'
        ➜ Explicit dependency on target 'fmt' in project 'Pods'
        ➜ Explicit dependency on target 'glog' in project 'Pods'
    Target 'React-hermes' in project 'Pods'
        ➜ Explicit dependency on target 'DoubleConversion' in project 'Pods'
        ➜ Explicit dependency on target 'RCT-Folly' in project 'Pods'
        ➜ Explicit dependency on target 'React-cxxreact' in project 'Pods'
        ➜ Explicit dependency on target 'React-jsi' in project 'Pods'
        ➜ Explicit dependency on target 'React-jsiexecutor' in project 'Pods'
        ➜ Explicit dependency on target 'React-jsinspector' in project 'Pods'
        ➜ Explicit dependency on target 'React-jsinspectortracing' in project 'Pods'
        ➜ Explicit dependency on target 'React-perflogger' in project 'Pods'
        ➜ Explicit dependency on target 'React-runtimeexecutor' in project 'Pods'
        ➜ Explicit dependency on target 'fast_float' in project 'Pods'
        ➜ Explicit dependency on target 'fmt' in project 'Pods'
        ➜ Explicit dependency on target 'glog' in project 'Pods'
        ➜ Explicit dependency on target 'hermes-engine' in project 'Pods'
    Target 'React-jsiexecutor' in project 'Pods'
        ➜ Explicit dependency on target 'DoubleConversion' in project 'Pods'
        ➜ Explicit dependency on target 'RCT-Folly' in project 'Pods'
        ➜ Explicit dependency on target 'React-cxxreact' in project 'Pods'
        ➜ Explicit dependency on target 'React-jsi' in project 'Pods'
        ➜ Explicit dependency on target 'React-jsinspector' in project 'Pods'
        ➜ Explicit dependency on target 'React-jsinspectortracing' in project 'Pods'
        ➜ Explicit dependency on target 'React-perflogger' in project 'Pods'
        ➜ Explicit dependency on target 'fast_float' in project 'Pods'
        ➜ Explicit dependency on target 'fmt' in project 'Pods'
        ➜ Explicit dependency on target 'glog' in project 'Pods'
        ➜ Explicit dependency on target 'hermes-engine' in project 'Pods'
    Target 'React-cxxreact' in project 'Pods'
        ➜ Explicit dependency on target 'DoubleConversion' in project 'Pods'
        ➜ Explicit dependency on target 'RCT-Folly' in project 'Pods'
        ➜ Explicit dependency on target 'React-callinvoker' in project 'Pods'
        ➜ Explicit dependency on target 'React-cxxreact-React-cxxreact_privacy' in project 'Pods'
        ➜ Explicit dependency on target 'React-debug' in project 'Pods'
        ➜ Explicit dependency on target 'React-jsi' in project 'Pods'
        ➜ Explicit dependency on target 'React-jsinspector' in project 'Pods'
        ➜ Explicit dependency on target 'React-jsinspectortracing' in project 'Pods'
        ➜ Explicit dependency on target 'React-logger' in project 'Pods'
        ➜ Explicit dependency on target 'React-perflogger' in project 'Pods'
        ➜ Explicit dependency on target 'React-runtimeexecutor' in project 'Pods'
        ➜ Explicit dependency on target 'React-timing' in project 'Pods'
        ➜ Explicit dependency on target 'boost' in project 'Pods'
        ➜ Explicit dependency on target 'fast_float' in project 'Pods'
        ➜ Explicit dependency on target 'fmt' in project 'Pods'
        ➜ Explicit dependency on target 'glog' in project 'Pods'
        ➜ Explicit dependency on target 'hermes-engine' in project 'Pods'
    Target 'React-timing' in project 'Pods' (no dependencies)
    Target 'React-logger' in project 'Pods'
        ➜ Explicit dependency on target 'glog' in project 'Pods'
    Target 'React-jsinspector' in project 'Pods'
        ➜ Explicit dependency on target 'DoubleConversion' in project 'Pods'
        ➜ Explicit dependency on target 'RCT-Folly' in project 'Pods'
        ➜ Explicit dependency on target 'React-featureflags' in project 'Pods'
        ➜ Explicit dependency on target 'React-jsi' in project 'Pods'
        ➜ Explicit dependency on target 'React-jsinspectortracing' in project 'Pods'
        ➜ Explicit dependency on target 'React-perflogger' in project 'Pods'
        ➜ Explicit dependency on target 'React-runtimeexecutor' in project 'Pods'
        ➜ Explicit dependency on target 'glog' in project 'Pods'
        ➜ Explicit dependency on target 'hermes-engine' in project 'Pods'
    Target 'React-runtimeexecutor' in project 'Pods'
        ➜ Explicit dependency on target 'React-jsi' in project 'Pods'
    Target 'React-perflogger' in project 'Pods'
        ➜ Explicit dependency on target 'DoubleConversion' in project 'Pods'
        ➜ Explicit dependency on target 'RCT-Folly' in project 'Pods'
    Target 'React-jsinspectortracing' in project 'Pods'
        ➜ Explicit dependency on target 'RCT-Folly' in project 'Pods'
        ➜ Explicit dependency on target 'React-oscompat' in project 'Pods'
    Target 'React-oscompat' in project 'Pods' (no dependencies)
    Target 'React-featureflags' in project 'Pods'
        ➜ Explicit dependency on target 'RCT-Folly' in project 'Pods'
    Target 'React-jsi' in project 'Pods'
        ➜ Explicit dependency on target 'DoubleConversion' in project 'Pods'
        ➜ Explicit dependency on target 'RCT-Folly' in project 'Pods'
        ➜ Explicit dependency on target 'boost' in project 'Pods'
        ➜ Explicit dependency on target 'fast_float' in project 'Pods'
        ➜ Explicit dependency on target 'fmt' in project 'Pods'
        ➜ Explicit dependency on target 'glog' in project 'Pods'
        ➜ Explicit dependency on target 'hermes-engine' in project 'Pods'
    Target 'hermes-engine' in project 'Pods' (no dependencies)
    Target 'React-debug' in project 'Pods' (no dependencies)
    Target 'React-cxxreact-React-cxxreact_privacy' in project 'Pods' (no dependencies)
    Target 'React-callinvoker' in project 'Pods' (no dependencies)
    Target 'React-Core-React-Core_privacy' in project 'Pods' (no dependencies)
    Target 'RCTDeprecation' in project 'Pods' (no dependencies)
    Target 'RCT-Folly' in project 'Pods'
        ➜ Explicit dependency on target 'DoubleConversion' in project 'Pods'
        ➜ Explicit dependency on target 'RCT-Folly-RCT-Folly_privacy' in project 'Pods'
        ➜ Explicit dependency on target 'boost' in project 'Pods'
        ➜ Explicit dependency on target 'fast_float' in project 'Pods'
        ➜ Explicit dependency on target 'fmt' in project 'Pods'
        ➜ Explicit dependency on target 'glog' in project 'Pods'
    Target 'glog' in project 'Pods'
        ➜ Explicit dependency on target 'glog-glog_privacy' in project 'Pods'
    Target 'glog-glog_privacy' in project 'Pods' (no dependencies)
    Target 'fmt' in project 'Pods' (no dependencies)
    Target 'fast_float' in project 'Pods' (no dependencies)
    Target 'boost' in project 'Pods'
        ➜ Explicit dependency on target 'boost-boost_privacy' in project 'Pods'
    Target 'boost-boost_privacy' in project 'Pods' (no dependencies)
    Target 'RCT-Folly-RCT-Folly_privacy' in project 'Pods' (no dependencies)
    Target 'DoubleConversion' in project 'Pods' (no dependencies)

GatherProvisioningInputs

CreateBuildDescription

ExecuteExternalTool /Applications/Xcode.app/Contents/Developer/Toolchains/XcodeDefault.xctoolchain/usr/bin/clang -v -E -dM -arch arm64 -isysroot /Applications/Xcode.app/Contents/Developer/Platforms/iPhoneOS.platform/Developer/SDKs/iPhoneOS26.2.sdk -x c++ -c /dev/null

ExecuteExternalTool /Applications/Xcode.app/Contents/Developer/Toolchains/XcodeDefault.xctoolchain/usr/bin/clang -v -E -dM -arch arm64 -isysroot /Applications/Xcode.app/Contents/Developer/Platforms/iPhoneOS.platform/Developer/SDKs/iPhoneOS26.2.sdk -x objective-c -c /dev/null

ExecuteExternalTool /Applications/Xcode.app/Contents/Developer/Toolchains/XcodeDefault.xctoolchain/usr/bin/clang -v -E -dM -isysroot /Applications/Xcode.app/Contents/Developer/Platforms/iPhoneOS.platform/Developer/SDKs/iPhoneOS26.2.sdk -x c -c /dev/null

ExecuteExternalTool /Applications/Xcode.app/Contents/Developer/Toolchains/XcodeDefault.xctoolchain/usr/bin/clang -v -E -dM -arch arm64 -isysroot /Applications/Xcode.app/Contents/Developer/Platforms/iPhoneOS.platform/Developer/SDKs/iPhoneOS26.2.sdk -x c -c /dev/null

ExecuteExternalTool /Applications/Xcode.app/Contents/Developer/Toolchains/XcodeDefault.xctoolchain/usr/bin/clang -v -E -dM -arch arm64 -isysroot /Applications/Xcode.app/Contents/Developer/Platforms/iPhoneOS.platform/Developer/SDKs/iPhoneOS26.2.sdk -x objective-c++ -c /dev/null

ExecuteExternalTool /Applications/Xcode.app/Contents/Developer/Toolchains/XcodeDefault.xctoolchain/usr/bin/libtool -V

ExecuteExternalTool /Applications/Xcode.app/Contents/Developer/Toolchains/XcodeDefault.xctoolchain/usr/bin/swiftc --version

ExecuteExternalTool /Applications/Xcode.app/Contents/Developer/usr/bin/ibtool --version --output-format xml1

ExecuteExternalTool /Applications/Xcode.app/Contents/Developer/usr/bin/actool --print-asset-tag-combinations --output-format xml1 /Users/viveksarkar/Desktop/Hatari_app/ios/Hatari/Images.xcassets

ExecuteExternalTool /Applications/Xcode.app/Contents/Developer/Toolchains/XcodeDefault.xctoolchain/usr/bin/clang -v -E -dM -arch arm64 -isysroot /Applications/Xcode.app/Contents/Developer/Platforms/iPhoneOS.platform/Developer/SDKs/iPhoneOS26.2.sdk -x assembler-with-cpp -c /dev/null

ExecuteExternalTool /Applications/Xcode.app/Contents/Developer/usr/bin/actool --version --output-format xml1

ExecuteExternalTool /Applications/Xcode.app/Contents/Developer/Toolchains/XcodeDefault.xctoolchain/usr/bin/ld -version_details

Build description signature: 552d5ce14a949c9fbc845c236eebe87b
Build description path: /Users/viveksarkar/Library/Developer/Xcode/DerivedData/Hatari-crnaywjepgfrrcdspvkwustrehyb/Build/Intermediates.noindex/XCBuildData/552d5ce14a949c9fbc845c236eebe87b.xcbuilddata
ClangStatCache /Applications/Xcode.app/Contents/Developer/Toolchains/XcodeDefault.xctoolchain/usr/bin/clang-stat-cache /Applications/Xcode.app/Contents/Developer/Platforms/iPhoneOS.platform/Developer/SDKs/iPhoneOS26.2.sdk /Users/viveksarkar/Library/Developer/Xcode/DerivedData/SDKStatCaches.noindex/iphoneos26.2-23C53-3794476bd08197c3e2abd9bb477ef7f7.sdkstatcache
    cd /Users/viveksarkar/Desktop/Hatari_app/ios
    /Applications/Xcode.app/Contents/Developer/Toolchains/XcodeDefault.xctoolchain/usr/bin/clang-stat-cache /Applications/Xcode.app/Contents/Developer/Platforms/iPhoneOS.platform/Developer/SDKs/iPhoneOS26.2.sdk -o /Users/viveksarkar/Library/Developer/Xcode/DerivedData/SDKStatCaches.noindex/iphoneos26.2-23C53-3794476bd08197c3e2abd9bb477ef7f7.sdkstatcache

PhaseScriptExecution [CP-User]\ [Hermes]\ Replace\ Hermes\ for\ the\ right\ configuration,\ if\ needed /Users/viveksarkar/Library/Developer/Xcode/DerivedData/Hatari-crnaywjepgfrrcdspvkwustrehyb/Build/Intermediates.noindex/Pods.build/Debug-iphoneos/hermes-engine.build/Script-46EB2E00020810.sh (in target 'hermes-engine' from project 'Pods')
    cd /Users/viveksarkar/Desktop/Hatari_app/ios/Pods
    export ACTION\=build
    export AD_HOC_CODE_SIGNING_ALLOWED\=NO
    export ALLOW_BUILD_REQUEST_OVERRIDES\=NO
    export ALLOW_TARGET_PLATFORM_SPECIALIZATION\=NO
    export ALTERNATE_GROUP\=staff
    export ALTERNATE_MODE\=u+w,go-w,a+rX
    export ALTERNATE_OWNER\=viveksarkar
    export ALTERNATIVE_DISTRIBUTION_WEB\=NO
    export ALWAYS_EMBED_SWIFT_STANDARD_LIBRARIES\=NO
    export ALWAYS_SEARCH_USER_PATHS\=NO
    export ALWAYS_USE_SEPARATE_HEADERMAPS\=NO
    export ANDROID_DEPLOYMENT_TARGET\=21.0
    export APPLICATION_EXTENSION_API_ONLY\=NO
    export APPLY_RULES_IN_COPY_FILES\=NO
    export APPLY_RULES_IN_COPY_HEADERS\=NO
    export APP_SHORTCUTS_ENABLE_FLEXIBLE_MATCHING\=YES
    export ARCHS\=arm64
    export ARCHS_STANDARD\=arm64
    export ARCHS_STANDARD_32_64_BIT\=armv7\ arm64
    export ARCHS_STANDARD_32_BIT\=armv7
    export ARCHS_STANDARD_64_BIT\=arm64
    export ARCHS_STANDARD_INCLUDING_64_BIT\=arm64
    export ARCHS_UNIVERSAL_IPHONE_OS\=armv7\ arm64
    export ASSETCATALOG_COMPILER_APPICON_NAME\=AppIcon
    export ASSETCATALOG_COMPILER_GLOBAL_ACCENT_COLOR_NAME\=AccentColor
    export AUTOMATICALLY_MERGE_DEPENDENCIES\=NO
    export AUTOMATION_APPLE_EVENTS\=NO
    export AVAILABLE_PLATFORMS\=android\ appletvos\ appletvsimulator\ driverkit\ iphoneos\ iphonesimulator\ macosx\ qnx\ watchos\ watchsimulator\ webassembly\ xros\ xrsimulator
    export BUILD_ACTIVE_RESOURCES_ONLY\=NO
    export BUILD_COMPONENTS\=headers\ build
    export BUILD_DIR\=/Users/viveksarkar/Library/Developer/Xcode/DerivedData/Hatari-crnaywjepgfrrcdspvkwustrehyb/Build/Products
    export BUILD_LIBRARY_FOR_DISTRIBUTION\=NO
    export BUILD_ROOT\=/Users/viveksarkar/Library/Developer/Xcode/DerivedData/Hatari-crnaywjepgfrrcdspvkwustrehyb/Build/Products
    export BUILD_STYLE\=
    export BUILD_VARIANTS\=normal
    export BUILT_PRODUCTS_DIR\=/Users/viveksarkar/Library/Developer/Xcode/DerivedData/Hatari-crnaywjepgfrrcdspvkwustrehyb/Build/Products/Debug-iphoneos/hermes-engine
    export BUNDLE_CONTENTS_FOLDER_PATH_deep\=Contents/
    export BUNDLE_EXECUTABLE_FOLDER_NAME_deep\=MacOS
    export BUNDLE_EXTENSIONS_FOLDER_PATH\=Extensions
    export BUNDLE_FORMAT\=shallow
    export BUNDLE_FRAMEWORKS_FOLDER_PATH\=Frameworks
    export BUNDLE_PLUGINS_FOLDER_PATH\=PlugIns
    export BUNDLE_PRIVATE_HEADERS_FOLDER_PATH\=PrivateHeaders
    export BUNDLE_PUBLIC_HEADERS_FOLDER_PATH\=Headers
    export CACHE_ROOT\=/var/folders/f3/1kcs5qp53tv85yg4g31v_rhh0000gn/C/com.apple.DeveloperTools/26.2-17C52/Xcode
    export CCHROOT\=/var/folders/f3/1kcs5qp53tv85yg4g31v_rhh0000gn/C/com.apple.DeveloperTools/26.2-17C52/Xcode
    export CHMOD\=/bin/chmod
    export CHOWN\=/usr/sbin/chown
    export CLANG_ALLOW_NON_MODULAR_INCLUDES_IN_FRAMEWORK_MODULES\=YES
    export CLANG_ANALYZER_LOCALIZABILITY_NONLOCALIZED\=YES
    export CLANG_ANALYZER_NONNULL\=YES
    export CLANG_ANALYZER_NUMBER_OBJECT_CONVERSION\=YES_AGGRESSIVE
    export CLANG_CACHE_FINE_GRAINED_OUTPUTS\=YES
    export CLANG_CXX_LANGUAGE_STANDARD\=c++20
    export CLANG_CXX_LIBRARY\=compiler-default
    export CLANG_ENABLE_EXPLICIT_MODULES\=YES
    export CLANG_ENABLE_MODULES\=YES
    export CLANG_ENABLE_OBJC_ARC\=YES
    export CLANG_ENABLE_OBJC_WEAK\=NO
    export CLANG_MODULES_BUILD_SESSION_FILE\=/Users/viveksarkar/Library/Developer/Xcode/DerivedData/ModuleCache.noindex/Session.modulevalidation
    export CLANG_WARN_BLOCK_CAPTURE_AUTORELEASING\=YES
    export CLANG_WARN_BOOL_CONVERSION\=YES
    export CLANG_WARN_COMMA\=YES
    export CLANG_WARN_CONSTANT_CONVERSION\=YES
    export CLANG_WARN_DEPRECATED_OBJC_IMPLEMENTATIONS\=YES
    export CLANG_WARN_DIRECT_OBJC_ISA_USAGE\=YES_ERROR
    export CLANG_WARN_DOCUMENTATION_COMMENTS\=YES
    export CLANG_WARN_EMPTY_BODY\=YES
    export CLANG_WARN_ENUM_CONVERSION\=YES
    export CLANG_WARN_INFINITE_RECURSION\=YES
    export CLANG_WARN_INT_CONVERSION\=YES
    export CLANG_WARN_NON_LITERAL_NULL_CONVERSION\=YES
    export CLANG_WARN_OBJC_IMPLICIT_RETAIN_SELF\=YES
    export CLANG_WARN_OBJC_LITERAL_CONVERSION\=YES
    export CLANG_WARN_OBJC_ROOT_CLASS\=YES_ERROR
    export CLANG_WARN_QUOTED_INCLUDE_IN_FRAMEWORK_HEADER\=NO
    export CLANG_WARN_RANGE_LOOP_ANALYSIS\=YES
    export CLANG_WARN_STRICT_PROTOTYPES\=YES
    export CLANG_WARN_SUSPICIOUS_MOVE\=YES
    export CLANG_WARN_UNGUARDED_AVAILABILITY\=YES_AGGRESSIVE
    export CLANG_WARN_UNREACHABLE_CODE\=YES
    export CLANG_WARN__DUPLICATE_METHOD_MATCH\=YES
    export CLASS_FILE_DIR\=/Users/viveksarkar/Library/Developer/Xcode/DerivedData/Hatari-crnaywjepgfrrcdspvkwustrehyb/Build/Intermediates.noindex/Pods.build/Debug-iphoneos/hermes-engine.build/JavaClasses
    export CLEAN_PRECOMPS\=YES
    export CLONE_HEADERS\=NO
    export CODESIGNING_FOLDER_PATH\=/Users/viveksarkar/Library/Developer/Xcode/DerivedData/Hatari-crnaywjepgfrrcdspvkwustrehyb/Build/Products/Debug-iphoneos/hermes-engine/
    export CODE_SIGNING_ALLOWED\=NO
    export CODE_SIGNING_REQUIRED\=YES
    export CODE_SIGN_CONTEXT_CLASS\=XCiPhoneOSCodeSignContext
    export CODE_SIGN_IDENTITY\=Apple\ Development
    export CODE_SIGN_INJECT_BASE_ENTITLEMENTS\=YES
    export COLOR_DIAGNOSTICS\=NO
    export COMBINE_HIDPI_IMAGES\=NO
    export COMPILATION_CACHE_CAS_PATH\=/Users/viveksarkar/Library/Developer/Xcode/DerivedData/CompilationCache.noindex
    export COMPILATION_CACHE_KEEP_CAS_DIRECTORY\=YES
    export COMPILER_INDEX_STORE_ENABLE\=NO
    export COMPOSITE_SDK_DIRS\=/Users/viveksarkar/Library/Developer/Xcode/DerivedData/Hatari-crnaywjepgfrrcdspvkwustrehyb/Build/Intermediates.noindex/CompositeSDKs
    export COMPRESS_PNG_FILES\=YES
    export CONFIGURATION\=Debug
    export CONFIGURATION_BUILD_DIR\=/Users/viveksarkar/Library/Developer/Xcode/DerivedData/Hatari-crnaywjepgfrrcdspvkwustrehyb/Build/Products/Debug-iphoneos/hermes-engine
    export CONFIGURATION_TEMP_DIR\=/Users/viveksarkar/Library/Developer/Xcode/DerivedData/Hatari-crnaywjepgfrrcdspvkwustrehyb/Build/Intermediates.noindex/Pods.build/Debug-iphoneos
    export COPYING_PRESERVES_HFS_DATA\=NO
    export COPY_HEADERS_RUN_UNIFDEF\=NO
    export COPY_PHASE_STRIP\=NO
    export CORRESPONDING_SIMULATOR_PLATFORM_DIR\=/Applications/Xcode.app/Contents/Developer/Platforms/iPhoneSimulator.platform
    export CORRESPONDING_SIMULATOR_PLATFORM_NAME\=iphonesimulator
    export CORRESPONDING_SIMULATOR_SDK_DIR\=/Applications/Xcode.app/Contents/Developer/Platforms/iPhoneSimulator.platform/Developer/SDKs/iPhoneSimulator26.2.sdk
    export CORRESPONDING_SIMULATOR_SDK_NAME\=iphonesimulator26.2
    export CP\=/bin/cp
    export CREATE_INFOPLIST_SECTION_IN_BINARY\=NO
    export CURRENT_ARCH\=undefined_arch
    export CURRENT_VARIANT\=normal
    export DEAD_CODE_STRIPPING\=YES
    export DEBUGGING_SYMBOLS\=YES
    export DEBUG_INFORMATION_FORMAT\=dwarf
    export DEBUG_INFORMATION_VERSION\=compiler-default
    export DEFAULT_COMPILER\=com.apple.compilers.llvm.clang.1_0
    export DEFAULT_DEXT_INSTALL_PATH\=/System/Library/DriverExtensions
    export DEFAULT_KEXT_INSTALL_PATH\=/System/Library/Extensions
    export DEFINES_MODULE\=NO
    export DEPLOYMENT_LOCATION\=NO
    export DEPLOYMENT_POSTPROCESSING\=NO
    export DEPLOYMENT_TARGET_SETTING_NAME\=IPHONEOS_DEPLOYMENT_TARGET
    export DEPLOYMENT_TARGET_SUGGESTED_VALUES\=12.0\ 12.1\ 12.2\ 12.3\ 12.4\ 13.0\ 13.1\ 13.2\ 13.3\ 13.4\ 13.5\ 13.6\ 14.0\ 14.1\ 14.2\ 14.3\ 14.4\ 14.5\ 14.6\ 14.7\ 15.0\ 15.1\ 15.2\ 15.3\ 15.4\ 15.5\ 15.6\ 16.0\ 16.1\ 16.2\ 16.3\ 16.4\ 16.5\ 16.6\ 17.0\ 17.1\ 17.2\ 17.3\ 17.4\ 17.5\ 17.6\ 18.0\ 18.1\ 18.2\ 18.3\ 18.4\ 18.5\ 18.6\ 26.0\ 26.1\ 26.2
    export DERIVED_FILES_DIR\=/Users/viveksarkar/Library/Developer/Xcode/DerivedData/Hatari-crnaywjepgfrrcdspvkwustrehyb/Build/Intermediates.noindex/Pods.build/Debug-iphoneos/hermes-engine.build/DerivedSources
    export DERIVED_FILE_DIR\=/Users/viveksarkar/Library/Developer/Xcode/DerivedData/Hatari-crnaywjepgfrrcdspvkwustrehyb/Build/Intermediates.noindex/Pods.build/Debug-iphoneos/hermes-engine.build/DerivedSources
    export DERIVED_SOURCES_DIR\=/Users/viveksarkar/Library/Developer/Xcode/DerivedData/Hatari-crnaywjepgfrrcdspvkwustrehyb/Build/Intermediates.noindex/Pods.build/Debug-iphoneos/hermes-engine.build/DerivedSources
    export DERIVE_MACCATALYST_PRODUCT_BUNDLE_IDENTIFIER\=NO
    export DEVELOPER_APPLICATIONS_DIR\=/Applications/Xcode.app/Contents/Developer/Applications
    export DEVELOPER_BIN_DIR\=/Applications/Xcode.app/Contents/Developer/usr/bin
    export DEVELOPER_DIR\=/Applications/Xcode.app/Contents/Developer
    export DEVELOPER_FRAMEWORKS_DIR\=/Applications/Xcode.app/Contents/Developer/Library/Frameworks
    export DEVELOPER_FRAMEWORKS_DIR_QUOTED\=/Applications/Xcode.app/Contents/Developer/Library/Frameworks
    export DEVELOPER_LIBRARY_DIR\=/Applications/Xcode.app/Contents/Developer/Library
    export DEVELOPER_SDK_DIR\=/Applications/Xcode.app/Contents/Developer/Platforms/MacOSX.platform/Developer/SDKs
    export DEVELOPER_TOOLS_DIR\=/Applications/Xcode.app/Contents/Developer/Tools
    export DEVELOPER_USR_DIR\=/Applications/Xcode.app/Contents/Developer/usr
    export DEVELOPMENT_LANGUAGE\=en
    export DIAGNOSE_MISSING_TARGET_DEPENDENCIES\=YES
    export DIFF\=/usr/bin/diff
    export DONT_GENERATE_INFOPLIST_FILE\=NO
    export DSTROOT\=/tmp/Pods.dst
    export DT_TOOLCHAIN_DIR\=/Applications/Xcode.app/Contents/Developer/Toolchains/XcodeDefault.xctoolchain
    export DWARF_DSYM_FILE_NAME\=.dSYM
    export DWARF_DSYM_FILE_SHOULD_ACCOMPANY_PRODUCT\=NO
    export DWARF_DSYM_FOLDER_PATH\=/Users/viveksarkar/Library/Developer/Xcode/DerivedData/Hatari-crnaywjepgfrrcdspvkwustrehyb/Build/Products/Debug-iphoneos/hermes-engine
    export DYNAMIC_LIBRARY_EXTENSION\=dylib
    export EAGER_COMPILATION_ALLOW_SCRIPTS\=NO
    export EAGER_LINKING\=NO
    export EFFECTIVE_PLATFORM_NAME\=-iphoneos
    export EMBEDDED_CONTENT_CONTAINS_SWIFT\=NO
    export EMBEDDED_PROFILE_NAME\=embedded.mobileprovision
    export EMBED_ASSET_PACKS_IN_PRODUCT_BUNDLE\=NO
    export ENABLE_APP_SANDBOX\=NO
    export ENABLE_CODE_COVERAGE\=YES
    export ENABLE_CPLUSPLUS_BOUNDS_SAFE_BUFFERS\=NO
    export ENABLE_C_BOUNDS_SAFETY\=NO
    export ENABLE_DEFAULT_HEADER_SEARCH_PATHS\=YES
    export ENABLE_DEFAULT_SEARCH_PATHS\=YES
    export ENABLE_ENHANCED_SECURITY\=NO
    export ENABLE_HARDENED_RUNTIME\=NO
    export ENABLE_HEADER_DEPENDENCIES\=YES
    export ENABLE_INCOMING_NETWORK_CONNECTIONS\=NO
    export ENABLE_ON_DEMAND_RESOURCES\=NO
    export ENABLE_OUTGOING_NETWORK_CONNECTIONS\=NO
    export ENABLE_POINTER_AUTHENTICATION\=NO
    export ENABLE_PREVIEWS\=NO
    export ENABLE_RESOURCE_ACCESS_AUDIO_INPUT\=NO
    export ENABLE_RESOURCE_ACCESS_BLUETOOTH\=NO
    export ENABLE_RESOURCE_ACCESS_CALENDARS\=NO
    export ENABLE_RESOURCE_ACCESS_CAMERA\=NO
    export ENABLE_RESOURCE_ACCESS_CONTACTS\=NO
    export ENABLE_RESOURCE_ACCESS_LOCATION\=NO
    export ENABLE_RESOURCE_ACCESS_PHOTO_LIBRARY\=NO
    export ENABLE_RESOURCE_ACCESS_PRINTING\=NO
    export ENABLE_RESOURCE_ACCESS_USB\=NO
    export ENABLE_SDK_IMPORTS\=NO
    export ENABLE_SECURITY_COMPILER_WARNINGS\=NO
    export ENABLE_STRICT_OBJC_MSGSEND\=YES
    export ENABLE_TESTABILITY\=YES
    export ENABLE_TESTING_SEARCH_PATHS\=NO
    export ENABLE_USER_SCRIPT_SANDBOXING\=NO
    export ENABLE_XOJIT_PREVIEWS\=YES
    export ENFORCE_VALID_ARCHS\=YES
    export ENTITLEMENTS_DESTINATION\=Signature
    export ENTITLEMENTS_REQUIRED\=YES
    export EXCLUDED_INSTALLSRC_SUBDIRECTORY_PATTERNS\=.DS_Store\ .svn\ .git\ .hg\ CVS
    export EXCLUDED_RECURSIVE_SEARCH_PATH_SUBDIRECTORIES\=\*.nib\ \*.lproj\ \*.framework\ \*.gch\ \*.xcode\*\ \*.xcassets\ \*.icon\ \(\*\)\ .DS_Store\ CVS\ .svn\ .git\ .hg\ \*.pbproj\ \*.pbxproj
    export FILE_LIST\=/Users/viveksarkar/Library/Developer/Xcode/DerivedData/Hatari-crnaywjepgfrrcdspvkwustrehyb/Build/Intermediates.noindex/Pods.build/Debug-iphoneos/hermes-engine.build/Objects/LinkFileList
    export FIXED_FILES_DIR\=/Users/viveksarkar/Library/Developer/Xcode/DerivedData/Hatari-crnaywjepgfrrcdspvkwustrehyb/Build/Intermediates.noindex/Pods.build/Debug-iphoneos/hermes-engine.build/FixedFiles
    export FRAMEWORK_SEARCH_PATHS\=\ \"/Users/viveksarkar/Desktop/Hatari_app/ios/Pods/hermes-engine/destroot/Library/Frameworks/universal\"\ \"/Users/viveksarkar/Library/Developer/Xcode/DerivedData/Hatari-crnaywjepgfrrcdspvkwustrehyb/Build/Products/Debug-iphoneos/XCFrameworkIntermediates/hermes-engine/Pre-built\"
    export FRAMEWORK_VERSION\=A
    export FUSE_BUILD_PHASES\=YES
    export FUSE_BUILD_SCRIPT_PHASES\=NO
    export GCC3_VERSION\=3.3
    export GCC_C_LANGUAGE_STANDARD\=gnu11
    export GCC_DYNAMIC_NO_PIC\=NO
    export GCC_NO_COMMON_BLOCKS\=YES
    export GCC_OPTIMIZATION_LEVEL\=0
    export GCC_PFE_FILE_C_DIALECTS\=c\ objective-c\ c++\ objective-c++
    export GCC_PREPROCESSOR_DEFINITIONS\=POD_CONFIGURATION_DEBUG\=1\ DEBUG\=1\ \ COCOAPODS\=1\ HERMES_ENABLE_DEBUGGER\=1
    export GCC_THUMB_SUPPORT\=YES
    export GCC_TREAT_WARNINGS_AS_ERRORS\=NO
    export GCC_VERSION\=com.apple.compilers.llvm.clang.1_0
    export GCC_VERSION_IDENTIFIER\=com_apple_compilers_llvm_clang_1_0
    export GCC_WARN_64_TO_32_BIT_CONVERSION\=YES
    export GCC_WARN_ABOUT_RETURN_TYPE\=YES_ERROR
    export GCC_WARN_INHIBIT_ALL_WARNINGS\=YES
    export GCC_WARN_UNDECLARED_SELECTOR\=YES
    export GCC_WARN_UNINITIALIZED_AUTOS\=YES_AGGRESSIVE
    export GCC_WARN_UNUSED_FUNCTION\=YES
    export GCC_WARN_UNUSED_VARIABLE\=YES
    export GENERATED_MODULEMAP_DIR\=/Users/viveksarkar/Library/Developer/Xcode/DerivedData/Hatari-crnaywjepgfrrcdspvkwustrehyb/Build/Intermediates.noindex/GeneratedModuleMaps-iphoneos
    export GENERATE_INFOPLIST_FILE\=NO
    export GENERATE_INTERMEDIATE_TEXT_BASED_STUBS\=YES
    export GENERATE_PKGINFO_FILE\=NO
    export GENERATE_PRELINK_OBJECT_FILE\=NO
    export GENERATE_PROFILING_CODE\=NO
    export GENERATE_TEXT_BASED_STUBS\=NO
    export GID\=20
    export GROUP\=staff
    export HEADERMAP_INCLUDES_FLAT_ENTRIES_FOR_TARGET_BEING_BUILT\=YES
    export HEADERMAP_INCLUDES_FRAMEWORK_ENTRIES_FOR_ALL_PRODUCT_TYPES\=YES
    export HEADERMAP_INCLUDES_FRAMEWORK_ENTRIES_FOR_TARGETS_NOT_BEING_BUILT\=YES
    export HEADERMAP_INCLUDES_NONPUBLIC_NONPRIVATE_HEADERS\=YES
    export HEADERMAP_INCLUDES_PROJECT_HEADERS\=YES
    export HEADERMAP_USES_FRAMEWORK_PREFIX_ENTRIES\=YES
    export HEADERMAP_USES_VFS\=NO
    export HEADER_SEARCH_PATHS\=\ \"/Users/viveksarkar/Desktop/Hatari_app/ios/Pods/Headers/Private\"\ \"/Users/viveksarkar/Desktop/Hatari_app/ios/Pods/Headers/Private/hermes-engine\"\ \"/Users/viveksarkar/Desktop/Hatari_app/ios/Pods/Headers/Public\"\ \"/Users/viveksarkar/Desktop/Hatari_app/ios/Pods/Headers/Public/hermes-engine\"
    export HOME\=/Users/viveksarkar
    export HOST_ARCH\=arm64
    export HOST_PLATFORM\=macosx
    export ICONV\=/usr/bin/iconv
    export IMPLICIT_DEPENDENCY_DOMAIN\=default
    export INFOPLIST_ENABLE_CFBUNDLEICONS_MERGE\=YES
    export INFOPLIST_EXPAND_BUILD_SETTINGS\=YES
    export INFOPLIST_OUTPUT_FORMAT\=binary
    export INFOPLIST_PREPROCESS\=NO
    export INLINE_PRIVATE_FRAMEWORKS\=NO
    export INSTALLAPI_IGNORE_SKIP_INSTALL\=YES
    export INSTALLHDRS_COPY_PHASE\=NO
    export INSTALLHDRS_SCRIPT_PHASE\=NO
    export INSTALL_DIR\=/tmp/Pods.dst
    export INSTALL_GROUP\=staff
    export INSTALL_MODE_FLAG\=u+w,go-w,a+rX
    export INSTALL_OWNER\=viveksarkar
    export INSTALL_ROOT\=/tmp/Pods.dst
    export IPHONEOS_DEPLOYMENT_TARGET\=15.1
    export IS_UNOPTIMIZED_BUILD\=YES
    export JAVAC_DEFAULT_FLAGS\=-J-Xms64m\ -J-XX:NewSize\=4M\ -J-Dfile.encoding\=UTF8
    export JAVA_APP_STUB\=/System/Library/Frameworks/JavaVM.framework/Resources/MacOS/JavaApplicationStub
    export JAVA_ARCHIVE_CLASSES\=YES
    export JAVA_ARCHIVE_TYPE\=JAR
    export JAVA_COMPILER\=/usr/bin/javac
    export JAVA_FRAMEWORK_RESOURCES_DIRS\=Resources
    export JAVA_JAR_FLAGS\=cv
    export JAVA_SOURCE_SUBDIR\=.
    export JAVA_USE_DEPENDENCIES\=YES
    export JAVA_ZIP_FLAGS\=-urg
    export JIKES_DEFAULT_FLAGS\=+E\ +OLDCSO
    export KASAN_CFLAGS_CLASSIC\=-DKASAN\=1\ -DKASAN_CLASSIC\=1\ -fsanitize\=address\ -mllvm\ -asan-globals-live-support\ -mllvm\ -asan-force-dynamic-shadow
    export KASAN_CFLAGS_TBI\=-DKASAN\=1\ -DKASAN_TBI\=1\ -fsanitize\=kernel-hwaddress\ -mllvm\ -hwasan-recover\=0\ -mllvm\ -hwasan-instrument-atomics\=0\ -mllvm\ -hwasan-instrument-stack\=1\ -mllvm\ -hwasan-generate-tags-with-calls\=1\ -mllvm\ -hwasan-instrument-with-calls\=1\ -mllvm\ -hwasan-use-short-granules\=0\ -mllvm\ -hwasan-memory-access-callback-prefix\=__asan_
    export KASAN_DEFAULT_CFLAGS\=-DKASAN\=1\ -DKASAN_CLASSIC\=1\ -fsanitize\=address\ -mllvm\ -asan-globals-live-support\ -mllvm\ -asan-force-dynamic-shadow
    export KEEP_PRIVATE_EXTERNS\=NO
    export LD_DEPENDENCY_INFO_FILE\=/Users/viveksarkar/Library/Developer/Xcode/DerivedData/Hatari-crnaywjepgfrrcdspvkwustrehyb/Build/Intermediates.noindex/Pods.build/Debug-iphoneos/hermes-engine.build/Objects-normal/undefined_arch/hermes-engine_dependency_info.dat
    export LD_EXPORT_SYMBOLS\=YES
    export LD_GENERATE_MAP_FILE\=NO
    export LD_MAP_FILE_PATH\=/Users/viveksarkar/Library/Developer/Xcode/DerivedData/Hatari-crnaywjepgfrrcdspvkwustrehyb/Build/Intermediates.noindex/Pods.build/Debug-iphoneos/hermes-engine.build/hermes-engine-LinkMap-normal-undefined_arch.txt
    export LD_NO_PIE\=NO
    export LD_QUOTE_LINKER_ARGUMENTS_FOR_COMPILER_DRIVER\=YES
    export LD_RUNPATH_SEARCH_PATHS\=\ @executable_path/Frameworks
    export LD_SHARED_CACHE_ELIGIBLE\=Automatic
    export LD_WARN_DUPLICATE_LIBRARIES\=NO
    export LD_WARN_UNUSED_DYLIBS\=NO
    export LEGACY_DEVELOPER_DIR\=/Applications/Xcode.app/Contents/PlugIns/Xcode3Core.ideplugin/Contents/SharedSupport/Developer
    export LEX\=lex
    export LIBRARY_DEXT_INSTALL_PATH\=/Library/DriverExtensions
    export LIBRARY_FLAG_NOSPACE\=YES
    export LIBRARY_KEXT_INSTALL_PATH\=/Library/Extensions
    export LINKER_DISPLAYS_MANGLED_NAMES\=NO
    export LINK_FILE_LIST_normal_arm64\=/Users/viveksarkar/Library/Developer/Xcode/DerivedData/Hatari-crnaywjepgfrrcdspvkwustrehyb/Build/Intermediates.noindex/Pods.build/Debug-iphoneos/hermes-engine.build/Objects-normal/arm64/hermes-engine.LinkFileList
    export LINK_OBJC_RUNTIME\=YES
    export LINK_WITH_STANDARD_LIBRARIES\=YES
    export LLVM_TARGET_TRIPLE_OS_VERSION\=ios15.1
    export LLVM_TARGET_TRIPLE_VENDOR\=apple
    export LM_AUX_CONST_METADATA_LIST_PATH_normal_arm64\=/Users/viveksarkar/Library/Developer/Xcode/DerivedData/Hatari-crnaywjepgfrrcdspvkwustrehyb/Build/Intermediates.noindex/Pods.build/Debug-iphoneos/hermes-engine.build/Objects-normal/arm64/hermes-engine.SwiftConstValuesFileList
    export LOCALIZATION_EXPORT_SUPPORTED\=YES
    export LOCALIZATION_PREFERS_STRING_CATALOGS\=NO
    export LOCALIZED_STRING_MACRO_NAMES\=NSLocalizedString\ CFCopyLocalizedString
    export LOCALIZED_STRING_SWIFTUI_SUPPORT\=YES
    export LOCAL_ADMIN_APPS_DIR\=/Applications/Utilities
    export LOCAL_APPS_DIR\=/Applications
    export LOCAL_DEVELOPER_DIR\=/Library/Developer
    export LOCAL_LIBRARY_DIR\=/Library
    export LOCROOT\=/Users/viveksarkar/Desktop/Hatari_app/ios/Pods
    export LOCSYMROOT\=/Users/viveksarkar/Desktop/Hatari_app/ios/Pods
    export MAC_OS_X_PRODUCT_BUILD_VERSION\=25C56
    export MAC_OS_X_VERSION_ACTUAL\=260200
    export MAC_OS_X_VERSION_MAJOR\=260000
    export MAC_OS_X_VERSION_MINOR\=260200
    export MAKE_MERGEABLE\=NO
    export MERGEABLE_LIBRARY\=NO
    export MERGED_BINARY_TYPE\=none
    export MERGE_LINKED_LIBRARIES\=NO
    export METAL_LIBRARY_FILE_BASE\=default
    export METAL_LIBRARY_OUTPUT_DIR\=/Users/viveksarkar/Library/Developer/Xcode/DerivedData/Hatari-crnaywjepgfrrcdspvkwustrehyb/Build/Products/Debug-iphoneos/hermes-engine/
    export MODULE_CACHE_DIR\=/Users/viveksarkar/Library/Developer/Xcode/DerivedData/ModuleCache.noindex
    export MTL_ENABLE_DEBUG_INFO\=INCLUDE_SOURCE
    export MTL_FAST_MATH\=YES
    export NATIVE_ARCH\=arm64
    export NATIVE_ARCH_32_BIT\=arm
    export NATIVE_ARCH_64_BIT\=arm64
    export NATIVE_ARCH_ACTUAL\=arm64
    export NO_COMMON\=YES
    export OBJECT_FILE_DIR\=/Users/viveksarkar/Library/Developer/Xcode/DerivedData/Hatari-crnaywjepgfrrcdspvkwustrehyb/Build/Intermediates.noindex/Pods.build/Debug-iphoneos/hermes-engine.build/Objects
    export OBJECT_FILE_DIR_normal\=/Users/viveksarkar/Library/Developer/Xcode/DerivedData/Hatari-crnaywjepgfrrcdspvkwustrehyb/Build/Intermediates.noindex/Pods.build/Debug-iphoneos/hermes-engine.build/Objects-normal
    export OBJROOT\=/Users/viveksarkar/Library/Developer/Xcode/DerivedData/Hatari-crnaywjepgfrrcdspvkwustrehyb/Build/Intermediates.noindex
    export ONLY_ACTIVE_ARCH\=NO
    export OS\=MACOS
    export OSAC\=/usr/bin/osacompile
    export OTHER_LDFLAGS\=\ \ 
    export PASCAL_STRINGS\=YES
    export PATH\=/Applications/Xcode.app/Contents/SharedFrameworks/SwiftBuild.framework/Versions/A/PlugIns/SWBBuildService.bundle/Contents/PlugIns/SWBUniversalPlatformPlugin.bundle/Contents/Frameworks/SWBUniversalPlatform.framework/Resources:/Applications/Xcode.app/Contents/Developer/Toolchains/XcodeDefault.xctoolchain/usr/bin:/Applications/Xcode.app/Contents/Developer/Toolchains/XcodeDefault.xctoolchain/usr/local/bin:/Applications/Xcode.app/Contents/Developer/Toolchains/XcodeDefault.xctoolchain/usr/libexec:/Applications/Xcode.app/Contents/Developer/Platforms/iPhoneOS.platform/usr/bin:/Applications/Xcode.app/Contents/Developer/Platforms/iPhoneOS.platform/usr/local/bin:/Applications/Xcode.app/Contents/Developer/Platforms/iPhoneOS.platform/Developer/usr/bin:/Applications/Xcode.app/Contents/Developer/Platforms/iPhoneOS.platform/Developer/usr/local/bin:/Applications/Xcode.app/Contents/Developer/usr/bin:/Applications/Xcode.app/Contents/Developer/usr/local/bin:/Users/viveksarkar/Library/Application\ Support/Code/User/globalStorage/github.copilot-chat/debugCommand:/Users/viveksarkar/Library/Application\ Support/Code/User/globalStorage/github.copilot-chat/copilotCli:/opt/homebrew/bin:/opt/homebrew/sbin:/usr/local/bin:/System/Cryptexes/App/usr/bin:/usr/bin:/bin:/usr/sbin:/sbin:/var/run/com.apple.security.cryptexd/codex.system/bootstrap/usr/local/bin:/var/run/com.apple.security.cryptexd/codex.system/bootstrap/usr/bin:/var/run/com.apple.security.cryptexd/codex.system/bootstrap/usr/appleinternal/bin:/opt/pmk/env/global/bin:/Library/Apple/usr/bin
    export PATH_PREFIXES_EXCLUDED_FROM_HEADER_DEPENDENCIES\=/usr/include\ /usr/local/include\ /System/Library/Frameworks\ /System/Library/PrivateFrameworks\ /Applications/Xcode.app/Contents/Developer/Headers\ /Applications/Xcode.app/Contents/Developer/SDKs\ /Applications/Xcode.app/Contents/Developer/Platforms
    export PER_ARCH_MODULE_FILE_DIR\=/Users/viveksarkar/Library/Developer/Xcode/DerivedData/Hatari-crnaywjepgfrrcdspvkwustrehyb/Build/Intermediates.noindex/Pods.build/Debug-iphoneos/hermes-engine.build/Objects-normal/undefined_arch
    export PER_ARCH_OBJECT_FILE_DIR\=/Users/viveksarkar/Library/Developer/Xcode/DerivedData/Hatari-crnaywjepgfrrcdspvkwustrehyb/Build/Intermediates.noindex/Pods.build/Debug-iphoneos/hermes-engine.build/Objects-normal/undefined_arch
    export PER_VARIANT_OBJECT_FILE_DIR\=/Users/viveksarkar/Library/Developer/Xcode/DerivedData/Hatari-crnaywjepgfrrcdspvkwustrehyb/Build/Intermediates.noindex/Pods.build/Debug-iphoneos/hermes-engine.build/Objects-normal
    export PKGINFO_FILE_PATH\=/Users/viveksarkar/Library/Developer/Xcode/DerivedData/Hatari-crnaywjepgfrrcdspvkwustrehyb/Build/Intermediates.noindex/Pods.build/Debug-iphoneos/hermes-engine.build/PkgInfo
    export PLATFORM_DEVELOPER_APPLICATIONS_DIR\=/Applications/Xcode.app/Contents/Developer/Platforms/iPhoneOS.platform/Developer/Applications
    export PLATFORM_DEVELOPER_BIN_DIR\=/Applications/Xcode.app/Contents/Developer/Platforms/iPhoneOS.platform/Developer/usr/bin
    export PLATFORM_DEVELOPER_LIBRARY_DIR\=/Applications/Xcode.app/Contents/Developer/Platforms/iPhoneOS.platform/Developer/Library
    export PLATFORM_DEVELOPER_SDK_DIR\=/Applications/Xcode.app/Contents/Developer/Platforms/iPhoneOS.platform/Developer/SDKs
    export PLATFORM_DEVELOPER_TOOLS_DIR\=/Applications/Xcode.app/Contents/Developer/Platforms/iPhoneOS.platform/Developer/Tools
    export PLATFORM_DEVELOPER_USR_DIR\=/Applications/Xcode.app/Contents/Developer/Platforms/iPhoneOS.platform/Developer/usr
    export PLATFORM_DIR\=/Applications/Xcode.app/Contents/Developer/Platforms/iPhoneOS.platform
    export PLATFORM_DISPLAY_NAME\=iOS
    export PLATFORM_FAMILY_NAME\=iOS
    export PLATFORM_NAME\=iphoneos
    export PLATFORM_PREFERRED_ARCH\=arm64
    export PLATFORM_PRODUCT_BUILD_VERSION\=23C53
    export PLATFORM_REQUIRES_SWIFT_AUTOLINK_EXTRACT\=NO
    export PLATFORM_REQUIRES_SWIFT_MODULEWRAP\=NO
    export PLIST_FILE_OUTPUT_FORMAT\=binary
    export PODS_BUILD_DIR\=/Users/viveksarkar/Library/Developer/Xcode/DerivedData/Hatari-crnaywjepgfrrcdspvkwustrehyb/Build/Products
    export PODS_CONFIGURATION_BUILD_DIR\=/Users/viveksarkar/Library/Developer/Xcode/DerivedData/Hatari-crnaywjepgfrrcdspvkwustrehyb/Build/Products/Debug-iphoneos
    export PODS_DEVELOPMENT_LANGUAGE\=en
    export PODS_ROOT\=/Users/viveksarkar/Desktop/Hatari_app/ios/Pods
    export PODS_TARGET_SRCROOT\=/Users/viveksarkar/Desktop/Hatari_app/ios/Pods/hermes-engine
    export PODS_XCFRAMEWORKS_BUILD_DIR\=/Users/viveksarkar/Library/Developer/Xcode/DerivedData/Hatari-crnaywjepgfrrcdspvkwustrehyb/Build/Products/Debug-iphoneos/XCFrameworkIntermediates
    export PRECOMPS_INCLUDE_HEADERS_FROM_BUILT_PRODUCTS_DIR\=YES
    export PRECOMP_DESTINATION_DIR\=/Users/viveksarkar/Library/Developer/Xcode/DerivedData/Hatari-crnaywjepgfrrcdspvkwustrehyb/Build/Intermediates.noindex/Pods.build/Debug-iphoneos/hermes-engine.build/PrefixHeaders
    export PROCESSED_INFOPLIST_PATH\=/Users/viveksarkar/Library/Developer/Xcode/DerivedData/Hatari-crnaywjepgfrrcdspvkwustrehyb/Build/Intermediates.noindex/Pods.build/Debug-iphoneos/hermes-engine.build/Objects-normal/undefined_arch/Processed-Info.plist
    export PRODUCT_BUNDLE_IDENTIFIER\=org.cocoapods.hermes-engine
    export PRODUCT_MODULE_NAME\=hermes_engine
    export PRODUCT_NAME\=hermes-engine
    export PRODUCT_SETTINGS_PATH\=
    export PROFILING_CODE\=NO
    export PROJECT\=Pods
    export PROJECT_DERIVED_FILE_DIR\=/Users/viveksarkar/Library/Developer/Xcode/DerivedData/Hatari-crnaywjepgfrrcdspvkwustrehyb/Build/Intermediates.noindex/Pods.build/DerivedSources
    export PROJECT_DIR\=/Users/viveksarkar/Desktop/Hatari_app/ios/Pods
    export PROJECT_FILE_PATH\=/Users/viveksarkar/Desktop/Hatari_app/ios/Pods/Pods.xcodeproj
    export PROJECT_GUID\=8699adb1dd336b26511df848a716bd42
    export PROJECT_NAME\=Pods
    export PROJECT_TEMP_DIR\=/Users/viveksarkar/Library/Developer/Xcode/DerivedData/Hatari-crnaywjepgfrrcdspvkwustrehyb/Build/Intermediates.noindex/Pods.build
    export PROJECT_TEMP_ROOT\=/Users/viveksarkar/Library/Developer/Xcode/DerivedData/Hatari-crnaywjepgfrrcdspvkwustrehyb/Build/Intermediates.noindex
    export REACT_NATIVE_PATH\=/Users/viveksarkar/Desktop/Hatari_app/ios/Pods/../../node_modules/react-native
    export RECOMMENDED_IPHONEOS_DEPLOYMENT_TARGET\=15.0
    export RECURSIVE_SEARCH_PATHS_FOLLOW_SYMLINKS\=YES
    export REMOVE_CVS_FROM_RESOURCES\=YES
    export REMOVE_GIT_FROM_RESOURCES\=YES
    export REMOVE_HEADERS_FROM_EMBEDDED_BUNDLES\=YES
    export REMOVE_HG_FROM_RESOURCES\=YES
    export REMOVE_STATIC_EXECUTABLES_FROM_EMBEDDED_BUNDLES\=YES
    export REMOVE_SVN_FROM_RESOURCES\=YES
    export RESCHEDULE_INDEPENDENT_HEADERS_PHASES\=YES
    export REZ_COLLECTOR_DIR\=/Users/viveksarkar/Library/Developer/Xcode/DerivedData/Hatari-crnaywjepgfrrcdspvkwustrehyb/Build/Intermediates.noindex/Pods.build/Debug-iphoneos/hermes-engine.build/ResourceManagerResources
    export REZ_OBJECTS_DIR\=/Users/viveksarkar/Library/Developer/Xcode/DerivedData/Hatari-crnaywjepgfrrcdspvkwustrehyb/Build/Intermediates.noindex/Pods.build/Debug-iphoneos/hermes-engine.build/ResourceManagerResources/Objects
    export RUNTIME_EXCEPTION_ALLOW_DYLD_ENVIRONMENT_VARIABLES\=NO
    export RUNTIME_EXCEPTION_ALLOW_JIT\=NO
    export RUNTIME_EXCEPTION_ALLOW_UNSIGNED_EXECUTABLE_MEMORY\=NO
    export RUNTIME_EXCEPTION_DEBUGGING_TOOL\=NO
    export RUNTIME_EXCEPTION_DISABLE_EXECUTABLE_PAGE_PROTECTION\=NO
    export RUNTIME_EXCEPTION_DISABLE_LIBRARY_VALIDATION\=NO
    export SCAN_ALL_SOURCE_FILES_FOR_INCLUDES\=NO
    export SCRIPT_INPUT_FILE_COUNT\=0
    export SCRIPT_INPUT_FILE_LIST_COUNT\=0
    export SCRIPT_OUTPUT_FILE_COUNT\=0
    export SCRIPT_OUTPUT_FILE_LIST_COUNT\=0
    export SDKROOT\=/Applications/Xcode.app/Contents/Developer/Platforms/iPhoneOS.platform/Developer/SDKs/iPhoneOS26.2.sdk
    export SDK_DIR\=/Applications/Xcode.app/Contents/Developer/Platforms/iPhoneOS.platform/Developer/SDKs/iPhoneOS26.2.sdk
    export SDK_DIR_iphoneos\=/Applications/Xcode.app/Contents/Developer/Platforms/iPhoneOS.platform/Developer/SDKs/iPhoneOS26.2.sdk
    export SDK_DIR_iphoneos26_2\=/Applications/Xcode.app/Contents/Developer/Platforms/iPhoneOS.platform/Developer/SDKs/iPhoneOS26.2.sdk
    export SDK_NAME\=iphoneos26.2
    export SDK_NAMES\=iphoneos26.2
    export SDK_PRODUCT_BUILD_VERSION\=23C53
    export SDK_STAT_CACHE_DIR\=/Users/viveksarkar/Library/Developer/Xcode/DerivedData
    export SDK_STAT_CACHE_ENABLE\=YES
    export SDK_STAT_CACHE_PATH\=/Users/viveksarkar/Library/Developer/Xcode/DerivedData/SDKStatCaches.noindex/iphoneos26.2-23C53-3794476bd08197c3e2abd9bb477ef7f7.sdkstatcache
    export SDK_VERSION\=26.2
    export SDK_VERSION_ACTUAL\=260200
    export SDK_VERSION_MAJOR\=260000
    export SDK_VERSION_MINOR\=260200
    export SED\=/usr/bin/sed
    export SEPARATE_STRIP\=NO
    export SEPARATE_SYMBOL_EDIT\=NO
    export SET_DIR_MODE_OWNER_GROUP\=YES
    export SET_FILE_MODE_OWNER_GROUP\=NO
    export SHALLOW_BUNDLE\=NO
    export SHARED_DERIVED_FILE_DIR\=/Users/viveksarkar/Library/Developer/Xcode/DerivedData/Hatari-crnaywjepgfrrcdspvkwustrehyb/Build/Products/Debug-iphoneos/hermes-engine/DerivedSources
    export SHARED_PRECOMPS_DIR\=/Users/viveksarkar/Library/Developer/Xcode/DerivedData/Hatari-crnaywjepgfrrcdspvkwustrehyb/Build/Intermediates.noindex/PrecompiledHeaders
    export SKIP_INSTALL\=YES
    export SOURCE_ROOT\=/Users/viveksarkar/Desktop/Hatari_app/ios/Pods
    export SRCROOT\=/Users/viveksarkar/Desktop/Hatari_app/ios/Pods
    export STRINGSDATA_DIR\=/Users/viveksarkar/Library/Developer/Xcode/DerivedData/Hatari-crnaywjepgfrrcdspvkwustrehyb/Build/Intermediates.noindex/Pods.build/Debug-iphoneos/hermes-engine.build/Objects-normal/undefined_arch
    export STRINGSDATA_ROOT\=/Users/viveksarkar/Library/Developer/Xcode/DerivedData/Hatari-crnaywjepgfrrcdspvkwustrehyb/Build/Intermediates.noindex/Pods.build/Debug-iphoneos/hermes-engine.build
    export STRINGS_FILE_INFOPLIST_RENAME\=YES
    export STRINGS_FILE_OUTPUT_ENCODING\=binary
    export STRING_CATALOG_GENERATE_SYMBOLS\=NO
    export STRIP_BITCODE_FROM_COPIED_FILES\=YES
    export STRIP_INSTALLED_PRODUCT\=NO
    export STRIP_STYLE\=all
    export STRIP_SWIFT_SYMBOLS\=YES
    export SUPPORTED_DEVICE_FAMILIES\=1,2
    export SUPPORTED_PLATFORMS\=iphoneos\ iphonesimulator
    export SUPPORTS_MACCATALYST\=YES
    export SUPPORTS_MAC_DESIGNED_FOR_IPHONE_IPAD\=YES
    export SUPPORTS_TEXT_BASED_API\=NO
    export SUPPORTS_XR_DESIGNED_FOR_IPHONE_IPAD\=YES
    export SUPPRESS_WARNINGS\=NO
    export SWIFT_ACTIVE_COMPILATION_CONDITIONS\=\ DEBUG
    export SWIFT_EMIT_CONST_VALUE_PROTOCOLS\=AppIntent\ EntityQuery\ AppEntity\ TransientEntity\ AppEnum\ AppShortcutProviding\ AppShortcutsProvider\ AnyResolverProviding\ AppIntentsPackage\ DynamicOptionsProvider\ _IntentValueRepresentable\ _AssistantIntentsProvider\ _GenerativeFunctionExtractable\ IntentValueQuery\ Resolver\ AppExtension\ ExtensionPointDefining
    export SWIFT_EMIT_LOC_STRINGS\=NO
    export SWIFT_ENABLE_EXPLICIT_MODULES\=YES
    export SWIFT_OPTIMIZATION_LEVEL\=-Onone
    export SWIFT_PLATFORM_TARGET_PREFIX\=ios
    export SWIFT_RESPONSE_FILE_PATH_normal_arm64\=/Users/viveksarkar/Library/Developer/Xcode/DerivedData/Hatari-crnaywjepgfrrcdspvkwustrehyb/Build/Intermediates.noindex/Pods.build/Debug-iphoneos/hermes-engine.build/Objects-normal/arm64/hermes-engine.SwiftFileList
    export SWIFT_VERSION\=5.0
    export SYMROOT\=/Users/viveksarkar/Library/Developer/Xcode/DerivedData/Hatari-crnaywjepgfrrcdspvkwustrehyb/Build/Products
    export SYSTEM_ADMIN_APPS_DIR\=/Applications/Utilities
    export SYSTEM_APPS_DIR\=/Applications
    export SYSTEM_CORE_SERVICES_DIR\=/System/Library/CoreServices
    export SYSTEM_DEMOS_DIR\=/Applications/Extras
    export SYSTEM_DEVELOPER_APPS_DIR\=/Applications/Xcode.app/Contents/Developer/Applications
    export SYSTEM_DEVELOPER_BIN_DIR\=/Applications/Xcode.app/Contents/Developer/usr/bin
    export SYSTEM_DEVELOPER_DEMOS_DIR\=/Applications/Xcode.app/Contents/Developer/Applications/Utilities/Built\ Examples
    export SYSTEM_DEVELOPER_DIR\=/Applications/Xcode.app/Contents/Developer
    export SYSTEM_DEVELOPER_DOC_DIR\=/Applications/Xcode.app/Contents/Developer/ADC\ Reference\ Library
    export SYSTEM_DEVELOPER_GRAPHICS_TOOLS_DIR\=/Applications/Xcode.app/Contents/Developer/Applications/Graphics\ Tools
    export SYSTEM_DEVELOPER_JAVA_TOOLS_DIR\=/Applications/Xcode.app/Contents/Developer/Applications/Java\ Tools
    export SYSTEM_DEVELOPER_PERFORMANCE_TOOLS_DIR\=/Applications/Xcode.app/Contents/Developer/Applications/Performance\ Tools
    export SYSTEM_DEVELOPER_RELEASENOTES_DIR\=/Applications/Xcode.app/Contents/Developer/ADC\ Reference\ Library/releasenotes
    export SYSTEM_DEVELOPER_TOOLS\=/Applications/Xcode.app/Contents/Developer/Tools
    export SYSTEM_DEVELOPER_TOOLS_DOC_DIR\=/Applications/Xcode.app/Contents/Developer/ADC\ Reference\ Library/documentation/DeveloperTools
    export SYSTEM_DEVELOPER_TOOLS_RELEASENOTES_DIR\=/Applications/Xcode.app/Contents/Developer/ADC\ Reference\ Library/releasenotes/DeveloperTools
    export SYSTEM_DEVELOPER_USR_DIR\=/Applications/Xcode.app/Contents/Developer/usr
    export SYSTEM_DEVELOPER_UTILITIES_DIR\=/Applications/Xcode.app/Contents/Developer/Applications/Utilities
    export SYSTEM_DEXT_INSTALL_PATH\=/System/Library/DriverExtensions
    export SYSTEM_DOCUMENTATION_DIR\=/Library/Documentation
    export SYSTEM_KEXT_INSTALL_PATH\=/System/Library/Extensions
    export SYSTEM_LIBRARY_DIR\=/System/Library
    export TAPI_DEMANGLE\=YES
    export TAPI_ENABLE_PROJECT_HEADERS\=NO
    export TAPI_LANGUAGE\=objective-c
    export TAPI_LANGUAGE_STANDARD\=compiler-default
    export TAPI_USE_SRCROOT\=YES
    export TAPI_VERIFY_MODE\=Pedantic
    export TARGETED_DEVICE_FAMILY\=1,2
    export TARGETNAME\=hermes-engine
    export TARGET_BUILD_DIR\=/Users/viveksarkar/Library/Developer/Xcode/DerivedData/Hatari-crnaywjepgfrrcdspvkwustrehyb/Build/Products/Debug-iphoneos/hermes-engine
    export TARGET_NAME\=hermes-engine
    export TARGET_TEMP_DIR\=/Users/viveksarkar/Library/Developer/Xcode/DerivedData/Hatari-crnaywjepgfrrcdspvkwustrehyb/Build/Intermediates.noindex/Pods.build/Debug-iphoneos/hermes-engine.build
    export TEMP_DIR\=/Users/viveksarkar/Library/Developer/Xcode/DerivedData/Hatari-crnaywjepgfrrcdspvkwustrehyb/Build/Intermediates.noindex/Pods.build/Debug-iphoneos/hermes-engine.build
    export TEMP_FILES_DIR\=/Users/viveksarkar/Library/Developer/Xcode/DerivedData/Hatari-crnaywjepgfrrcdspvkwustrehyb/Build/Intermediates.noindex/Pods.build/Debug-iphoneos/hermes-engine.build
    export TEMP_FILE_DIR\=/Users/viveksarkar/Library/Developer/Xcode/DerivedData/Hatari-crnaywjepgfrrcdspvkwustrehyb/Build/Intermediates.noindex/Pods.build/Debug-iphoneos/hermes-engine.build
    export TEMP_ROOT\=/Users/viveksarkar/Library/Developer/Xcode/DerivedData/Hatari-crnaywjepgfrrcdspvkwustrehyb/Build/Intermediates.noindex
    export TEMP_SANDBOX_DIR\=/Users/viveksarkar/Library/Developer/Xcode/DerivedData/Hatari-crnaywjepgfrrcdspvkwustrehyb/Build/Intermediates.noindex/TemporaryTaskSandboxes
    export TEST_FRAMEWORK_SEARCH_PATHS\=\ /Applications/Xcode.app/Contents/Developer/Platforms/iPhoneOS.platform/Developer/Library/Frameworks\ /Applications/Xcode.app/Contents/Developer/Platforms/iPhoneOS.platform/Developer/SDKs/iPhoneOS26.2.sdk/Developer/Library/Frameworks
    export TEST_LIBRARY_SEARCH_PATHS\=\ /Applications/Xcode.app/Contents/Developer/Platforms/iPhoneOS.platform/Developer/usr/lib
    export TOOLCHAINS\=com.apple.dt.toolchain.XcodeDefault
    export TOOLCHAIN_DIR\=/Applications/Xcode.app/Contents/Developer/Toolchains/XcodeDefault.xctoolchain
    export TREAT_MISSING_BASELINES_AS_TEST_FAILURES\=NO
    export TREAT_MISSING_SCRIPT_PHASE_OUTPUTS_AS_ERRORS\=NO
    export UID\=501
    export UNINSTALLED_PRODUCTS_DIR\=/Users/viveksarkar/Library/Developer/Xcode/DerivedData/Hatari-crnaywjepgfrrcdspvkwustrehyb/Build/Intermediates.noindex/UninstalledProducts
    export UNSTRIPPED_PRODUCT\=NO
    export USER\=viveksarkar
    export USER_APPS_DIR\=/Users/viveksarkar/Applications
    export USER_LIBRARY_DIR\=/Users/viveksarkar/Library
    export USE_DYNAMIC_NO_PIC\=YES
    export USE_HEADERMAP\=YES
    export USE_HEADER_SYMLINKS\=NO
    export USE_HERMES\=true
    export USE_RECURSIVE_SCRIPT_INPUTS_IN_SCRIPT_PHASES\=YES
    export VALIDATE_DEVELOPMENT_ASSET_PATHS\=YES_ERROR
    export VALIDATE_PRODUCT\=NO
    export VALID_ARCHS\=arm64\ arm64e\ armv7\ armv7s
    export VERBOSE_PBXCP\=NO
    export VERSION_INFO_BUILDER\=viveksarkar
    export VERSION_INFO_FILE\=hermes-engine_vers.c
    export VERSION_INFO_STRING\=\"@\(\#\)PROGRAM:hermes-engine\ \ PROJECT:Pods-\"
    export WORKSPACE_DIR\=/Users/viveksarkar/Desktop/Hatari_app/ios
    export WRAP_ASSET_PACKS_IN_SEPARATE_DIRECTORIES\=NO
    export XCODE_APP_SUPPORT_DIR\=/Applications/Xcode.app/Contents/Developer/Library/Xcode
    export XCODE_PRODUCT_BUILD_VERSION\=17C52
    export XCODE_VERSION_ACTUAL\=2620
    export XCODE_VERSION_MAJOR\=2600
    export XCODE_VERSION_MINOR\=2620
    export XPCSERVICES_FOLDER_PATH\=/XPCServices
    export YACC\=yacc
    export _DISCOVER_COMMAND_LINE_LINKER_INPUTS\=YES
    export _DISCOVER_COMMAND_LINE_LINKER_INPUTS_INCLUDE_WL\=YES
    export _LD_MULTIARCH\=YES
    export __DIAGNOSE_DEPRECATED_ARCHS\=YES
    export arch\=undefined_arch
    export variant\=normal
    /bin/sh -c /Users/viveksarkar/Library/Developer/Xcode/DerivedData/Hatari-crnaywjepgfrrcdspvkwustrehyb/Build/Intermediates.noindex/Pods.build/Debug-iphoneos/hermes-engine.build/Script-46EB2E00020810.sh
Node found at: /usr/local/bin/node
No previous build detected, but Debug Configuration. No need to replace Hermes engine

ProcessInfoPlistFile /Users/viveksarkar/Library/Developer/Xcode/DerivedData/Hatari-crnaywjepgfrrcdspvkwustrehyb/Build/Products/Debug-iphoneos/React-Core/React-Core_privacy.bundle/Info.plist /Users/viveksarkar/Desktop/Hatari_app/ios/Pods/Target\ Support\ Files/React-Core/ResourceBundle-React-Core_privacy-React-Core-Info.plist (in target 'React-Core-React-Core_privacy' from project 'Pods')
    cd /Users/viveksarkar/Desktop/Hatari_app/ios/Pods
    builtin-infoPlistUtility /Users/viveksarkar/Desktop/Hatari_app/ios/Pods/Target\ Support\ Files/React-Core/ResourceBundle-React-Core_privacy-React-Core-Info.plist -producttype com.apple.product-type.bundle -expandbuildsettings -format binary -platform iphoneos -requiredArchitecture arm64 -o /Users/viveksarkar/Library/Developer/Xcode/DerivedData/Hatari-crnaywjepgfrrcdspvkwustrehyb/Build/Products/Debug-iphoneos/React-Core/React-Core_privacy.bundle/Info.plist

ProcessInfoPlistFile /Users/viveksarkar/Library/Developer/Xcode/DerivedData/Hatari-crnaywjepgfrrcdspvkwustrehyb/Build/Products/Debug-iphoneos/React-cxxreact/React-cxxreact_privacy.bundle/Info.plist /Users/viveksarkar/Desktop/Hatari_app/ios/Pods/Target\ Support\ Files/React-cxxreact/ResourceBundle-React-cxxreact_privacy-React-cxxreact-Info.plist (in target 'React-cxxreact-React-cxxreact_privacy' from project 'Pods')
    cd /Users/viveksarkar/Desktop/Hatari_app/ios/Pods
    builtin-infoPlistUtility /Users/viveksarkar/Desktop/Hatari_app/ios/Pods/Target\ Support\ Files/React-cxxreact/ResourceBundle-React-cxxreact_privacy-React-cxxreact-Info.plist -producttype com.apple.product-type.bundle -expandbuildsettings -format binary -platform iphoneos -requiredArchitecture arm64 -o /Users/viveksarkar/Library/Developer/Xcode/DerivedData/Hatari-crnaywjepgfrrcdspvkwustrehyb/Build/Products/Debug-iphoneos/React-cxxreact/React-cxxreact_privacy.bundle/Info.plist

ProcessInfoPlistFile /Users/viveksarkar/Library/Developer/Xcode/DerivedData/Hatari-crnaywjepgfrrcdspvkwustrehyb/Build/Products/Debug-iphoneos/RNPermissions/RNPermissionsPrivacyInfo.bundle/Info.plist /Users/viveksarkar/Desktop/Hatari_app/ios/Pods/Target\ Support\ Files/RNPermissions/ResourceBundle-RNPermissionsPrivacyInfo-RNPermissions-Info.plist (in target 'RNPermissions-RNPermissionsPrivacyInfo' from project 'Pods')
    cd /Users/viveksarkar/Desktop/Hatari_app/ios/Pods
    builtin-infoPlistUtility /Users/viveksarkar/Desktop/Hatari_app/ios/Pods/Target\ Support\ Files/RNPermissions/ResourceBundle-RNPermissionsPrivacyInfo-RNPermissions-Info.plist -producttype com.apple.product-type.bundle -expandbuildsettings -format binary -platform iphoneos -requiredArchitecture arm64 -o /Users/viveksarkar/Library/Developer/Xcode/DerivedData/Hatari-crnaywjepgfrrcdspvkwustrehyb/Build/Products/Debug-iphoneos/RNPermissions/RNPermissionsPrivacyInfo.bundle/Info.plist

ProcessInfoPlistFile /Users/viveksarkar/Library/Developer/Xcode/DerivedData/Hatari-crnaywjepgfrrcdspvkwustrehyb/Build/Products/Debug-iphoneos/RNCAsyncStorage/RNCAsyncStorage_resources.bundle/Info.plist /Users/viveksarkar/Desktop/Hatari_app/ios/Pods/Target\ Support\ Files/RNCAsyncStorage/ResourceBundle-RNCAsyncStorage_resources-RNCAsyncStorage-Info.plist (in target 'RNCAsyncStorage-RNCAsyncStorage_resources' from project 'Pods')
    cd /Users/viveksarkar/Desktop/Hatari_app/ios/Pods
    builtin-infoPlistUtility /Users/viveksarkar/Desktop/Hatari_app/ios/Pods/Target\ Support\ Files/RNCAsyncStorage/ResourceBundle-RNCAsyncStorage_resources-RNCAsyncStorage-Info.plist -producttype com.apple.product-type.bundle -expandbuildsettings -format binary -platform iphoneos -requiredArchitecture arm64 -o /Users/viveksarkar/Library/Developer/Xcode/DerivedData/Hatari-crnaywjepgfrrcdspvkwustrehyb/Build/Products/Debug-iphoneos/RNCAsyncStorage/RNCAsyncStorage_resources.bundle/Info.plist

ProcessInfoPlistFile /Users/viveksarkar/Library/Developer/Xcode/DerivedData/Hatari-crnaywjepgfrrcdspvkwustrehyb/Build/Products/Debug-iphoneos/RNSVG/RNSVGFilters.bundle/Info.plist /Users/viveksarkar/Desktop/Hatari_app/ios/Pods/Target\ Support\ Files/RNSVG/ResourceBundle-RNSVGFilters-RNSVG-Info.plist (in target 'RNSVG-RNSVGFilters' from project 'Pods')
    cd /Users/viveksarkar/Desktop/Hatari_app/ios/Pods
    builtin-infoPlistUtility /Users/viveksarkar/Desktop/Hatari_app/ios/Pods/Target\ Support\ Files/RNSVG/ResourceBundle-RNSVGFilters-RNSVG-Info.plist -producttype com.apple.product-type.bundle -expandbuildsettings -format binary -platform iphoneos -requiredArchitecture arm64 -o /Users/viveksarkar/Library/Developer/Xcode/DerivedData/Hatari-crnaywjepgfrrcdspvkwustrehyb/Build/Products/Debug-iphoneos/RNSVG/RNSVGFilters.bundle/Info.plist

ProcessInfoPlistFile /Users/viveksarkar/Library/Developer/Xcode/DerivedData/Hatari-crnaywjepgfrrcdspvkwustrehyb/Build/Products/Debug-iphoneos/glog/glog_privacy.bundle/Info.plist /Users/viveksarkar/Desktop/Hatari_app/ios/Pods/Target\ Support\ Files/glog/ResourceBundle-glog_privacy-glog-Info.plist (in target 'glog-glog_privacy' from project 'Pods')
    cd /Users/viveksarkar/Desktop/Hatari_app/ios/Pods
    builtin-infoPlistUtility /Users/viveksarkar/Desktop/Hatari_app/ios/Pods/Target\ Support\ Files/glog/ResourceBundle-glog_privacy-glog-Info.plist -producttype com.apple.product-type.bundle -expandbuildsettings -format binary -platform iphoneos -requiredArchitecture arm64 -o /Users/viveksarkar/Library/Developer/Xcode/DerivedData/Hatari-crnaywjepgfrrcdspvkwustrehyb/Build/Products/Debug-iphoneos/glog/glog_privacy.bundle/Info.plist

ProcessInfoPlistFile /Users/viveksarkar/Library/Developer/Xcode/DerivedData/Hatari-crnaywjepgfrrcdspvkwustrehyb/Build/Products/Debug-iphoneos/boost/boost_privacy.bundle/Info.plist /Users/viveksarkar/Desktop/Hatari_app/ios/Pods/Target\ Support\ Files/boost/ResourceBundle-boost_privacy-boost-Info.plist (in target 'boost-boost_privacy' from project 'Pods')
    cd /Users/viveksarkar/Desktop/Hatari_app/ios/Pods
    builtin-infoPlistUtility /Users/viveksarkar/Desktop/Hatari_app/ios/Pods/Target\ Support\ Files/boost/ResourceBundle-boost_privacy-boost-Info.plist -producttype com.apple.product-type.bundle -expandbuildsettings -format binary -platform iphoneos -requiredArchitecture arm64 -o /Users/viveksarkar/Library/Developer/Xcode/DerivedData/Hatari-crnaywjepgfrrcdspvkwustrehyb/Build/Products/Debug-iphoneos/boost/boost_privacy.bundle/Info.plist

ProcessInfoPlistFile /Users/viveksarkar/Library/Developer/Xcode/DerivedData/Hatari-crnaywjepgfrrcdspvkwustrehyb/Build/Products/Debug-iphoneos/RCT-Folly/RCT-Folly_privacy.bundle/Info.plist /Users/viveksarkar/Desktop/Hatari_app/ios/Pods/Target\ Support\ Files/RCT-Folly/ResourceBundle-RCT-Folly_privacy-RCT-Folly-Info.plist (in target 'RCT-Folly-RCT-Folly_privacy' from project 'Pods')
    cd /Users/viveksarkar/Desktop/Hatari_app/ios/Pods
    builtin-infoPlistUtility /Users/viveksarkar/Desktop/Hatari_app/ios/Pods/Target\ Support\ Files/RCT-Folly/ResourceBundle-RCT-Folly_privacy-RCT-Folly-Info.plist -producttype com.apple.product-type.bundle -expandbuildsettings -format binary -platform iphoneos -requiredArchitecture arm64 -o /Users/viveksarkar/Library/Developer/Xcode/DerivedData/Hatari-crnaywjepgfrrcdspvkwustrehyb/Build/Products/Debug-iphoneos/RCT-Folly/RCT-Folly_privacy.bundle/Info.plist

note: Run script build phase '[CP-User] [RN]Check FBReactNativeSpec' will be run during every build because the option to run the script phase "Based on dependency analysis" is unchecked. (in target 'React-RCTFBReactNativeSpec' from project 'Pods')
PhaseScriptExecution [CP-User]\ [RN]Check\ FBReactNativeSpec /Users/viveksarkar/Library/Developer/Xcode/DerivedData/Hatari-crnaywjepgfrrcdspvkwustrehyb/Build/Intermediates.noindex/Pods.build/Debug-iphoneos/React-RCTFBReactNativeSpec.build/Script-46EB2E000207E0.sh (in target 'React-RCTFBReactNativeSpec' from project 'Pods')
    cd /Users/viveksarkar/Desktop/Hatari_app/ios/Pods
    export ACTION\=build
    export AD_HOC_CODE_SIGNING_ALLOWED\=NO
    export ALLOW_BUILD_REQUEST_OVERRIDES\=NO
    export ALLOW_TARGET_PLATFORM_SPECIALIZATION\=NO
    export ALTERNATE_GROUP\=staff
    export ALTERNATE_MODE\=u+w,go-w,a+rX
    export ALTERNATE_OWNER\=viveksarkar
    export ALTERNATIVE_DISTRIBUTION_WEB\=NO
    export ALWAYS_EMBED_SWIFT_STANDARD_LIBRARIES\=NO
    export ALWAYS_SEARCH_USER_PATHS\=NO
    export ALWAYS_USE_SEPARATE_HEADERMAPS\=NO
    export ANDROID_DEPLOYMENT_TARGET\=21.0
    export APPLICATION_EXTENSION_API_ONLY\=NO
    export APPLY_RULES_IN_COPY_FILES\=NO
    export APPLY_RULES_IN_COPY_HEADERS\=NO
    export APP_SHORTCUTS_ENABLE_FLEXIBLE_MATCHING\=YES
    export ARCHS\=arm64
    export ARCHS_STANDARD\=arm64
    export ARCHS_STANDARD_32_64_BIT\=armv7\ arm64
    export ARCHS_STANDARD_32_BIT\=armv7
    export ARCHS_STANDARD_64_BIT\=arm64
    export ARCHS_STANDARD_INCLUDING_64_BIT\=arm64
    export ARCHS_UNIVERSAL_IPHONE_OS\=armv7\ arm64
    export AUTOMATICALLY_MERGE_DEPENDENCIES\=NO
    export AUTOMATION_APPLE_EVENTS\=NO
    export AVAILABLE_PLATFORMS\=android\ appletvos\ appletvsimulator\ driverkit\ iphoneos\ iphonesimulator\ macosx\ qnx\ watchos\ watchsimulator\ webassembly\ xros\ xrsimulator
    export BUILD_ACTIVE_RESOURCES_ONLY\=NO
    export BUILD_COMPONENTS\=headers\ build
    export BUILD_DIR\=/Users/viveksarkar/Library/Developer/Xcode/DerivedData/Hatari-crnaywjepgfrrcdspvkwustrehyb/Build/Products
    export BUILD_LIBRARY_FOR_DISTRIBUTION\=NO
    export BUILD_ROOT\=/Users/viveksarkar/Library/Developer/Xcode/DerivedData/Hatari-crnaywjepgfrrcdspvkwustrehyb/Build/Products
    export BUILD_STYLE\=
    export BUILD_VARIANTS\=normal
    export BUILT_PRODUCTS_DIR\=/Users/viveksarkar/Library/Developer/Xcode/DerivedData/Hatari-crnaywjepgfrrcdspvkwustrehyb/Build/Products/Debug-iphoneos/React-RCTFBReactNativeSpec
    export BUNDLE_CONTENTS_FOLDER_PATH_deep\=Contents/
    export BUNDLE_EXECUTABLE_FOLDER_NAME_deep\=MacOS
    export BUNDLE_EXTENSIONS_FOLDER_PATH\=Extensions
    export BUNDLE_FORMAT\=shallow
    export BUNDLE_FRAMEWORKS_FOLDER_PATH\=Frameworks
    export BUNDLE_PLUGINS_FOLDER_PATH\=PlugIns
    export BUNDLE_PRIVATE_HEADERS_FOLDER_PATH\=PrivateHeaders
    export BUNDLE_PUBLIC_HEADERS_FOLDER_PATH\=Headers
    export CACHE_ROOT\=/var/folders/f3/1kcs5qp53tv85yg4g31v_rhh0000gn/C/com.apple.DeveloperTools/26.2-17C52/Xcode
    export CCHROOT\=/var/folders/f3/1kcs5qp53tv85yg4g31v_rhh0000gn/C/com.apple.DeveloperTools/26.2-17C52/Xcode
    export CHMOD\=/bin/chmod
    export CHOWN\=/usr/sbin/chown
    export CLANG_ALLOW_NON_MODULAR_INCLUDES_IN_FRAMEWORK_MODULES\=YES
    export CLANG_ANALYZER_LOCALIZABILITY_NONLOCALIZED\=YES
    export CLANG_ANALYZER_NONNULL\=YES
    export CLANG_ANALYZER_NUMBER_OBJECT_CONVERSION\=YES_AGGRESSIVE
    export CLANG_CACHE_FINE_GRAINED_OUTPUTS\=YES
    export CLANG_CXX_LANGUAGE_STANDARD\=c++20
    export CLANG_CXX_LIBRARY\=libc++
    export CLANG_ENABLE_EXPLICIT_MODULES\=YES
    export CLANG_ENABLE_MODULES\=YES
    export CLANG_ENABLE_MODULE_DEBUGGING\=NO
    export CLANG_ENABLE_OBJC_ARC\=YES
    export CLANG_ENABLE_OBJC_WEAK\=NO
    export CLANG_MODULES_BUILD_SESSION_FILE\=/Users/viveksarkar/Library/Developer/Xcode/DerivedData/ModuleCache.noindex/Session.modulevalidation
    export CLANG_WARN_BLOCK_CAPTURE_AUTORELEASING\=YES
    export CLANG_WARN_BOOL_CONVERSION\=YES
    export CLANG_WARN_COMMA\=YES
    export CLANG_WARN_CONSTANT_CONVERSION\=YES
    export CLANG_WARN_DEPRECATED_OBJC_IMPLEMENTATIONS\=YES
    export CLANG_WARN_DIRECT_OBJC_ISA_USAGE\=YES_ERROR
    export CLANG_WARN_DOCUMENTATION_COMMENTS\=YES
    export CLANG_WARN_EMPTY_BODY\=YES
    export CLANG_WARN_ENUM_CONVERSION\=YES
    export CLANG_WARN_INFINITE_RECURSION\=YES
    export CLANG_WARN_INT_CONVERSION\=YES
    export CLANG_WARN_NON_LITERAL_NULL_CONVERSION\=YES
    export CLANG_WARN_OBJC_IMPLICIT_RETAIN_SELF\=YES
    export CLANG_WARN_OBJC_LITERAL_CONVERSION\=YES
    export CLANG_WARN_OBJC_ROOT_CLASS\=YES_ERROR
    export CLANG_WARN_QUOTED_INCLUDE_IN_FRAMEWORK_HEADER\=NO
    export CLANG_WARN_RANGE_LOOP_ANALYSIS\=YES
    export CLANG_WARN_STRICT_PROTOTYPES\=YES
    export CLANG_WARN_SUSPICIOUS_MOVE\=YES
    export CLANG_WARN_UNGUARDED_AVAILABILITY\=YES_AGGRESSIVE
    export CLANG_WARN_UNREACHABLE_CODE\=YES
    export CLANG_WARN__DUPLICATE_METHOD_MATCH\=YES
    export CLASS_FILE_DIR\=/Users/viveksarkar/Library/Developer/Xcode/DerivedData/Hatari-crnaywjepgfrrcdspvkwustrehyb/Build/Intermediates.noindex/Pods.build/Debug-iphoneos/React-RCTFBReactNativeSpec.build/JavaClasses
    export CLEAN_PRECOMPS\=YES
    export CLONE_HEADERS\=NO
    export CODESIGNING_FOLDER_PATH\=/Users/viveksarkar/Library/Developer/Xcode/DerivedData/Hatari-crnaywjepgfrrcdspvkwustrehyb/Build/Products/Debug-iphoneos/React-RCTFBReactNativeSpec/libReact-RCTFBReactNativeSpec.a
    export CODE_SIGNING_ALLOWED\=NO
    export CODE_SIGNING_REQUIRED\=YES
    export CODE_SIGN_CONTEXT_CLASS\=XCiPhoneOSCodeSignContext
    export CODE_SIGN_INJECT_BASE_ENTITLEMENTS\=YES
    export COLOR_DIAGNOSTICS\=NO
    export COMBINE_HIDPI_IMAGES\=NO
    export COMPILATION_CACHE_CAS_PATH\=/Users/viveksarkar/Library/Developer/Xcode/DerivedData/CompilationCache.noindex
    export COMPILATION_CACHE_KEEP_CAS_DIRECTORY\=YES
    export COMPILER_INDEX_STORE_ENABLE\=NO
    export COMPOSITE_SDK_DIRS\=/Users/viveksarkar/Library/Developer/Xcode/DerivedData/Hatari-crnaywjepgfrrcdspvkwustrehyb/Build/Intermediates.noindex/CompositeSDKs
    export COMPRESS_PNG_FILES\=YES
    export CONFIGURATION\=Debug
    export CONFIGURATION_BUILD_DIR\=/Users/viveksarkar/Library/Developer/Xcode/DerivedData/Hatari-crnaywjepgfrrcdspvkwustrehyb/Build/Products/Debug-iphoneos/React-RCTFBReactNativeSpec
    export CONFIGURATION_TEMP_DIR\=/Users/viveksarkar/Library/Developer/Xcode/DerivedData/Hatari-crnaywjepgfrrcdspvkwustrehyb/Build/Intermediates.noindex/Pods.build/Debug-iphoneos
    export COPYING_PRESERVES_HFS_DATA\=NO
    export COPY_HEADERS_RUN_UNIFDEF\=NO
    export COPY_PHASE_STRIP\=NO
    export CORRESPONDING_SIMULATOR_PLATFORM_DIR\=/Applications/Xcode.app/Contents/Developer/Platforms/iPhoneSimulator.platform
    export CORRESPONDING_SIMULATOR_PLATFORM_NAME\=iphonesimulator
    export CORRESPONDING_SIMULATOR_SDK_DIR\=/Applications/Xcode.app/Contents/Developer/Platforms/iPhoneSimulator.platform/Developer/SDKs/iPhoneSimulator26.2.sdk
    export CORRESPONDING_SIMULATOR_SDK_NAME\=iphonesimulator26.2
    export CP\=/bin/cp
    export CREATE_INFOPLIST_SECTION_IN_BINARY\=NO
    export CURRENT_ARCH\=undefined_arch
    export CURRENT_VARIANT\=normal
    export DEAD_CODE_STRIPPING\=YES
    export DEBUGGING_SYMBOLS\=YES
    export DEBUG_INFORMATION_FORMAT\=dwarf
    export DEBUG_INFORMATION_VERSION\=compiler-default
    export DEFAULT_COMPILER\=com.apple.compilers.llvm.clang.1_0
    export DEFAULT_DEXT_INSTALL_PATH\=/System/Library/DriverExtensions
    export DEFAULT_KEXT_INSTALL_PATH\=/System/Library/Extensions
    export DEFINES_MODULE\=NO
    export DEPLOYMENT_LOCATION\=NO
    export DEPLOYMENT_POSTPROCESSING\=NO
    export DEPLOYMENT_TARGET_SETTING_NAME\=IPHONEOS_DEPLOYMENT_TARGET
    export DEPLOYMENT_TARGET_SUGGESTED_VALUES\=12.0\ 12.1\ 12.2\ 12.3\ 12.4\ 13.0\ 13.1\ 13.2\ 13.3\ 13.4\ 13.5\ 13.6\ 14.0\ 14.1\ 14.2\ 14.3\ 14.4\ 14.5\ 14.6\ 14.7\ 15.0\ 15.1\ 15.2\ 15.3\ 15.4\ 15.5\ 15.6\ 16.0\ 16.1\ 16.2\ 16.3\ 16.4\ 16.5\ 16.6\ 17.0\ 17.1\ 17.2\ 17.3\ 17.4\ 17.5\ 17.6\ 18.0\ 18.1\ 18.2\ 18.3\ 18.4\ 18.5\ 18.6\ 26.0\ 26.1\ 26.2
    export DERIVED_FILES_DIR\=/Users/viveksarkar/Library/Developer/Xcode/DerivedData/Hatari-crnaywjepgfrrcdspvkwustrehyb/Build/Intermediates.noindex/Pods.build/Debug-iphoneos/React-RCTFBReactNativeSpec.build/DerivedSources
    export DERIVED_FILE_DIR\=/Users/viveksarkar/Library/Developer/Xcode/DerivedData/Hatari-crnaywjepgfrrcdspvkwustrehyb/Build/Intermediates.noindex/Pods.build/Debug-iphoneos/React-RCTFBReactNativeSpec.build/DerivedSources
    export DERIVED_SOURCES_DIR\=/Users/viveksarkar/Library/Developer/Xcode/DerivedData/Hatari-crnaywjepgfrrcdspvkwustrehyb/Build/Intermediates.noindex/Pods.build/Debug-iphoneos/React-RCTFBReactNativeSpec.build/DerivedSources
    export DERIVE_MACCATALYST_PRODUCT_BUNDLE_IDENTIFIER\=NO
    export DEVELOPER_APPLICATIONS_DIR\=/Applications/Xcode.app/Contents/Developer/Applications
    export DEVELOPER_BIN_DIR\=/Applications/Xcode.app/Contents/Developer/usr/bin
    export DEVELOPER_DIR\=/Applications/Xcode.app/Contents/Developer
    export DEVELOPER_FRAMEWORKS_DIR\=/Applications/Xcode.app/Contents/Developer/Library/Frameworks
    export DEVELOPER_FRAMEWORKS_DIR_QUOTED\=/Applications/Xcode.app/Contents/Developer/Library/Frameworks
    export DEVELOPER_LIBRARY_DIR\=/Applications/Xcode.app/Contents/Developer/Library
    export DEVELOPER_SDK_DIR\=/Applications/Xcode.app/Contents/Developer/Platforms/MacOSX.platform/Developer/SDKs
    export DEVELOPER_TOOLS_DIR\=/Applications/Xcode.app/Contents/Developer/Tools
    export DEVELOPER_USR_DIR\=/Applications/Xcode.app/Contents/Developer/usr
    export DEVELOPMENT_LANGUAGE\=en
    export DIAGNOSE_MISSING_TARGET_DEPENDENCIES\=YES
    export DIFF\=/usr/bin/diff
    export DONT_GENERATE_INFOPLIST_FILE\=NO
    export DSTROOT\=/tmp/Pods.dst
    export DT_TOOLCHAIN_DIR\=/Applications/Xcode.app/Contents/Developer/Toolchains/XcodeDefault.xctoolchain
    export DWARF_DSYM_FILE_NAME\=libReact-RCTFBReactNativeSpec.a.dSYM
    export DWARF_DSYM_FILE_SHOULD_ACCOMPANY_PRODUCT\=NO
    export DWARF_DSYM_FOLDER_PATH\=/Users/viveksarkar/Library/Developer/Xcode/DerivedData/Hatari-crnaywjepgfrrcdspvkwustrehyb/Build/Products/Debug-iphoneos/React-RCTFBReactNativeSpec
    export DYNAMIC_LIBRARY_EXTENSION\=dylib
    export EAGER_COMPILATION_ALLOW_SCRIPTS\=NO
    export EAGER_LINKING\=NO
    export EFFECTIVE_PLATFORM_NAME\=-iphoneos
    export EMBEDDED_CONTENT_CONTAINS_SWIFT\=NO
    export EMBEDDED_PROFILE_NAME\=embedded.mobileprovision
    export EMBED_ASSET_PACKS_IN_PRODUCT_BUNDLE\=NO
    export ENABLE_APP_SANDBOX\=NO
    export ENABLE_CODE_COVERAGE\=YES
    export ENABLE_CPLUSPLUS_BOUNDS_SAFE_BUFFERS\=NO
    export ENABLE_C_BOUNDS_SAFETY\=NO
    export ENABLE_DEFAULT_HEADER_SEARCH_PATHS\=YES
    export ENABLE_DEFAULT_SEARCH_PATHS\=YES
    export ENABLE_ENHANCED_SECURITY\=NO
    export ENABLE_HARDENED_RUNTIME\=NO
    export ENABLE_HEADER_DEPENDENCIES\=YES
    export ENABLE_INCOMING_NETWORK_CONNECTIONS\=NO
    export ENABLE_MODULE_VERIFIER\=NO
    export ENABLE_ON_DEMAND_RESOURCES\=NO
    export ENABLE_OUTGOING_NETWORK_CONNECTIONS\=NO
    export ENABLE_POINTER_AUTHENTICATION\=NO
    export ENABLE_PREVIEWS\=NO
    export ENABLE_RESOURCE_ACCESS_AUDIO_INPUT\=NO
    export ENABLE_RESOURCE_ACCESS_BLUETOOTH\=NO
    export ENABLE_RESOURCE_ACCESS_CALENDARS\=NO
    export ENABLE_RESOURCE_ACCESS_CAMERA\=NO
    export ENABLE_RESOURCE_ACCESS_CONTACTS\=NO
    export ENABLE_RESOURCE_ACCESS_LOCATION\=NO
    export ENABLE_RESOURCE_ACCESS_PHOTO_LIBRARY\=NO
    export ENABLE_RESOURCE_ACCESS_PRINTING\=NO
    export ENABLE_RESOURCE_ACCESS_USB\=NO
    export ENABLE_SDK_IMPORTS\=NO
    export ENABLE_SECURITY_COMPILER_WARNINGS\=NO
    export ENABLE_STRICT_OBJC_MSGSEND\=YES
    export ENABLE_TESTABILITY\=YES
    export ENABLE_TESTING_SEARCH_PATHS\=NO
    export ENABLE_USER_SCRIPT_SANDBOXING\=NO
    export ENABLE_XOJIT_PREVIEWS\=YES
    export ENFORCE_VALID_ARCHS\=YES
    export ENTITLEMENTS_DESTINATION\=Signature
    export ENTITLEMENTS_REQUIRED\=YES
    export EXCLUDED_INSTALLSRC_SUBDIRECTORY_PATTERNS\=.DS_Store\ .svn\ .git\ .hg\ CVS
    export EXCLUDED_RECURSIVE_SEARCH_PATH_SUBDIRECTORIES\=\*.nib\ \*.lproj\ \*.framework\ \*.gch\ \*.xcode\*\ \*.xcassets\ \*.icon\ \(\*\)\ .DS_Store\ CVS\ .svn\ .git\ .hg\ \*.pbproj\ \*.pbxproj
    export EXECUTABLE_EXTENSION\=a
    export EXECUTABLE_NAME\=libReact-RCTFBReactNativeSpec.a
    export EXECUTABLE_PATH\=libReact-RCTFBReactNativeSpec.a
    export EXECUTABLE_PREFIX\=lib
    export EXECUTABLE_SUFFIX\=.a
    export FILE_LIST\=/Users/viveksarkar/Library/Developer/Xcode/DerivedData/Hatari-crnaywjepgfrrcdspvkwustrehyb/Build/Intermediates.noindex/Pods.build/Debug-iphoneos/React-RCTFBReactNativeSpec.build/Objects/LinkFileList
    export FIXED_FILES_DIR\=/Users/viveksarkar/Library/Developer/Xcode/DerivedData/Hatari-crnaywjepgfrrcdspvkwustrehyb/Build/Intermediates.noindex/Pods.build/Debug-iphoneos/React-RCTFBReactNativeSpec.build/FixedFiles
    export FRAMEWORK_FLAG_PREFIX\=-framework
    export FRAMEWORK_SEARCH_PATHS\=/Users/viveksarkar/Library/Developer/Xcode/DerivedData/Hatari-crnaywjepgfrrcdspvkwustrehyb/Build/Products/Debug-iphoneos/React-RCTFBReactNativeSpec\ \ \"/Users/viveksarkar/Desktop/Hatari_app/ios/Pods/hermes-engine/destroot/Library/Frameworks/universal\"\ \"/Users/viveksarkar/Library/Developer/Xcode/DerivedData/Hatari-crnaywjepgfrrcdspvkwustrehyb/Build/Products/Debug-iphoneos/XCFrameworkIntermediates/hermes-engine/Pre-built\"
    export FRAMEWORK_VERSION\=A
    export FULL_PRODUCT_NAME\=libReact-RCTFBReactNativeSpec.a
    export FUSE_BUILD_PHASES\=YES
    export FUSE_BUILD_SCRIPT_PHASES\=NO
    export GCC3_VERSION\=3.3
    export GCC_C_LANGUAGE_STANDARD\=gnu11
    export GCC_DYNAMIC_NO_PIC\=NO
    export GCC_NO_COMMON_BLOCKS\=YES
    export GCC_OPTIMIZATION_LEVEL\=0
    export GCC_PFE_FILE_C_DIALECTS\=c\ objective-c\ c++\ objective-c++
    export GCC_PREFIX_HEADER\=Target\ Support\ Files/React-RCTFBReactNativeSpec/React-RCTFBReactNativeSpec-prefix.pch
    export GCC_PREPROCESSOR_DEFINITIONS\=POD_CONFIGURATION_DEBUG\=1\ DEBUG\=1\ \ COCOAPODS\=1
    export GCC_THUMB_SUPPORT\=YES
    export GCC_TREAT_WARNINGS_AS_ERRORS\=NO
    export GCC_VERSION\=com.apple.compilers.llvm.clang.1_0
    export GCC_VERSION_IDENTIFIER\=com_apple_compilers_llvm_clang_1_0
    export GCC_WARN_64_TO_32_BIT_CONVERSION\=YES
    export GCC_WARN_ABOUT_RETURN_TYPE\=YES_ERROR
    export GCC_WARN_UNDECLARED_SELECTOR\=YES
    export GCC_WARN_UNINITIALIZED_AUTOS\=YES_AGGRESSIVE
    export GCC_WARN_UNUSED_FUNCTION\=YES
    export GCC_WARN_UNUSED_VARIABLE\=YES
    export GENERATED_MODULEMAP_DIR\=/Users/viveksarkar/Library/Developer/Xcode/DerivedData/Hatari-crnaywjepgfrrcdspvkwustrehyb/Build/Intermediates.noindex/GeneratedModuleMaps-iphoneos
    export GENERATE_INFOPLIST_FILE\=NO
    export GENERATE_INTERMEDIATE_TEXT_BASED_STUBS\=YES
    export GENERATE_PKGINFO_FILE\=NO
    export GENERATE_PRELINK_OBJECT_FILE\=NO
    export GENERATE_PROFILING_CODE\=NO
    export GENERATE_TEXT_BASED_STUBS\=NO
    export GID\=20
    export GROUP\=staff
    export HEADERMAP_INCLUDES_FLAT_ENTRIES_FOR_TARGET_BEING_BUILT\=YES
    export HEADERMAP_INCLUDES_FRAMEWORK_ENTRIES_FOR_ALL_PRODUCT_TYPES\=YES
    export HEADERMAP_INCLUDES_FRAMEWORK_ENTRIES_FOR_TARGETS_NOT_BEING_BUILT\=YES
    export HEADERMAP_INCLUDES_NONPUBLIC_NONPRIVATE_HEADERS\=YES
    export HEADERMAP_INCLUDES_PROJECT_HEADERS\=YES
    export HEADERMAP_USES_FRAMEWORK_PREFIX_ENTRIES\=YES
    export HEADERMAP_USES_VFS\=NO
    export HEADER_SEARCH_PATHS\=/Users/viveksarkar/Library/Developer/Xcode/DerivedData/Hatari-crnaywjepgfrrcdspvkwustrehyb/Build/Products/Debug-iphoneos/React-RCTFBReactNativeSpec/include\ \ \"/Users/viveksarkar/Desktop/Hatari_app/ios/Pods/Headers/Private\"\ \"/Users/viveksarkar/Desktop/Hatari_app/ios/Pods/Headers/Private/React-RCTFBReactNativeSpec\"\ \"/Users/viveksarkar/Desktop/Hatari_app/ios/Pods/Headers/Public\"\ \"/Users/viveksarkar/Desktop/Hatari_app/ios/Pods/Headers/Public/DoubleConversion\"\ \"/Users/viveksarkar/Desktop/Hatari_app/ios/Pods/Headers/Public/FBLazyVector\"\ \"/Users/viveksarkar/Desktop/Hatari_app/ios/Pods/Headers/Public/RCT-Folly\"\ \"/Users/viveksarkar/Desktop/Hatari_app/ios/Pods/Headers/Public/RCTDeprecation\"\ \"/Users/viveksarkar/Desktop/Hatari_app/ios/Pods/Headers/Public/RCTRequired\"\ \"/Users/viveksarkar/Desktop/Hatari_app/ios/Pods/Headers/Public/RCTTypeSafety\"\ \"/Users/viveksarkar/Desktop/Hatari_app/ios/Pods/Headers/Public/React-Core\"\ \"/Users/viveksarkar/Desktop/Hatari_app/ios/Pods/Headers/Public/React-NativeModulesApple\"\ \"/Users/viveksarkar/Desktop/Hatari_app/ios/Pods/Headers/Public/React-RCTFBReactNativeSpec\"\ \"/Users/viveksarkar/Desktop/Hatari_app/ios/Pods/Headers/Public/React-callinvoker\"\ \"/Users/viveksarkar/Desktop/Hatari_app/ios/Pods/Headers/Public/React-cxxreact\"\ \"/Users/viveksarkar/Desktop/Hatari_app/ios/Pods/Headers/Public/React-debug\"\ \"/Users/viveksarkar/Desktop/Hatari_app/ios/Pods/Headers/Public/React-featureflags\"\ \"/Users/viveksarkar/Desktop/Hatari_app/ios/Pods/Headers/Public/React-hermes\"\ \"/Users/viveksarkar/Desktop/Hatari_app/ios/Pods/Headers/Public/React-jsi\"\ \"/Users/viveksarkar/Desktop/Hatari_app/ios/Pods/Headers/Public/React-jsiexecutor\"\ \"/Users/viveksarkar/Desktop/Hatari_app/ios/Pods/Headers/Public/React-jsinspector\"\ \"/Users/viveksarkar/Desktop/Hatari_app/ios/Pods/Headers/Public/React-jsinspectortracing\"\ \"/Users/viveksarkar/Desktop/Hatari_app/ios/Pods/Headers/Public/React-jsitooling\"\ \"/Users/viveksarkar/Desktop/Hatari_app/ios/Pods/Headers/Public/React-logger\"\ \"/Users/viveksarkar/Desktop/Hatari_app/ios/Pods/Headers/Public/React-oscompat\"\ \"/Users/viveksarkar/Desktop/Hatari_app/ios/Pods/Headers/Public/React-perflogger\"\ \"/Users/viveksarkar/Desktop/Hatari_app/ios/Pods/Headers/Public/React-performancetimeline\"\ \"/Users/viveksarkar/Desktop/Hatari_app/ios/Pods/Headers/Public/React-rendererconsistency\"\ \"/Users/viveksarkar/Desktop/Hatari_app/ios/Pods/Headers/Public/React-rendererdebug\"\ \"/Users/viveksarkar/Desktop/Hatari_app/ios/Pods/Headers/Public/React-runtimeexecutor\"\ \"/Users/viveksarkar/Desktop/Hatari_app/ios/Pods/Headers/Public/React-runtimescheduler\"\ \"/Users/viveksarkar/Desktop/Hatari_app/ios/Pods/Headers/Public/React-timing\"\ \"/Users/viveksarkar/Desktop/Hatari_app/ios/Pods/Headers/Public/React-utils\"\ \"/Users/viveksarkar/Desktop/Hatari_app/ios/Pods/Headers/Public/ReactCommon\"\ \"/Users/viveksarkar/Desktop/Hatari_app/ios/Pods/Headers/Public/SocketRocket\"\ \"/Users/viveksarkar/Desktop/Hatari_app/ios/Pods/Headers/Public/Yoga\"\ \"/Users/viveksarkar/Desktop/Hatari_app/ios/Pods/Headers/Public/boost\"\ \"/Users/viveksarkar/Desktop/Hatari_app/ios/Pods/Headers/Public/fast_float\"\ \"/Users/viveksarkar/Desktop/Hatari_app/ios/Pods/Headers/Public/fmt\"\ \"/Users/viveksarkar/Desktop/Hatari_app/ios/Pods/Headers/Public/glog\"\ \"/Users/viveksarkar/Desktop/Hatari_app/ios/Pods/Headers/Public/hermes-engine\"\ \"/Users/viveksarkar/Desktop/Hatari_app/ios/Pods/RCT-Folly\"\ \"/Users/viveksarkar/Library/Developer/Xcode/DerivedData/Hatari-crnaywjepgfrrcdspvkwustrehyb/Build/Products/Debug-iphoneos/ReactCommon/ReactCommon.framework/Headers\"\ \"/Users/viveksarkar/Library/Developer/Xcode/DerivedData/Hatari-crnaywjepgfrrcdspvkwustrehyb/Build/Products/Debug-iphoneos/ReactCommon/ReactCommon.framework/Headers/react/nativemodule/core\"\ \"/Users/viveksarkar/Library/Developer/Xcode/DerivedData/Hatari-crnaywjepgfrrcdspvkwustrehyb/Build/Products/Debug-iphoneos/ReactCommon/ReactCommon.framework/Headers\"\ \"/Users/viveksarkar/Library/Developer/Xcode/DerivedData/Hatari-crnaywjepgfrrcdspvkwustrehyb/Build/Products/Debug-iphoneos/ReactCommon/ReactCommon.framework/Headers/react/nativemodule/bridging\"
    export HOME\=/Users/viveksarkar
    export HOST_ARCH\=arm64
    export HOST_PLATFORM\=macosx
    export ICONV\=/usr/bin/iconv
    export IMPLICIT_DEPENDENCY_DOMAIN\=default
    export INFOPLIST_ENABLE_CFBUNDLEICONS_MERGE\=YES
    export INFOPLIST_EXPAND_BUILD_SETTINGS\=YES
    export INFOPLIST_OUTPUT_FORMAT\=binary
    export INFOPLIST_PREPROCESS\=NO
    export INLINE_PRIVATE_FRAMEWORKS\=NO
    export INSTALLAPI_IGNORE_SKIP_INSTALL\=YES
    export INSTALLHDRS_COPY_PHASE\=NO
    export INSTALLHDRS_SCRIPT_PHASE\=NO
    export INSTALL_DIR\=/tmp/Pods.dst/usr/local/lib
    export INSTALL_GROUP\=staff
    export INSTALL_MODE_FLAG\=u+w,go-w,a+rX
    export INSTALL_OWNER\=viveksarkar
    export INSTALL_PATH\=/usr/local/lib
    export INSTALL_ROOT\=/tmp/Pods.dst
    export IPHONEOS_DEPLOYMENT_TARGET\=15.1
    export IS_UNOPTIMIZED_BUILD\=YES
    export JAVAC_DEFAULT_FLAGS\=-J-Xms64m\ -J-XX:NewSize\=4M\ -J-Dfile.encoding\=UTF8
    export JAVA_APP_STUB\=/System/Library/Frameworks/JavaVM.framework/Resources/MacOS/JavaApplicationStub
    export JAVA_ARCHIVE_CLASSES\=YES
    export JAVA_ARCHIVE_TYPE\=JAR
    export JAVA_COMPILER\=/usr/bin/javac
    export JAVA_FRAMEWORK_RESOURCES_DIRS\=Resources
    export JAVA_JAR_FLAGS\=cv
    export JAVA_SOURCE_SUBDIR\=.
    export JAVA_USE_DEPENDENCIES\=YES
    export JAVA_ZIP_FLAGS\=-urg
    export JIKES_DEFAULT_FLAGS\=+E\ +OLDCSO
    export KASAN_CFLAGS_CLASSIC\=-DKASAN\=1\ -DKASAN_CLASSIC\=1\ -fsanitize\=address\ -mllvm\ -asan-globals-live-support\ -mllvm\ -asan-force-dynamic-shadow
    export KASAN_CFLAGS_TBI\=-DKASAN\=1\ -DKASAN_TBI\=1\ -fsanitize\=kernel-hwaddress\ -mllvm\ -hwasan-recover\=0\ -mllvm\ -hwasan-instrument-atomics\=0\ -mllvm\ -hwasan-instrument-stack\=1\ -mllvm\ -hwasan-generate-tags-with-calls\=1\ -mllvm\ -hwasan-instrument-with-calls\=1\ -mllvm\ -hwasan-use-short-granules\=0\ -mllvm\ -hwasan-memory-access-callback-prefix\=__asan_
    export KASAN_DEFAULT_CFLAGS\=-DKASAN\=1\ -DKASAN_CLASSIC\=1\ -fsanitize\=address\ -mllvm\ -asan-globals-live-support\ -mllvm\ -asan-force-dynamic-shadow
    export KEEP_PRIVATE_EXTERNS\=NO
    export LD_DEPENDENCY_INFO_FILE\=/Users/viveksarkar/Library/Developer/Xcode/DerivedData/Hatari-crnaywjepgfrrcdspvkwustrehyb/Build/Intermediates.noindex/Pods.build/Debug-iphoneos/React-RCTFBReactNativeSpec.build/Objects-normal/undefined_arch/React-RCTFBReactNativeSpec_dependency_info.dat
    export LD_EXPORT_SYMBOLS\=YES
    export LD_GENERATE_MAP_FILE\=NO
    export LD_MAP_FILE_PATH\=/Users/viveksarkar/Library/Developer/Xcode/DerivedData/Hatari-crnaywjepgfrrcdspvkwustrehyb/Build/Intermediates.noindex/Pods.build/Debug-iphoneos/React-RCTFBReactNativeSpec.build/React-RCTFBReactNativeSpec-LinkMap-normal-undefined_arch.txt
    export LD_NO_PIE\=NO
    export LD_QUOTE_LINKER_ARGUMENTS_FOR_COMPILER_DRIVER\=YES
    export LD_SHARED_CACHE_ELIGIBLE\=Automatic
    export LD_WARN_DUPLICATE_LIBRARIES\=NO
    export LD_WARN_UNUSED_DYLIBS\=NO
    export LEGACY_DEVELOPER_DIR\=/Applications/Xcode.app/Contents/PlugIns/Xcode3Core.ideplugin/Contents/SharedSupport/Developer
    export LEX\=lex
    export LIBRARY_DEXT_INSTALL_PATH\=/Library/DriverExtensions
    export LIBRARY_FLAG_NOSPACE\=YES
    export LIBRARY_FLAG_PREFIX\=-l
    export LIBRARY_KEXT_INSTALL_PATH\=/Library/Extensions
    export LIBRARY_SEARCH_PATHS\=/Users/viveksarkar/Library/Developer/Xcode/DerivedData/Hatari-crnaywjepgfrrcdspvkwustrehyb/Build/Products/Debug-iphoneos/React-RCTFBReactNativeSpec\ 
    export LINKER_DISPLAYS_MANGLED_NAMES\=NO
    export LINK_FILE_LIST_normal_arm64\=/Users/viveksarkar/Library/Developer/Xcode/DerivedData/Hatari-crnaywjepgfrrcdspvkwustrehyb/Build/Intermediates.noindex/Pods.build/Debug-iphoneos/React-RCTFBReactNativeSpec.build/Objects-normal/arm64/React-RCTFBReactNativeSpec.LinkFileList
    export LINK_OBJC_RUNTIME\=YES
    export LINK_WITH_STANDARD_LIBRARIES\=YES
    export LLVM_TARGET_TRIPLE_OS_VERSION\=ios15.1
    export LLVM_TARGET_TRIPLE_VENDOR\=apple
    export LM_AUX_CONST_METADATA_LIST_PATH_normal_arm64\=/Users/viveksarkar/Library/Developer/Xcode/DerivedData/Hatari-crnaywjepgfrrcdspvkwustrehyb/Build/Intermediates.noindex/Pods.build/Debug-iphoneos/React-RCTFBReactNativeSpec.build/Objects-normal/arm64/React-RCTFBReactNativeSpec.SwiftConstValuesFileList
    export LOCALIZATION_EXPORT_SUPPORTED\=YES
    export LOCALIZATION_PREFERS_STRING_CATALOGS\=NO
    export LOCALIZED_STRING_MACRO_NAMES\=NSLocalizedString\ CFCopyLocalizedString
    export LOCALIZED_STRING_SWIFTUI_SUPPORT\=YES
    export LOCAL_ADMIN_APPS_DIR\=/Applications/Utilities
    export LOCAL_APPS_DIR\=/Applications
    export LOCAL_DEVELOPER_DIR\=/Library/Developer
    export LOCAL_LIBRARY_DIR\=/Library
    export LOCROOT\=/Users/viveksarkar/Desktop/Hatari_app/ios/Pods
    export LOCSYMROOT\=/Users/viveksarkar/Desktop/Hatari_app/ios/Pods
    export MACH_O_TYPE\=staticlib
    export MAC_OS_X_PRODUCT_BUILD_VERSION\=25C56
    export MAC_OS_X_VERSION_ACTUAL\=260200
    export MAC_OS_X_VERSION_MAJOR\=260000
    export MAC_OS_X_VERSION_MINOR\=260200
    export MAKE_MERGEABLE\=NO
    export MERGEABLE_LIBRARY\=NO
    export MERGED_BINARY_TYPE\=none
    export MERGE_LINKED_LIBRARIES\=NO
    export METAL_LIBRARY_FILE_BASE\=default
    export METAL_LIBRARY_OUTPUT_DIR\=/Users/viveksarkar/Library/Developer/Xcode/DerivedData/Hatari-crnaywjepgfrrcdspvkwustrehyb/Build/Products/Debug-iphoneos/React-RCTFBReactNativeSpec/
    export MODULE_CACHE_DIR\=/Users/viveksarkar/Library/Developer/Xcode/DerivedData/ModuleCache.noindex
    export MTL_ENABLE_DEBUG_INFO\=INCLUDE_SOURCE
    export MTL_FAST_MATH\=YES
    export NATIVE_ARCH\=arm64
    export NATIVE_ARCH_32_BIT\=arm
    export NATIVE_ARCH_64_BIT\=arm64
    export NATIVE_ARCH_ACTUAL\=arm64
    export NO_COMMON\=YES
    export OBJECT_FILE_DIR\=/Users/viveksarkar/Library/Developer/Xcode/DerivedData/Hatari-crnaywjepgfrrcdspvkwustrehyb/Build/Intermediates.noindex/Pods.build/Debug-iphoneos/React-RCTFBReactNativeSpec.build/Objects
    export OBJECT_FILE_DIR_normal\=/Users/viveksarkar/Library/Developer/Xcode/DerivedData/Hatari-crnaywjepgfrrcdspvkwustrehyb/Build/Intermediates.noindex/Pods.build/Debug-iphoneos/React-RCTFBReactNativeSpec.build/Objects-normal
    export OBJROOT\=/Users/viveksarkar/Library/Developer/Xcode/DerivedData/Hatari-crnaywjepgfrrcdspvkwustrehyb/Build/Intermediates.noindex
    export ONLY_ACTIVE_ARCH\=NO
    export OS\=MACOS
    export OSAC\=/usr/bin/osacompile
    export OTHER_CFLAGS\=\ -fmodule-map-file\=\"/Users/viveksarkar/Desktop/Hatari_app/ios/Pods/Headers/Public/DoubleConversion/DoubleConversion.modulemap\"\ -fmodule-map-file\=\"/Users/viveksarkar/Desktop/Hatari_app/ios/Pods/Headers/Public/RCTDeprecation/RCTDeprecation.modulemap\"\ -fmodule-map-file\=\"/Users/viveksarkar/Desktop/Hatari_app/ios/Pods/Headers/Public/RCTTypeSafety/RCTTypeSafety.modulemap\"\ -fmodule-map-file\=\"/Users/viveksarkar/Desktop/Hatari_app/ios/Pods/Headers/Public/React/React-Core.modulemap\"\ -fmodule-map-file\=\"/Users/viveksarkar/Desktop/Hatari_app/ios/Pods/Headers/Public/ReactCommon/ReactCommon.modulemap\"\ -fmodule-map-file\=\"/Users/viveksarkar/Desktop/Hatari_app/ios/Pods/Headers/Public/React_NativeModulesApple/React-NativeModulesApple.modulemap\"\ -fmodule-map-file\=\"/Users/viveksarkar/Desktop/Hatari_app/ios/Pods/Headers/Public/folly/RCT-Folly.modulemap\"\ -fmodule-map-file\=\"/Users/viveksarkar/Desktop/Hatari_app/ios/Pods/Headers/Public/glog/glog.modulemap\"\ -fmodule-map-file\=\"/Users/viveksarkar/Desktop/Hatari_app/ios/Pods/Headers/Public/jsi/React-jsi.modulemap\"\ -fmodule-map-file\=\"/Users/viveksarkar/Desktop/Hatari_app/ios/Pods/Headers/Public/jsinspector_modern/React-jsinspector.modulemap\"\ -fmodule-map-file\=\"/Users/viveksarkar/Desktop/Hatari_app/ios/Pods/Headers/Public/jsinspector_modern_tracing/React-jsinspectortracing.modulemap\"\ -fmodule-map-file\=\"/Users/viveksarkar/Desktop/Hatari_app/ios/Pods/Headers/Public/react_debug/React-debug.modulemap\"\ -fmodule-map-file\=\"/Users/viveksarkar/Desktop/Hatari_app/ios/Pods/Headers/Public/react_featureflags/React-featureflags.modulemap\"\ -fmodule-map-file\=\"/Users/viveksarkar/Desktop/Hatari_app/ios/Pods/Headers/Public/react_renderer_debug/React-rendererdebug.modulemap\"\ -fmodule-map-file\=\"/Users/viveksarkar/Desktop/Hatari_app/ios/Pods/Headers/Public/react_runtime/React-jsitooling.modulemap\"\ -fmodule-map-file\=\"/Users/viveksarkar/Desktop/Hatari_app/ios/Pods/Headers/Public/react_utils/React-utils.modulemap\"\ -fmodule-map-file\=\"/Users/viveksarkar/Desktop/Hatari_app/ios/Pods/Headers/Public/reacthermes/React-hermes.modulemap\"\ -fmodule-map-file\=\"/Users/viveksarkar/Desktop/Hatari_app/ios/Pods/Headers/Public/yoga/Yoga.modulemap\"\ \ -DFOLLY_NO_CONFIG\ -DFOLLY_MOBILE\=1\ -DFOLLY_USE_LIBCPP\=1\ -DFOLLY_CFG_NO_COROUTINES\=1\ -DFOLLY_HAVE_CLOCK_GETTIME\=1\ -Wno-comma\ -Wno-shorten-64-to-32
    export OTHER_CPLUSPLUSFLAGS\=\ -fmodule-map-file\=\"/Users/viveksarkar/Desktop/Hatari_app/ios/Pods/Headers/Public/DoubleConversion/DoubleConversion.modulemap\"\ -fmodule-map-file\=\"/Users/viveksarkar/Desktop/Hatari_app/ios/Pods/Headers/Public/RCTDeprecation/RCTDeprecation.modulemap\"\ -fmodule-map-file\=\"/Users/viveksarkar/Desktop/Hatari_app/ios/Pods/Headers/Public/RCTTypeSafety/RCTTypeSafety.modulemap\"\ -fmodule-map-file\=\"/Users/viveksarkar/Desktop/Hatari_app/ios/Pods/Headers/Public/React/React-Core.modulemap\"\ -fmodule-map-file\=\"/Users/viveksarkar/Desktop/Hatari_app/ios/Pods/Headers/Public/ReactCommon/ReactCommon.modulemap\"\ -fmodule-map-file\=\"/Users/viveksarkar/Desktop/Hatari_app/ios/Pods/Headers/Public/React_NativeModulesApple/React-NativeModulesApple.modulemap\"\ -fmodule-map-file\=\"/Users/viveksarkar/Desktop/Hatari_app/ios/Pods/Headers/Public/folly/RCT-Folly.modulemap\"\ -fmodule-map-file\=\"/Users/viveksarkar/Desktop/Hatari_app/ios/Pods/Headers/Public/glog/glog.modulemap\"\ -fmodule-map-file\=\"/Users/viveksarkar/Desktop/Hatari_app/ios/Pods/Headers/Public/jsi/React-jsi.modulemap\"\ -fmodule-map-file\=\"/Users/viveksarkar/Desktop/Hatari_app/ios/Pods/Headers/Public/jsinspector_modern/React-jsinspector.modulemap\"\ -fmodule-map-file\=\"/Users/viveksarkar/Desktop/Hatari_app/ios/Pods/Headers/Public/jsinspector_modern_tracing/React-jsinspectortracing.modulemap\"\ -fmodule-map-file\=\"/Users/viveksarkar/Desktop/Hatari_app/ios/Pods/Headers/Public/react_debug/React-debug.modulemap\"\ -fmodule-map-file\=\"/Users/viveksarkar/Desktop/Hatari_app/ios/Pods/Headers/Public/react_featureflags/React-featureflags.modulemap\"\ -fmodule-map-file\=\"/Users/viveksarkar/Desktop/Hatari_app/ios/Pods/Headers/Public/react_renderer_debug/React-rendererdebug.modulemap\"\ -fmodule-map-file\=\"/Users/viveksarkar/Desktop/Hatari_app/ios/Pods/Headers/Public/react_runtime/React-jsitooling.modulemap\"\ -fmodule-map-file\=\"/Users/viveksarkar/Desktop/Hatari_app/ios/Pods/Headers/Public/react_utils/React-utils.modulemap\"\ -fmodule-map-file\=\"/Users/viveksarkar/Desktop/Hatari_app/ios/Pods/Headers/Public/reacthermes/React-hermes.modulemap\"\ -fmodule-map-file\=\"/Users/viveksarkar/Desktop/Hatari_app/ios/Pods/Headers/Public/yoga/Yoga.modulemap\"\ \ -DFOLLY_NO_CONFIG\ -DFOLLY_MOBILE\=1\ -DFOLLY_USE_LIBCPP\=1\ -DFOLLY_CFG_NO_COROUTINES\=1\ -DFOLLY_HAVE_CLOCK_GETTIME\=1\ -Wno-comma\ -Wno-shorten-64-to-32
    export PACKAGE_TYPE\=com.apple.package-type.static-library
    export PASCAL_STRINGS\=YES
    export PATH\=/Applications/Xcode.app/Contents/SharedFrameworks/SwiftBuild.framework/Versions/A/PlugIns/SWBBuildService.bundle/Contents/PlugIns/SWBUniversalPlatformPlugin.bundle/Contents/Frameworks/SWBUniversalPlatform.framework/Resources:/Applications/Xcode.app/Contents/Developer/Toolchains/XcodeDefault.xctoolchain/usr/bin:/Applications/Xcode.app/Contents/Developer/Toolchains/XcodeDefault.xctoolchain/usr/local/bin:/Applications/Xcode.app/Contents/Developer/Toolchains/XcodeDefault.xctoolchain/usr/libexec:/Applications/Xcode.app/Contents/Developer/Platforms/iPhoneOS.platform/usr/bin:/Applications/Xcode.app/Contents/Developer/Platforms/iPhoneOS.platform/usr/local/bin:/Applications/Xcode.app/Contents/Developer/Platforms/iPhoneOS.platform/Developer/usr/bin:/Applications/Xcode.app/Contents/Developer/Platforms/iPhoneOS.platform/Developer/usr/local/bin:/Applications/Xcode.app/Contents/Developer/usr/bin:/Applications/Xcode.app/Contents/Developer/usr/local/bin:/Users/viveksarkar/Library/Application\ Support/Code/User/globalStorage/github.copilot-chat/debugCommand:/Users/viveksarkar/Library/Application\ Support/Code/User/globalStorage/github.copilot-chat/copilotCli:/opt/homebrew/bin:/opt/homebrew/sbin:/usr/local/bin:/System/Cryptexes/App/usr/bin:/usr/bin:/bin:/usr/sbin:/sbin:/var/run/com.apple.security.cryptexd/codex.system/bootstrap/usr/local/bin:/var/run/com.apple.security.cryptexd/codex.system/bootstrap/usr/bin:/var/run/com.apple.security.cryptexd/codex.system/bootstrap/usr/appleinternal/bin:/opt/pmk/env/global/bin:/Library/Apple/usr/bin
    export PATH_PREFIXES_EXCLUDED_FROM_HEADER_DEPENDENCIES\=/usr/include\ /usr/local/include\ /System/Library/Frameworks\ /System/Library/PrivateFrameworks\ /Applications/Xcode.app/Contents/Developer/Headers\ /Applications/Xcode.app/Contents/Developer/SDKs\ /Applications/Xcode.app/Contents/Developer/Platforms
    export PER_ARCH_MODULE_FILE_DIR\=/Users/viveksarkar/Library/Developer/Xcode/DerivedData/Hatari-crnaywjepgfrrcdspvkwustrehyb/Build/Intermediates.noindex/Pods.build/Debug-iphoneos/React-RCTFBReactNativeSpec.build/Objects-normal/undefined_arch
    export PER_ARCH_OBJECT_FILE_DIR\=/Users/viveksarkar/Library/Developer/Xcode/DerivedData/Hatari-crnaywjepgfrrcdspvkwustrehyb/Build/Intermediates.noindex/Pods.build/Debug-iphoneos/React-RCTFBReactNativeSpec.build/Objects-normal/undefined_arch
    export PER_VARIANT_OBJECT_FILE_DIR\=/Users/viveksarkar/Library/Developer/Xcode/DerivedData/Hatari-crnaywjepgfrrcdspvkwustrehyb/Build/Intermediates.noindex/Pods.build/Debug-iphoneos/React-RCTFBReactNativeSpec.build/Objects-normal
    export PKGINFO_FILE_PATH\=/Users/viveksarkar/Library/Developer/Xcode/DerivedData/Hatari-crnaywjepgfrrcdspvkwustrehyb/Build/Intermediates.noindex/Pods.build/Debug-iphoneos/React-RCTFBReactNativeSpec.build/PkgInfo
    export PLATFORM_DEVELOPER_APPLICATIONS_DIR\=/Applications/Xcode.app/Contents/Developer/Platforms/iPhoneOS.platform/Developer/Applications
    export PLATFORM_DEVELOPER_BIN_DIR\=/Applications/Xcode.app/Contents/Developer/Platforms/iPhoneOS.platform/Developer/usr/bin
    export PLATFORM_DEVELOPER_LIBRARY_DIR\=/Applications/Xcode.app/Contents/Developer/Platforms/iPhoneOS.platform/Developer/Library
    export PLATFORM_DEVELOPER_SDK_DIR\=/Applications/Xcode.app/Contents/Developer/Platforms/iPhoneOS.platform/Developer/SDKs
    export PLATFORM_DEVELOPER_TOOLS_DIR\=/Applications/Xcode.app/Contents/Developer/Platforms/iPhoneOS.platform/Developer/Tools
    export PLATFORM_DEVELOPER_USR_DIR\=/Applications/Xcode.app/Contents/Developer/Platforms/iPhoneOS.platform/Developer/usr
    export PLATFORM_DIR\=/Applications/Xcode.app/Contents/Developer/Platforms/iPhoneOS.platform
    export PLATFORM_DISPLAY_NAME\=iOS
    export PLATFORM_FAMILY_NAME\=iOS
    export PLATFORM_NAME\=iphoneos
    export PLATFORM_PREFERRED_ARCH\=arm64
    export PLATFORM_PRODUCT_BUILD_VERSION\=23C53
    export PLATFORM_REQUIRES_SWIFT_AUTOLINK_EXTRACT\=NO
    export PLATFORM_REQUIRES_SWIFT_MODULEWRAP\=NO
    export PLIST_FILE_OUTPUT_FORMAT\=binary
    export PODS_BUILD_DIR\=/Users/viveksarkar/Library/Developer/Xcode/DerivedData/Hatari-crnaywjepgfrrcdspvkwustrehyb/Build/Products
    export PODS_CONFIGURATION_BUILD_DIR\=/Users/viveksarkar/Library/Developer/Xcode/DerivedData/Hatari-crnaywjepgfrrcdspvkwustrehyb/Build/Products/Debug-iphoneos
    export PODS_DEVELOPMENT_LANGUAGE\=en
    export PODS_ROOT\=/Users/viveksarkar/Desktop/Hatari_app/ios/Pods
    export PODS_TARGET_SRCROOT\=/Users/viveksarkar/Desktop/Hatari_app/ios/Pods/../../node_modules/react-native/React
    export PODS_XCFRAMEWORKS_BUILD_DIR\=/Users/viveksarkar/Library/Developer/Xcode/DerivedData/Hatari-crnaywjepgfrrcdspvkwustrehyb/Build/Products/Debug-iphoneos/XCFrameworkIntermediates
    export PRECOMPS_INCLUDE_HEADERS_FROM_BUILT_PRODUCTS_DIR\=YES
    export PRECOMP_DESTINATION_DIR\=/Users/viveksarkar/Library/Developer/Xcode/DerivedData/Hatari-crnaywjepgfrrcdspvkwustrehyb/Build/Intermediates.noindex/Pods.build/Debug-iphoneos/React-RCTFBReactNativeSpec.build/PrefixHeaders
    export PROCESSED_INFOPLIST_PATH\=/Users/viveksarkar/Library/Developer/Xcode/DerivedData/Hatari-crnaywjepgfrrcdspvkwustrehyb/Build/Intermediates.noindex/Pods.build/Debug-iphoneos/React-RCTFBReactNativeSpec.build/Objects-normal/undefined_arch/Processed-Info.plist
    export PRODUCT_BUNDLE_IDENTIFIER\=org.cocoapods.React-RCTFBReactNativeSpec
    export PRODUCT_MODULE_NAME\=FBReactNativeSpec
    export PRODUCT_NAME\=React-RCTFBReactNativeSpec
    export PRODUCT_SETTINGS_PATH\=
    export PRODUCT_TYPE\=com.apple.product-type.library.static
    export PROFILING_CODE\=NO
    export PROJECT\=Pods
    export PROJECT_DERIVED_FILE_DIR\=/Users/viveksarkar/Library/Developer/Xcode/DerivedData/Hatari-crnaywjepgfrrcdspvkwustrehyb/Build/Intermediates.noindex/Pods.build/DerivedSources
    export PROJECT_DIR\=/Users/viveksarkar/Desktop/Hatari_app/ios/Pods
    export PROJECT_FILE_PATH\=/Users/viveksarkar/Desktop/Hatari_app/ios/Pods/Pods.xcodeproj
    export PROJECT_GUID\=8699adb1dd336b26511df848a716bd42
    export PROJECT_NAME\=Pods
    export PROJECT_TEMP_DIR\=/Users/viveksarkar/Library/Developer/Xcode/DerivedData/Hatari-crnaywjepgfrrcdspvkwustrehyb/Build/Intermediates.noindex/Pods.build
    export PROJECT_TEMP_ROOT\=/Users/viveksarkar/Library/Developer/Xcode/DerivedData/Hatari-crnaywjepgfrrcdspvkwustrehyb/Build/Intermediates.noindex
    export REACT_NATIVE_PATH\=/Users/viveksarkar/Desktop/Hatari_app/ios/Pods/../../node_modules/react-native
    export RECOMMENDED_IPHONEOS_DEPLOYMENT_TARGET\=15.0
    export RECURSIVE_SEARCH_PATHS_FOLLOW_SYMLINKS\=YES
    export REMOVE_CVS_FROM_RESOURCES\=YES
    export REMOVE_GIT_FROM_RESOURCES\=YES
    export REMOVE_HEADERS_FROM_EMBEDDED_BUNDLES\=YES
    export REMOVE_HG_FROM_RESOURCES\=YES
    export REMOVE_STATIC_EXECUTABLES_FROM_EMBEDDED_BUNDLES\=YES
    export REMOVE_SVN_FROM_RESOURCES\=YES
    export RESCHEDULE_INDEPENDENT_HEADERS_PHASES\=YES
    export REZ_COLLECTOR_DIR\=/Users/viveksarkar/Library/Developer/Xcode/DerivedData/Hatari-crnaywjepgfrrcdspvkwustrehyb/Build/Intermediates.noindex/Pods.build/Debug-iphoneos/React-RCTFBReactNativeSpec.build/ResourceManagerResources
    export REZ_EXECUTABLE\=YES
    export REZ_OBJECTS_DIR\=/Users/viveksarkar/Library/Developer/Xcode/DerivedData/Hatari-crnaywjepgfrrcdspvkwustrehyb/Build/Intermediates.noindex/Pods.build/Debug-iphoneos/React-RCTFBReactNativeSpec.build/ResourceManagerResources/Objects
    export REZ_SEARCH_PATHS\=/Users/viveksarkar/Library/Developer/Xcode/DerivedData/Hatari-crnaywjepgfrrcdspvkwustrehyb/Build/Products/Debug-iphoneos/React-RCTFBReactNativeSpec\ 
    export RUNTIME_EXCEPTION_ALLOW_DYLD_ENVIRONMENT_VARIABLES\=NO
    export RUNTIME_EXCEPTION_ALLOW_JIT\=NO
    export RUNTIME_EXCEPTION_ALLOW_UNSIGNED_EXECUTABLE_MEMORY\=NO
    export RUNTIME_EXCEPTION_DEBUGGING_TOOL\=NO
    export RUNTIME_EXCEPTION_DISABLE_EXECUTABLE_PAGE_PROTECTION\=NO
    export RUNTIME_EXCEPTION_DISABLE_LIBRARY_VALIDATION\=NO
    export SCAN_ALL_SOURCE_FILES_FOR_INCLUDES\=NO
    export SCRIPT_INPUT_FILE_COUNT\=0
    export SCRIPT_INPUT_FILE_LIST_COUNT\=0
    export SCRIPT_OUTPUT_FILE_COUNT\=0
    export SCRIPT_OUTPUT_FILE_LIST_COUNT\=0
    export SDKROOT\=/Applications/Xcode.app/Contents/Developer/Platforms/iPhoneOS.platform/Developer/SDKs/iPhoneOS26.2.sdk
    export SDK_DIR\=/Applications/Xcode.app/Contents/Developer/Platforms/iPhoneOS.platform/Developer/SDKs/iPhoneOS26.2.sdk
    export SDK_DIR_iphoneos\=/Applications/Xcode.app/Contents/Developer/Platforms/iPhoneOS.platform/Developer/SDKs/iPhoneOS26.2.sdk
    export SDK_DIR_iphoneos26_2\=/Applications/Xcode.app/Contents/Developer/Platforms/iPhoneOS.platform/Developer/SDKs/iPhoneOS26.2.sdk
    export SDK_NAME\=iphoneos26.2
    export SDK_NAMES\=iphoneos26.2
    export SDK_PRODUCT_BUILD_VERSION\=23C53
    export SDK_STAT_CACHE_DIR\=/Users/viveksarkar/Library/Developer/Xcode/DerivedData
    export SDK_STAT_CACHE_ENABLE\=YES
    export SDK_STAT_CACHE_PATH\=/Users/viveksarkar/Library/Developer/Xcode/DerivedData/SDKStatCaches.noindex/iphoneos26.2-23C53-3794476bd08197c3e2abd9bb477ef7f7.sdkstatcache
    export SDK_VERSION\=26.2
    export SDK_VERSION_ACTUAL\=260200
    export SDK_VERSION_MAJOR\=260000
    export SDK_VERSION_MINOR\=260200
    export SED\=/usr/bin/sed
    export SEPARATE_STRIP\=NO
    export SEPARATE_SYMBOL_EDIT\=NO
    export SET_DIR_MODE_OWNER_GROUP\=YES
    export SET_FILE_MODE_OWNER_GROUP\=NO
    export SHALLOW_BUNDLE\=NO
    export SHARED_DERIVED_FILE_DIR\=/Users/viveksarkar/Library/Developer/Xcode/DerivedData/Hatari-crnaywjepgfrrcdspvkwustrehyb/Build/Products/Debug-iphoneos/React-RCTFBReactNativeSpec/DerivedSources
    export SHARED_PRECOMPS_DIR\=/Users/viveksarkar/Library/Developer/Xcode/DerivedData/Hatari-crnaywjepgfrrcdspvkwustrehyb/Build/Intermediates.noindex/PrecompiledHeaders
    export SKIP_INSTALL\=YES
    export SOURCE_ROOT\=/Users/viveksarkar/Desktop/Hatari_app/ios/Pods
    export SRCROOT\=/Users/viveksarkar/Desktop/Hatari_app/ios/Pods
    export STRINGSDATA_DIR\=/Users/viveksarkar/Library/Developer/Xcode/DerivedData/Hatari-crnaywjepgfrrcdspvkwustrehyb/Build/Intermediates.noindex/Pods.build/Debug-iphoneos/React-RCTFBReactNativeSpec.build/Objects-normal/undefined_arch
    export STRINGSDATA_ROOT\=/Users/viveksarkar/Library/Developer/Xcode/DerivedData/Hatari-crnaywjepgfrrcdspvkwustrehyb/Build/Intermediates.noindex/Pods.build/Debug-iphoneos/React-RCTFBReactNativeSpec.build
    export STRINGS_FILE_INFOPLIST_RENAME\=YES
    export STRINGS_FILE_OUTPUT_ENCODING\=binary
    export STRING_CATALOG_GENERATE_SYMBOLS\=NO
    export STRIP_BITCODE_FROM_COPIED_FILES\=YES
    export STRIP_INSTALLED_PRODUCT\=NO
    export STRIP_STYLE\=debugging
    export STRIP_SWIFT_SYMBOLS\=YES
    export SUPPORTED_DEVICE_FAMILIES\=1,2
    export SUPPORTED_PLATFORMS\=iphoneos\ iphonesimulator
    export SUPPORTS_MACCATALYST\=YES
    export SUPPORTS_MAC_DESIGNED_FOR_IPHONE_IPAD\=YES
    export SUPPORTS_TEXT_BASED_API\=NO
    export SUPPORTS_XR_DESIGNED_FOR_IPHONE_IPAD\=YES
    export SUPPRESS_WARNINGS\=NO
    export SWIFT_ACTIVE_COMPILATION_CONDITIONS\=\ DEBUG\ 
    export SWIFT_EMIT_CONST_VALUE_PROTOCOLS\=AppIntent\ EntityQuery\ AppEntity\ TransientEntity\ AppEnum\ AppShortcutProviding\ AppShortcutsProvider\ AnyResolverProviding\ AppIntentsPackage\ DynamicOptionsProvider\ _IntentValueRepresentable\ _AssistantIntentsProvider\ _GenerativeFunctionExtractable\ IntentValueQuery\ Resolver\ AppExtension\ ExtensionPointDefining
    export SWIFT_EMIT_LOC_STRINGS\=NO
    export SWIFT_ENABLE_EXPLICIT_MODULES\=YES
    export SWIFT_INSTALL_OBJC_HEADER\=YES
    export SWIFT_OPTIMIZATION_LEVEL\=-Onone
    export SWIFT_PLATFORM_TARGET_PREFIX\=ios
    export SWIFT_RESPONSE_FILE_PATH_normal_arm64\=/Users/viveksarkar/Library/Developer/Xcode/DerivedData/Hatari-crnaywjepgfrrcdspvkwustrehyb/Build/Intermediates.noindex/Pods.build/Debug-iphoneos/React-RCTFBReactNativeSpec.build/Objects-normal/arm64/React-RCTFBReactNativeSpec.SwiftFileList
    export SWIFT_VERSION\=5.0
    export SYMROOT\=/Users/viveksarkar/Library/Developer/Xcode/DerivedData/Hatari-crnaywjepgfrrcdspvkwustrehyb/Build/Products
    export SYSTEM_ADMIN_APPS_DIR\=/Applications/Utilities
    export SYSTEM_APPS_DIR\=/Applications
    export SYSTEM_CORE_SERVICES_DIR\=/System/Library/CoreServices
    export SYSTEM_DEMOS_DIR\=/Applications/Extras
    export SYSTEM_DEVELOPER_APPS_DIR\=/Applications/Xcode.app/Contents/Developer/Applications
    export SYSTEM_DEVELOPER_BIN_DIR\=/Applications/Xcode.app/Contents/Developer/usr/bin
    export SYSTEM_DEVELOPER_DEMOS_DIR\=/Applications/Xcode.app/Contents/Developer/Applications/Utilities/Built\ Examples
    export SYSTEM_DEVELOPER_DIR\=/Applications/Xcode.app/Contents/Developer
    export SYSTEM_DEVELOPER_DOC_DIR\=/Applications/Xcode.app/Contents/Developer/ADC\ Reference\ Library
    export SYSTEM_DEVELOPER_GRAPHICS_TOOLS_DIR\=/Applications/Xcode.app/Contents/Developer/Applications/Graphics\ Tools
    export SYSTEM_DEVELOPER_JAVA_TOOLS_DIR\=/Applications/Xcode.app/Contents/Developer/Applications/Java\ Tools
    export SYSTEM_DEVELOPER_PERFORMANCE_TOOLS_DIR\=/Applications/Xcode.app/Contents/Developer/Applications/Performance\ Tools
    export SYSTEM_DEVELOPER_RELEASENOTES_DIR\=/Applications/Xcode.app/Contents/Developer/ADC\ Reference\ Library/releasenotes
    export SYSTEM_DEVELOPER_TOOLS\=/Applications/Xcode.app/Contents/Developer/Tools
    export SYSTEM_DEVELOPER_TOOLS_DOC_DIR\=/Applications/Xcode.app/Contents/Developer/ADC\ Reference\ Library/documentation/DeveloperTools
    export SYSTEM_DEVELOPER_TOOLS_RELEASENOTES_DIR\=/Applications/Xcode.app/Contents/Developer/ADC\ Reference\ Library/releasenotes/DeveloperTools
    export SYSTEM_DEVELOPER_USR_DIR\=/Applications/Xcode.app/Contents/Developer/usr
    export SYSTEM_DEVELOPER_UTILITIES_DIR\=/Applications/Xcode.app/Contents/Developer/Applications/Utilities
    export SYSTEM_DEXT_INSTALL_PATH\=/System/Library/DriverExtensions
    export SYSTEM_DOCUMENTATION_DIR\=/Library/Documentation
    export SYSTEM_KEXT_INSTALL_PATH\=/System/Library/Extensions
    export SYSTEM_LIBRARY_DIR\=/System/Library
    export TAPI_DEMANGLE\=YES
    export TAPI_ENABLE_PROJECT_HEADERS\=NO
    export TAPI_LANGUAGE\=objective-c
    export TAPI_LANGUAGE_STANDARD\=compiler-default
    export TAPI_USE_SRCROOT\=YES
    export TAPI_VERIFY_MODE\=Pedantic
    export TARGETED_DEVICE_FAMILY\=1,2
    export TARGETNAME\=React-RCTFBReactNativeSpec
    export TARGET_BUILD_DIR\=/Users/viveksarkar/Library/Developer/Xcode/DerivedData/Hatari-crnaywjepgfrrcdspvkwustrehyb/Build/Products/Debug-iphoneos/React-RCTFBReactNativeSpec
    export TARGET_NAME\=React-RCTFBReactNativeSpec
    export TARGET_TEMP_DIR\=/Users/viveksarkar/Library/Developer/Xcode/DerivedData/Hatari-crnaywjepgfrrcdspvkwustrehyb/Build/Intermediates.noindex/Pods.build/Debug-iphoneos/React-RCTFBReactNativeSpec.build
    export TEMP_DIR\=/Users/viveksarkar/Library/Developer/Xcode/DerivedData/Hatari-crnaywjepgfrrcdspvkwustrehyb/Build/Intermediates.noindex/Pods.build/Debug-iphoneos/React-RCTFBReactNativeSpec.build
    export TEMP_FILES_DIR\=/Users/viveksarkar/Library/Developer/Xcode/DerivedData/Hatari-crnaywjepgfrrcdspvkwustrehyb/Build/Intermediates.noindex/Pods.build/Debug-iphoneos/React-RCTFBReactNativeSpec.build
    export TEMP_FILE_DIR\=/Users/viveksarkar/Library/Developer/Xcode/DerivedData/Hatari-crnaywjepgfrrcdspvkwustrehyb/Build/Intermediates.noindex/Pods.build/Debug-iphoneos/React-RCTFBReactNativeSpec.build
    export TEMP_ROOT\=/Users/viveksarkar/Library/Developer/Xcode/DerivedData/Hatari-crnaywjepgfrrcdspvkwustrehyb/Build/Intermediates.noindex
    export TEMP_SANDBOX_DIR\=/Users/viveksarkar/Library/Developer/Xcode/DerivedData/Hatari-crnaywjepgfrrcdspvkwustrehyb/Build/Intermediates.noindex/TemporaryTaskSandboxes
    export TEST_FRAMEWORK_SEARCH_PATHS\=\ /Applications/Xcode.app/Contents/Developer/Platforms/iPhoneOS.platform/Developer/Library/Frameworks\ /Applications/Xcode.app/Contents/Developer/Platforms/iPhoneOS.platform/Developer/SDKs/iPhoneOS26.2.sdk/Developer/Library/Frameworks
    export TEST_LIBRARY_SEARCH_PATHS\=\ /Applications/Xcode.app/Contents/Developer/Platforms/iPhoneOS.platform/Developer/usr/lib
    export TOOLCHAINS\=com.apple.dt.toolchain.XcodeDefault
    export TOOLCHAIN_DIR\=/Applications/Xcode.app/Contents/Developer/Toolchains/XcodeDefault.xctoolchain
    export TREAT_MISSING_BASELINES_AS_TEST_FAILURES\=NO
    export TREAT_MISSING_SCRIPT_PHASE_OUTPUTS_AS_ERRORS\=NO
    export UID\=501
    export UNINSTALLED_PRODUCTS_DIR\=/Users/viveksarkar/Library/Developer/Xcode/DerivedData/Hatari-crnaywjepgfrrcdspvkwustrehyb/Build/Intermediates.noindex/UninstalledProducts
    export UNSTRIPPED_PRODUCT\=NO
    export USER\=viveksarkar
    export USER_APPS_DIR\=/Users/viveksarkar/Applications
    export USER_LIBRARY_DIR\=/Users/viveksarkar/Library
    export USE_DYNAMIC_NO_PIC\=YES
    export USE_HEADERMAP\=YES
    export USE_HEADER_SYMLINKS\=NO
    export USE_HERMES\=true
    export USE_RECURSIVE_SCRIPT_INPUTS_IN_SCRIPT_PHASES\=YES
    export VALIDATE_DEVELOPMENT_ASSET_PATHS\=YES_ERROR
    export VALIDATE_PRODUCT\=NO
    export VALID_ARCHS\=arm64\ arm64e\ armv7\ armv7s
    export VERBOSE_PBXCP\=NO
    export VERSION_INFO_BUILDER\=viveksarkar
    export VERSION_INFO_FILE\=React-RCTFBReactNativeSpec_vers.c
    export VERSION_INFO_STRING\=\"@\(\#\)PROGRAM:React-RCTFBReactNativeSpec\ \ PROJECT:Pods-\"
    export WORKSPACE_DIR\=/Users/viveksarkar/Desktop/Hatari_app/ios
    export WRAP_ASSET_PACKS_IN_SEPARATE_DIRECTORIES\=NO
    export XCODE_APP_SUPPORT_DIR\=/Applications/Xcode.app/Contents/Developer/Library/Xcode
    export XCODE_PRODUCT_BUILD_VERSION\=17C52
    export XCODE_VERSION_ACTUAL\=2620
    export XCODE_VERSION_MAJOR\=2600
    export XCODE_VERSION_MINOR\=2620
    export XPCSERVICES_FOLDER_PATH\=/XPCServices
    export YACC\=yacc
    export _DISCOVER_COMMAND_LINE_LINKER_INPUTS\=YES
    export _DISCOVER_COMMAND_LINE_LINKER_INPUTS_INCLUDE_WL\=YES
    export _LD_MULTIARCH\=YES
    export __DIAGNOSE_DEPRECATED_ARCHS\=YES
    export arch\=undefined_arch
    export variant\=normal
    /bin/sh -c /Users/viveksarkar/Library/Developer/Xcode/DerivedData/Hatari-crnaywjepgfrrcdspvkwustrehyb/Build/Intermediates.noindex/Pods.build/Debug-iphoneos/React-RCTFBReactNativeSpec.build/Script-46EB2E000207E0.sh
Checking whether Codegen has run...

PhaseScriptExecution [CP-User]\ [RN]Check\ rncore /Users/viveksarkar/Library/Developer/Xcode/DerivedData/Hatari-crnaywjepgfrrcdspvkwustrehyb/Build/Intermediates.noindex/Pods.build/Debug-iphoneos/React-Fabric.build/Script-46EB2E000207C0.sh (in target 'React-Fabric' from project 'Pods')
    cd /Users/viveksarkar/Desktop/Hatari_app/ios/Pods
    export ACTION\=build
    export AD_HOC_CODE_SIGNING_ALLOWED\=NO
    export ALLOW_BUILD_REQUEST_OVERRIDES\=NO
    export ALLOW_TARGET_PLATFORM_SPECIALIZATION\=NO
    export ALTERNATE_GROUP\=staff
    export ALTERNATE_MODE\=u+w,go-w,a+rX
    export ALTERNATE_OWNER\=viveksarkar
    export ALTERNATIVE_DISTRIBUTION_WEB\=NO
    export ALWAYS_EMBED_SWIFT_STANDARD_LIBRARIES\=NO
    export ALWAYS_SEARCH_USER_PATHS\=NO
    export ALWAYS_USE_SEPARATE_HEADERMAPS\=NO
    export ANDROID_DEPLOYMENT_TARGET\=21.0
    export APPLICATION_EXTENSION_API_ONLY\=NO
    export APPLY_RULES_IN_COPY_FILES\=NO
    export APPLY_RULES_IN_COPY_HEADERS\=NO
    export APP_SHORTCUTS_ENABLE_FLEXIBLE_MATCHING\=YES
    export ARCHS\=arm64
    export ARCHS_STANDARD\=arm64
    export ARCHS_STANDARD_32_64_BIT\=armv7\ arm64
    export ARCHS_STANDARD_32_BIT\=armv7
    export ARCHS_STANDARD_64_BIT\=arm64
    export ARCHS_STANDARD_INCLUDING_64_BIT\=arm64
    export ARCHS_UNIVERSAL_IPHONE_OS\=armv7\ arm64
    export AUTOMATICALLY_MERGE_DEPENDENCIES\=NO
    export AUTOMATION_APPLE_EVENTS\=NO
    export AVAILABLE_PLATFORMS\=android\ appletvos\ appletvsimulator\ driverkit\ iphoneos\ iphonesimulator\ macosx\ qnx\ watchos\ watchsimulator\ webassembly\ xros\ xrsimulator
    export BUILD_ACTIVE_RESOURCES_ONLY\=NO
    export BUILD_COMPONENTS\=headers\ build
    export BUILD_DIR\=/Users/viveksarkar/Library/Developer/Xcode/DerivedData/Hatari-crnaywjepgfrrcdspvkwustrehyb/Build/Products
    export BUILD_LIBRARY_FOR_DISTRIBUTION\=NO
    export BUILD_ROOT\=/Users/viveksarkar/Library/Developer/Xcode/DerivedData/Hatari-crnaywjepgfrrcdspvkwustrehyb/Build/Products
    export BUILD_STYLE\=
    export BUILD_VARIANTS\=normal
    export BUILT_PRODUCTS_DIR\=/Users/viveksarkar/Library/Developer/Xcode/DerivedData/Hatari-crnaywjepgfrrcdspvkwustrehyb/Build/Products/Debug-iphoneos/React-Fabric
    export BUNDLE_CONTENTS_FOLDER_PATH_deep\=Contents/
    export BUNDLE_EXECUTABLE_FOLDER_NAME_deep\=MacOS
    export BUNDLE_EXTENSIONS_FOLDER_PATH\=Extensions
    export BUNDLE_FORMAT\=shallow
    export BUNDLE_FRAMEWORKS_FOLDER_PATH\=Frameworks
    export BUNDLE_PLUGINS_FOLDER_PATH\=PlugIns
    export BUNDLE_PRIVATE_HEADERS_FOLDER_PATH\=PrivateHeaders
    export BUNDLE_PUBLIC_HEADERS_FOLDER_PATH\=Headers
    export CACHE_ROOT\=/var/folders/f3/1kcs5qp53tv85yg4g31v_rhh0000gn/C/com.apple.DeveloperTools/26.2-17C52/Xcode
    export CCHROOT\=/var/folders/f3/1kcs5qp53tv85yg4g31v_rhh0000gn/C/com.apple.DeveloperTools/26.2-17C52/Xcode
    export CHMOD\=/bin/chmod
    export CHOWN\=/usr/sbin/chown
    export CLANG_ALLOW_NON_MODULAR_INCLUDES_IN_FRAMEWORK_MODULES\=YES
    export CLANG_ANALYZER_LOCALIZABILITY_NONLOCALIZED\=YES
    export CLANG_ANALYZER_NONNULL\=YES
    export CLANG_ANALYZER_NUMBER_OBJECT_CONVERSION\=YES_AGGRESSIVE
    export CLANG_CACHE_FINE_GRAINED_OUTPUTS\=YES
    export CLANG_CXX_LANGUAGE_STANDARD\=c++20
    export CLANG_CXX_LIBRARY\=libc++
    export CLANG_ENABLE_EXPLICIT_MODULES\=YES
    export CLANG_ENABLE_MODULES\=YES
    export CLANG_ENABLE_MODULE_DEBUGGING\=NO
    export CLANG_ENABLE_OBJC_ARC\=YES
    export CLANG_ENABLE_OBJC_WEAK\=NO
    export CLANG_MODULES_BUILD_SESSION_FILE\=/Users/viveksarkar/Library/Developer/Xcode/DerivedData/ModuleCache.noindex/Session.modulevalidation
    export CLANG_WARN_BLOCK_CAPTURE_AUTORELEASING\=YES
    export CLANG_WARN_BOOL_CONVERSION\=YES
    export CLANG_WARN_COMMA\=YES
    export CLANG_WARN_CONSTANT_CONVERSION\=YES
    export CLANG_WARN_DEPRECATED_OBJC_IMPLEMENTATIONS\=YES
    export CLANG_WARN_DIRECT_OBJC_ISA_USAGE\=YES_ERROR
    export CLANG_WARN_DOCUMENTATION_COMMENTS\=YES
    export CLANG_WARN_EMPTY_BODY\=YES
    export CLANG_WARN_ENUM_CONVERSION\=YES
    export CLANG_WARN_INFINITE_RECURSION\=YES
    export CLANG_WARN_INT_CONVERSION\=YES
    export CLANG_WARN_NON_LITERAL_NULL_CONVERSION\=YES
    export CLANG_WARN_OBJC_IMPLICIT_RETAIN_SELF\=YES
    export CLANG_WARN_OBJC_LITERAL_CONVERSION\=YES
    export CLANG_WARN_OBJC_ROOT_CLASS\=YES_ERROR
    export CLANG_WARN_QUOTED_INCLUDE_IN_FRAMEWORK_HEADER\=NO
    export CLANG_WARN_RANGE_LOOP_ANALYSIS\=YES
    export CLANG_WARN_STRICT_PROTOTYPES\=YES
    export CLANG_WARN_SUSPICIOUS_MOVE\=YES
    export CLANG_WARN_UNGUARDED_AVAILABILITY\=YES_AGGRESSIVE
    export CLANG_WARN_UNREACHABLE_CODE\=YES
    export CLANG_WARN__DUPLICATE_METHOD_MATCH\=YES
    export CLASS_FILE_DIR\=/Users/viveksarkar/Library/Developer/Xcode/DerivedData/Hatari-crnaywjepgfrrcdspvkwustrehyb/Build/Intermediates.noindex/Pods.build/Debug-iphoneos/React-Fabric.build/JavaClasses
    export CLEAN_PRECOMPS\=YES
    export CLONE_HEADERS\=NO
    export CODESIGNING_FOLDER_PATH\=/Users/viveksarkar/Library/Developer/Xcode/DerivedData/Hatari-crnaywjepgfrrcdspvkwustrehyb/Build/Products/Debug-iphoneos/React-Fabric/libReact-Fabric.a
    export CODE_SIGNING_ALLOWED\=NO
    export CODE_SIGNING_REQUIRED\=YES
    export CODE_SIGN_CONTEXT_CLASS\=XCiPhoneOSCodeSignContext
    export CODE_SIGN_INJECT_BASE_ENTITLEMENTS\=YES
    export COLOR_DIAGNOSTICS\=NO
    export COMBINE_HIDPI_IMAGES\=NO
    export COMPILATION_CACHE_CAS_PATH\=/Users/viveksarkar/Library/Developer/Xcode/DerivedData/CompilationCache.noindex
    export COMPILATION_CACHE_KEEP_CAS_DIRECTORY\=YES
    export COMPILER_INDEX_STORE_ENABLE\=NO
    export COMPOSITE_SDK_DIRS\=/Users/viveksarkar/Library/Developer/Xcode/DerivedData/Hatari-crnaywjepgfrrcdspvkwustrehyb/Build/Intermediates.noindex/CompositeSDKs
    export COMPRESS_PNG_FILES\=YES
    export CONFIGURATION\=Debug
    export CONFIGURATION_BUILD_DIR\=/Users/viveksarkar/Library/Developer/Xcode/DerivedData/Hatari-crnaywjepgfrrcdspvkwustrehyb/Build/Products/Debug-iphoneos/React-Fabric
    export CONFIGURATION_TEMP_DIR\=/Users/viveksarkar/Library/Developer/Xcode/DerivedData/Hatari-crnaywjepgfrrcdspvkwustrehyb/Build/Intermediates.noindex/Pods.build/Debug-iphoneos
    export COPYING_PRESERVES_HFS_DATA\=NO
    export COPY_HEADERS_RUN_UNIFDEF\=NO
    export COPY_PHASE_STRIP\=NO
    export CORRESPONDING_SIMULATOR_PLATFORM_DIR\=/Applications/Xcode.app/Contents/Developer/Platforms/iPhoneSimulator.platform
    export CORRESPONDING_SIMULATOR_PLATFORM_NAME\=iphonesimulator
    export CORRESPONDING_SIMULATOR_SDK_DIR\=/Applications/Xcode.app/Contents/Developer/Platforms/iPhoneSimulator.platform/Developer/SDKs/iPhoneSimulator26.2.sdk
    export CORRESPONDING_SIMULATOR_SDK_NAME\=iphonesimulator26.2
    export CP\=/bin/cp
    export CREATE_INFOPLIST_SECTION_IN_BINARY\=NO
    export CURRENT_ARCH\=undefined_arch
    export CURRENT_VARIANT\=normal
    export DEAD_CODE_STRIPPING\=YES
    export DEBUGGING_SYMBOLS\=YES
    export DEBUG_INFORMATION_FORMAT\=dwarf
    export DEBUG_INFORMATION_VERSION\=compiler-default
    export DEFAULT_COMPILER\=com.apple.compilers.llvm.clang.1_0
    export DEFAULT_DEXT_INSTALL_PATH\=/System/Library/DriverExtensions
    export DEFAULT_KEXT_INSTALL_PATH\=/System/Library/Extensions
    export DEFINES_MODULE\=YES
    export DEPLOYMENT_LOCATION\=NO
    export DEPLOYMENT_POSTPROCESSING\=NO
    export DEPLOYMENT_TARGET_SETTING_NAME\=IPHONEOS_DEPLOYMENT_TARGET
    export DEPLOYMENT_TARGET_SUGGESTED_VALUES\=12.0\ 12.1\ 12.2\ 12.3\ 12.4\ 13.0\ 13.1\ 13.2\ 13.3\ 13.4\ 13.5\ 13.6\ 14.0\ 14.1\ 14.2\ 14.3\ 14.4\ 14.5\ 14.6\ 14.7\ 15.0\ 15.1\ 15.2\ 15.3\ 15.4\ 15.5\ 15.6\ 16.0\ 16.1\ 16.2\ 16.3\ 16.4\ 16.5\ 16.6\ 17.0\ 17.1\ 17.2\ 17.3\ 17.4\ 17.5\ 17.6\ 18.0\ 18.1\ 18.2\ 18.3\ 18.4\ 18.5\ 18.6\ 26.0\ 26.1\ 26.2
    export DERIVED_FILES_DIR\=/Users/viveksarkar/Library/Developer/Xcode/DerivedData/Hatari-crnaywjepgfrrcdspvkwustrehyb/Build/Intermediates.noindex/Pods.build/Debug-iphoneos/React-Fabric.build/DerivedSources
    export DERIVED_FILE_DIR\=/Users/viveksarkar/Library/Developer/Xcode/DerivedData/Hatari-crnaywjepgfrrcdspvkwustrehyb/Build/Intermediates.noindex/Pods.build/Debug-iphoneos/React-Fabric.build/DerivedSources
    export DERIVED_SOURCES_DIR\=/Users/viveksarkar/Library/Developer/Xcode/DerivedData/Hatari-crnaywjepgfrrcdspvkwustrehyb/Build/Intermediates.noindex/Pods.build/Debug-iphoneos/React-Fabric.build/DerivedSources
    export DERIVE_MACCATALYST_PRODUCT_BUNDLE_IDENTIFIER\=NO
    export DEVELOPER_APPLICATIONS_DIR\=/Applications/Xcode.app/Contents/Developer/Applications
    export DEVELOPER_BIN_DIR\=/Applications/Xcode.app/Contents/Developer/usr/bin
    export DEVELOPER_DIR\=/Applications/Xcode.app/Contents/Developer
    export DEVELOPER_FRAMEWORKS_DIR\=/Applications/Xcode.app/Contents/Developer/Library/Frameworks
    export DEVELOPER_FRAMEWORKS_DIR_QUOTED\=/Applications/Xcode.app/Contents/Developer/Library/Frameworks
    export DEVELOPER_LIBRARY_DIR\=/Applications/Xcode.app/Contents/Developer/Library
    export DEVELOPER_SDK_DIR\=/Applications/Xcode.app/Contents/Developer/Platforms/MacOSX.platform/Developer/SDKs
    export DEVELOPER_TOOLS_DIR\=/Applications/Xcode.app/Contents/Developer/Tools
    export DEVELOPER_USR_DIR\=/Applications/Xcode.app/Contents/Developer/usr
    export DEVELOPMENT_LANGUAGE\=en
    export DIAGNOSE_MISSING_TARGET_DEPENDENCIES\=YES
    export DIFF\=/usr/bin/diff
    export DONT_GENERATE_INFOPLIST_FILE\=NO
    export DSTROOT\=/tmp/Pods.dst
    export DT_TOOLCHAIN_DIR\=/Applications/Xcode.app/Contents/Developer/Toolchains/XcodeDefault.xctoolchain
    export DWARF_DSYM_FILE_NAME\=libReact-Fabric.a.dSYM
    export DWARF_DSYM_FILE_SHOULD_ACCOMPANY_PRODUCT\=NO
    export DWARF_DSYM_FOLDER_PATH\=/Users/viveksarkar/Library/Developer/Xcode/DerivedData/Hatari-crnaywjepgfrrcdspvkwustrehyb/Build/Products/Debug-iphoneos/React-Fabric
    export DYNAMIC_LIBRARY_EXTENSION\=dylib
    export EAGER_COMPILATION_ALLOW_SCRIPTS\=NO
    export EAGER_LINKING\=NO
    export EFFECTIVE_PLATFORM_NAME\=-iphoneos
    export EMBEDDED_CONTENT_CONTAINS_SWIFT\=NO
    export EMBEDDED_PROFILE_NAME\=embedded.mobileprovision
    export EMBED_ASSET_PACKS_IN_PRODUCT_BUNDLE\=NO
    export ENABLE_APP_SANDBOX\=NO
    export ENABLE_CODE_COVERAGE\=YES
    export ENABLE_CPLUSPLUS_BOUNDS_SAFE_BUFFERS\=NO
    export ENABLE_C_BOUNDS_SAFETY\=NO
    export ENABLE_DEFAULT_HEADER_SEARCH_PATHS\=YES
    export ENABLE_DEFAULT_SEARCH_PATHS\=YES
    export ENABLE_ENHANCED_SECURITY\=NO
    export ENABLE_HARDENED_RUNTIME\=NO
    export ENABLE_HEADER_DEPENDENCIES\=YES
    export ENABLE_INCOMING_NETWORK_CONNECTIONS\=NO
    export ENABLE_MODULE_VERIFIER\=NO
    export ENABLE_ON_DEMAND_RESOURCES\=NO
    export ENABLE_OUTGOING_NETWORK_CONNECTIONS\=NO
    export ENABLE_POINTER_AUTHENTICATION\=NO
    export ENABLE_PREVIEWS\=NO
    export ENABLE_RESOURCE_ACCESS_AUDIO_INPUT\=NO
    export ENABLE_RESOURCE_ACCESS_BLUETOOTH\=NO
    export ENABLE_RESOURCE_ACCESS_CALENDARS\=NO
    export ENABLE_RESOURCE_ACCESS_CAMERA\=NO
    export ENABLE_RESOURCE_ACCESS_CONTACTS\=NO
    export ENABLE_RESOURCE_ACCESS_LOCATION\=NO
    export ENABLE_RESOURCE_ACCESS_PHOTO_LIBRARY\=NO
    export ENABLE_RESOURCE_ACCESS_PRINTING\=NO
    export ENABLE_RESOURCE_ACCESS_USB\=NO
    export ENABLE_SDK_IMPORTS\=NO
    export ENABLE_SECURITY_COMPILER_WARNINGS\=NO
    export ENABLE_STRICT_OBJC_MSGSEND\=YES
    export ENABLE_TESTABILITY\=YES
    export ENABLE_TESTING_SEARCH_PATHS\=NO
    export ENABLE_USER_SCRIPT_SANDBOXING\=NO
    export ENABLE_XOJIT_PREVIEWS\=YES
    export ENFORCE_VALID_ARCHS\=YES
    export ENTITLEMENTS_DESTINATION\=Signature
    export ENTITLEMENTS_REQUIRED\=YES
    export EXCLUDED_INSTALLSRC_SUBDIRECTORY_PATTERNS\=.DS_Store\ .svn\ .git\ .hg\ CVS
    export EXCLUDED_RECURSIVE_SEARCH_PATH_SUBDIRECTORIES\=\*.nib\ \*.lproj\ \*.framework\ \*.gch\ \*.xcode\*\ \*.xcassets\ \*.icon\ \(\*\)\ .DS_Store\ CVS\ .svn\ .git\ .hg\ \*.pbproj\ \*.pbxproj
    export EXECUTABLE_EXTENSION\=a
    export EXECUTABLE_NAME\=libReact-Fabric.a
    export EXECUTABLE_PATH\=libReact-Fabric.a
    export EXECUTABLE_PREFIX\=lib
    export EXECUTABLE_SUFFIX\=.a
    export FILE_LIST\=/Users/viveksarkar/Library/Developer/Xcode/DerivedData/Hatari-crnaywjepgfrrcdspvkwustrehyb/Build/Intermediates.noindex/Pods.build/Debug-iphoneos/React-Fabric.build/Objects/LinkFileList
    export FIXED_FILES_DIR\=/Users/viveksarkar/Library/Developer/Xcode/DerivedData/Hatari-crnaywjepgfrrcdspvkwustrehyb/Build/Intermediates.noindex/Pods.build/Debug-iphoneos/React-Fabric.build/FixedFiles
    export FRAMEWORK_FLAG_PREFIX\=-framework
    export FRAMEWORK_SEARCH_PATHS\=/Users/viveksarkar/Library/Developer/Xcode/DerivedData/Hatari-crnaywjepgfrrcdspvkwustrehyb/Build/Products/Debug-iphoneos/React-Fabric\ \ \"/Users/viveksarkar/Desktop/Hatari_app/ios/Pods/hermes-engine/destroot/Library/Frameworks/universal\"\ \"/Users/viveksarkar/Library/Developer/Xcode/DerivedData/Hatari-crnaywjepgfrrcdspvkwustrehyb/Build/Products/Debug-iphoneos/XCFrameworkIntermediates/hermes-engine/Pre-built\"
    export FRAMEWORK_VERSION\=A
    export FULL_PRODUCT_NAME\=libReact-Fabric.a
    export FUSE_BUILD_PHASES\=YES
    export FUSE_BUILD_SCRIPT_PHASES\=NO
    export GCC3_VERSION\=3.3
    export GCC_C_LANGUAGE_STANDARD\=gnu11
    export GCC_DYNAMIC_NO_PIC\=NO
    export GCC_NO_COMMON_BLOCKS\=YES
    export GCC_OPTIMIZATION_LEVEL\=0
    export GCC_PFE_FILE_C_DIALECTS\=c\ objective-c\ c++\ objective-c++
    export GCC_PREFIX_HEADER\=Target\ Support\ Files/React-Fabric/React-Fabric-prefix.pch
    export GCC_PREPROCESSOR_DEFINITIONS\=POD_CONFIGURATION_DEBUG\=1\ DEBUG\=1\ \ COCOAPODS\=1
    export GCC_THUMB_SUPPORT\=YES
    export GCC_TREAT_WARNINGS_AS_ERRORS\=NO
    export GCC_VERSION\=com.apple.compilers.llvm.clang.1_0
    export GCC_VERSION_IDENTIFIER\=com_apple_compilers_llvm_clang_1_0
    export GCC_WARN_64_TO_32_BIT_CONVERSION\=YES
    export GCC_WARN_ABOUT_RETURN_TYPE\=YES_ERROR
    export GCC_WARN_PEDANTIC\=YES
    export GCC_WARN_UNDECLARED_SELECTOR\=YES
    export GCC_WARN_UNINITIALIZED_AUTOS\=YES_AGGRESSIVE
    export GCC_WARN_UNUSED_FUNCTION\=YES
    export GCC_WARN_UNUSED_VARIABLE\=YES
    export GENERATED_MODULEMAP_DIR\=/Users/viveksarkar/Library/Developer/Xcode/DerivedData/Hatari-crnaywjepgfrrcdspvkwustrehyb/Build/Intermediates.noindex/GeneratedModuleMaps-iphoneos
    export GENERATE_INFOPLIST_FILE\=NO
    export GENERATE_INTERMEDIATE_TEXT_BASED_STUBS\=YES
    export GENERATE_PKGINFO_FILE\=NO
    export GENERATE_PRELINK_OBJECT_FILE\=NO
    export GENERATE_PROFILING_CODE\=NO
    export GENERATE_TEXT_BASED_STUBS\=NO
    export GID\=20
    export GROUP\=staff
    export HEADERMAP_INCLUDES_FLAT_ENTRIES_FOR_TARGET_BEING_BUILT\=YES
    export HEADERMAP_INCLUDES_FRAMEWORK_ENTRIES_FOR_ALL_PRODUCT_TYPES\=YES
    export HEADERMAP_INCLUDES_FRAMEWORK_ENTRIES_FOR_TARGETS_NOT_BEING_BUILT\=YES
    export HEADERMAP_INCLUDES_NONPUBLIC_NONPRIVATE_HEADERS\=YES
    export HEADERMAP_INCLUDES_PROJECT_HEADERS\=YES
    export HEADERMAP_USES_FRAMEWORK_PREFIX_ENTRIES\=YES
    export HEADERMAP_USES_VFS\=YES
    export HEADER_SEARCH_PATHS\=/Users/viveksarkar/Library/Developer/Xcode/DerivedData/Hatari-crnaywjepgfrrcdspvkwustrehyb/Build/Products/Debug-iphoneos/React-Fabric/include\ \ \"/Users/viveksarkar/Desktop/Hatari_app/ios/Pods/Headers/Private\"\ \"/Users/viveksarkar/Desktop/Hatari_app/ios/Pods/Headers/Private/React-Fabric\"\ \"/Users/viveksarkar/Desktop/Hatari_app/ios/Pods/Headers/Public\"\ \"/Users/viveksarkar/Desktop/Hatari_app/ios/Pods/Headers/Public/DoubleConversion\"\ \"/Users/viveksarkar/Desktop/Hatari_app/ios/Pods/Headers/Public/FBLazyVector\"\ \"/Users/viveksarkar/Desktop/Hatari_app/ios/Pods/Headers/Public/RCT-Folly\"\ \"/Users/viveksarkar/Desktop/Hatari_app/ios/Pods/Headers/Public/RCTRequired\"\ \"/Users/viveksarkar/Desktop/Hatari_app/ios/Pods/Headers/Public/RCTTypeSafety\"\ \"/Users/viveksarkar/Desktop/Hatari_app/ios/Pods/Headers/Public/React-Core\"\ \"/Users/viveksarkar/Desktop/Hatari_app/ios/Pods/Headers/Public/React-Fabric\"\ \"/Users/viveksarkar/Desktop/Hatari_app/ios/Pods/Headers/Public/React-callinvoker\"\ \"/Users/viveksarkar/Desktop/Hatari_app/ios/Pods/Headers/Public/React-cxxreact\"\ \"/Users/viveksarkar/Desktop/Hatari_app/ios/Pods/Headers/Public/React-debug\"\ \"/Users/viveksarkar/Desktop/Hatari_app/ios/Pods/Headers/Public/React-featureflags\"\ \"/Users/viveksarkar/Desktop/Hatari_app/ios/Pods/Headers/Public/React-graphics\"\ \"/Users/viveksarkar/Desktop/Hatari_app/ios/Pods/Headers/Public/React-hermes\"\ \"/Users/viveksarkar/Desktop/Hatari_app/ios/Pods/Headers/Public/React-jsi\"\ \"/Users/viveksarkar/Desktop/Hatari_app/ios/Pods/Headers/Public/React-jsiexecutor\"\ \"/Users/viveksarkar/Desktop/Hatari_app/ios/Pods/Headers/Public/React-jsinspector\"\ \"/Users/viveksarkar/Desktop/Hatari_app/ios/Pods/Headers/Public/React-jsinspectortracing\"\ \"/Users/viveksarkar/Desktop/Hatari_app/ios/Pods/Headers/Public/React-jsitooling\"\ \"/Users/viveksarkar/Desktop/Hatari_app/ios/Pods/Headers/Public/React-logger\"\ \"/Users/viveksarkar/Desktop/Hatari_app/ios/Pods/Headers/Public/React-oscompat\"\ \"/Users/viveksarkar/Desktop/Hatari_app/ios/Pods/Headers/Public/React-perflogger\"\ \"/Users/viveksarkar/Desktop/Hatari_app/ios/Pods/Headers/Public/React-performancetimeline\"\ \"/Users/viveksarkar/Desktop/Hatari_app/ios/Pods/Headers/Public/React-rendererconsistency\"\ \"/Users/viveksarkar/Desktop/Hatari_app/ios/Pods/Headers/Public/React-renderercss\"\ \"/Users/viveksarkar/Desktop/Hatari_app/ios/Pods/Headers/Public/React-rendererdebug\"\ \"/Users/viveksarkar/Desktop/Hatari_app/ios/Pods/Headers/Public/React-runtimeexecutor\"\ \"/Users/viveksarkar/Desktop/Hatari_app/ios/Pods/Headers/Public/React-runtimescheduler\"\ \"/Users/viveksarkar/Desktop/Hatari_app/ios/Pods/Headers/Public/React-timing\"\ \"/Users/viveksarkar/Desktop/Hatari_app/ios/Pods/Headers/Public/React-utils\"\ \"/Users/viveksarkar/Desktop/Hatari_app/ios/Pods/Headers/Public/ReactCommon\"\ \"/Users/viveksarkar/Desktop/Hatari_app/ios/Pods/Headers/Public/Yoga\"\ \"/Users/viveksarkar/Desktop/Hatari_app/ios/Pods/Headers/Public/boost\"\ \"/Users/viveksarkar/Desktop/Hatari_app/ios/Pods/Headers/Public/fast_float\"\ \"/Users/viveksarkar/Desktop/Hatari_app/ios/Pods/Headers/Public/fmt\"\ \"/Users/viveksarkar/Desktop/Hatari_app/ios/Pods/Headers/Public/glog\"\ \"/Users/viveksarkar/Desktop/Hatari_app/ios/Pods/Headers/Public/hermes-engine\"\ \"/Users/viveksarkar/Library/Developer/Xcode/DerivedData/Hatari-crnaywjepgfrrcdspvkwustrehyb/Build/Products/Debug-iphoneos/React-rendererdebug/React_rendererdebug.framework/Headers\"\ \"/Users/viveksarkar/Library/Developer/Xcode/DerivedData/Hatari-crnaywjepgfrrcdspvkwustrehyb/Build/Products/Debug-iphoneos/React-graphics/React_graphics.framework/Headers\"\ \"/Users/viveksarkar/Library/Developer/Xcode/DerivedData/Hatari-crnaywjepgfrrcdspvkwustrehyb/Build/Products/Debug-iphoneos/React-graphics/React_graphics.framework/Headers/react/renderer/graphics/platform/ios\"\ \"/Users/viveksarkar/Library/Developer/Xcode/DerivedData/Hatari-crnaywjepgfrrcdspvkwustrehyb/Build/Products/Debug-iphoneos/React-rendererdebug/React_rendererdebug.framework/Headers\"\ \"/Users/viveksarkar/Library/Developer/Xcode/DerivedData/Hatari-crnaywjepgfrrcdspvkwustrehyb/Build/Products/Debug-iphoneos/React-graphics/React_graphics.framework/Headers\"\ \"/Users/viveksarkar/Library/Developer/Xcode/DerivedData/Hatari-crnaywjepgfrrcdspvkwustrehyb/Build/Products/Debug-iphoneos/React-graphics/React_graphics.framework/Headers/react/renderer/graphics/platform/ios\"\ \"/Users/viveksarkar/Desktop/Hatari_app/ios/Pods/Headers/Private/React-Core\"\ \"/Users/viveksarkar/Library/Developer/Xcode/DerivedData/Hatari-crnaywjepgfrrcdspvkwustrehyb/Build/Products/Debug-iphoneos/React-rendererdebug/React_rendererdebug.framework/Headers\"\ \"/Users/viveksarkar/Library/Developer/Xcode/DerivedData/Hatari-crnaywjepgfrrcdspvkwustrehyb/Build/Products/Debug-iphoneos/React-graphics/React_graphics.framework/Headers\"\ \"/Users/viveksarkar/Library/Developer/Xcode/DerivedData/Hatari-crnaywjepgfrrcdspvkwustrehyb/Build/Products/Debug-iphoneos/React-graphics/React_graphics.framework/Headers/react/renderer/graphics/platform/ios\"\ \"/Users/viveksarkar/Desktop/Hatari_app/ios/Pods/Headers/Private/Yoga\"\ \"/Users/viveksarkar/Library/Developer/Xcode/DerivedData/Hatari-crnaywjepgfrrcdspvkwustrehyb/Build/Products/Debug-iphoneos/React-rendererdebug/React_rendererdebug.framework/Headers\"\ \"/Users/viveksarkar/Library/Developer/Xcode/DerivedData/Hatari-crnaywjepgfrrcdspvkwustrehyb/Build/Products/Debug-iphoneos/React-graphics/React_graphics.framework/Headers\"\ \"/Users/viveksarkar/Library/Developer/Xcode/DerivedData/Hatari-crnaywjepgfrrcdspvkwustrehyb/Build/Products/Debug-iphoneos/React-graphics/React_graphics.framework/Headers/react/renderer/graphics/platform/ios\"\ \"/Users/viveksarkar/Desktop/Hatari_app/ios/Pods/boost\"\ \"/Users/viveksarkar/Desktop/Hatari_app/ios/Pods/../../node_modules/react-native/ReactCommon/ReactCommon\"\ \"/Users/viveksarkar/Desktop/Hatari_app/ios/Pods/RCT-Folly\"\ \"/Users/viveksarkar/Desktop/Hatari_app/ios/Pods/Headers/Private/Yoga\"\ \"/Users/viveksarkar/Desktop/Hatari_app/ios/Pods/../../node_modules/react-native/ReactCommon\"\ \"/Users/viveksarkar/Desktop/Hatari_app/ios/Pods/DoubleConversion\"\ \"/Users/viveksarkar/Desktop/Hatari_app/ios/Pods/fmt/include\"
    export HOME\=/Users/viveksarkar
    export HOST_ARCH\=arm64
    export HOST_PLATFORM\=macosx
    export ICONV\=/usr/bin/iconv
    export IMPLICIT_DEPENDENCY_DOMAIN\=default
    export INFOPLIST_ENABLE_CFBUNDLEICONS_MERGE\=YES
    export INFOPLIST_EXPAND_BUILD_SETTINGS\=YES
    export INFOPLIST_OUTPUT_FORMAT\=binary
    export INFOPLIST_PREPROCESS\=NO
    export INLINE_PRIVATE_FRAMEWORKS\=NO
    export INSTALLAPI_IGNORE_SKIP_INSTALL\=YES
    export INSTALLHDRS_COPY_PHASE\=NO
    export INSTALLHDRS_SCRIPT_PHASE\=NO
    export INSTALL_DIR\=/tmp/Pods.dst/usr/local/lib
    export INSTALL_GROUP\=staff
    export INSTALL_MODE_FLAG\=u+w,go-w,a+rX
    export INSTALL_OWNER\=viveksarkar
    export INSTALL_PATH\=/usr/local/lib
    export INSTALL_ROOT\=/tmp/Pods.dst
    export IPHONEOS_DEPLOYMENT_TARGET\=15.1
    export IS_UNOPTIMIZED_BUILD\=YES
    export JAVAC_DEFAULT_FLAGS\=-J-Xms64m\ -J-XX:NewSize\=4M\ -J-Dfile.encoding\=UTF8
    export JAVA_APP_STUB\=/System/Library/Frameworks/JavaVM.framework/Resources/MacOS/JavaApplicationStub
    export JAVA_ARCHIVE_CLASSES\=YES
    export JAVA_ARCHIVE_TYPE\=JAR
    export JAVA_COMPILER\=/usr/bin/javac
    export JAVA_FRAMEWORK_RESOURCES_DIRS\=Resources
    export JAVA_JAR_FLAGS\=cv
    export JAVA_SOURCE_SUBDIR\=.
    export JAVA_USE_DEPENDENCIES\=YES
    export JAVA_ZIP_FLAGS\=-urg
    export JIKES_DEFAULT_FLAGS\=+E\ +OLDCSO
    export KASAN_CFLAGS_CLASSIC\=-DKASAN\=1\ -DKASAN_CLASSIC\=1\ -fsanitize\=address\ -mllvm\ -asan-globals-live-support\ -mllvm\ -asan-force-dynamic-shadow
    export KASAN_CFLAGS_TBI\=-DKASAN\=1\ -DKASAN_TBI\=1\ -fsanitize\=kernel-hwaddress\ -mllvm\ -hwasan-recover\=0\ -mllvm\ -hwasan-instrument-atomics\=0\ -mllvm\ -hwasan-instrument-stack\=1\ -mllvm\ -hwasan-generate-tags-with-calls\=1\ -mllvm\ -hwasan-instrument-with-calls\=1\ -mllvm\ -hwasan-use-short-granules\=0\ -mllvm\ -hwasan-memory-access-callback-prefix\=__asan_
    export KASAN_DEFAULT_CFLAGS\=-DKASAN\=1\ -DKASAN_CLASSIC\=1\ -fsanitize\=address\ -mllvm\ -asan-globals-live-support\ -mllvm\ -asan-force-dynamic-shadow
    export KEEP_PRIVATE_EXTERNS\=NO
    export LD_DEPENDENCY_INFO_FILE\=/Users/viveksarkar/Library/Developer/Xcode/DerivedData/Hatari-crnaywjepgfrrcdspvkwustrehyb/Build/Intermediates.noindex/Pods.build/Debug-iphoneos/React-Fabric.build/Objects-normal/undefined_arch/React-Fabric_dependency_info.dat
    export LD_EXPORT_SYMBOLS\=YES
    export LD_GENERATE_MAP_FILE\=NO
    export LD_MAP_FILE_PATH\=/Users/viveksarkar/Library/Developer/Xcode/DerivedData/Hatari-crnaywjepgfrrcdspvkwustrehyb/Build/Intermediates.noindex/Pods.build/Debug-iphoneos/React-Fabric.build/React-Fabric-LinkMap-normal-undefined_arch.txt
    export LD_NO_PIE\=NO
    export LD_QUOTE_LINKER_ARGUMENTS_FOR_COMPILER_DRIVER\=YES
    export LD_SHARED_CACHE_ELIGIBLE\=Automatic
    export LD_WARN_DUPLICATE_LIBRARIES\=NO
    export LD_WARN_UNUSED_DYLIBS\=NO
    export LEGACY_DEVELOPER_DIR\=/Applications/Xcode.app/Contents/PlugIns/Xcode3Core.ideplugin/Contents/SharedSupport/Developer
    export LEX\=lex
    export LIBRARY_DEXT_INSTALL_PATH\=/Library/DriverExtensions
    export LIBRARY_FLAG_NOSPACE\=YES
    export LIBRARY_FLAG_PREFIX\=-l
    export LIBRARY_KEXT_INSTALL_PATH\=/Library/Extensions
    export LIBRARY_SEARCH_PATHS\=/Users/viveksarkar/Library/Developer/Xcode/DerivedData/Hatari-crnaywjepgfrrcdspvkwustrehyb/Build/Products/Debug-iphoneos/React-Fabric\ 
    export LINKER_DISPLAYS_MANGLED_NAMES\=NO
    export LINK_FILE_LIST_normal_arm64\=/Users/viveksarkar/Library/Developer/Xcode/DerivedData/Hatari-crnaywjepgfrrcdspvkwustrehyb/Build/Intermediates.noindex/Pods.build/Debug-iphoneos/React-Fabric.build/Objects-normal/arm64/React-Fabric.LinkFileList
    export LINK_OBJC_RUNTIME\=YES
    export LINK_WITH_STANDARD_LIBRARIES\=YES
    export LLVM_TARGET_TRIPLE_OS_VERSION\=ios15.1
    export LLVM_TARGET_TRIPLE_VENDOR\=apple
    export LM_AUX_CONST_METADATA_LIST_PATH_normal_arm64\=/Users/viveksarkar/Library/Developer/Xcode/DerivedData/Hatari-crnaywjepgfrrcdspvkwustrehyb/Build/Intermediates.noindex/Pods.build/Debug-iphoneos/React-Fabric.build/Objects-normal/arm64/React-Fabric.SwiftConstValuesFileList
    export LOCALIZATION_EXPORT_SUPPORTED\=YES
    export LOCALIZATION_PREFERS_STRING_CATALOGS\=NO
    export LOCALIZED_STRING_MACRO_NAMES\=NSLocalizedString\ CFCopyLocalizedString
    export LOCALIZED_STRING_SWIFTUI_SUPPORT\=YES
    export LOCAL_ADMIN_APPS_DIR\=/Applications/Utilities
    export LOCAL_APPS_DIR\=/Applications
    export LOCAL_DEVELOPER_DIR\=/Library/Developer
    export LOCAL_LIBRARY_DIR\=/Library
    export LOCROOT\=/Users/viveksarkar/Desktop/Hatari_app/ios/Pods
    export LOCSYMROOT\=/Users/viveksarkar/Desktop/Hatari_app/ios/Pods
    export MACH_O_TYPE\=staticlib
    export MAC_OS_X_PRODUCT_BUILD_VERSION\=25C56
    export MAC_OS_X_VERSION_ACTUAL\=260200
    export MAC_OS_X_VERSION_MAJOR\=260000
    export MAC_OS_X_VERSION_MINOR\=260200
    export MAKE_MERGEABLE\=NO
    export MERGEABLE_LIBRARY\=NO
    export MERGED_BINARY_TYPE\=none
    export MERGE_LINKED_LIBRARIES\=NO
    export METAL_LIBRARY_FILE_BASE\=default
    export METAL_LIBRARY_OUTPUT_DIR\=/Users/viveksarkar/Library/Developer/Xcode/DerivedData/Hatari-crnaywjepgfrrcdspvkwustrehyb/Build/Products/Debug-iphoneos/React-Fabric/
    export MODULEMAP_FILE\=Headers/Public/React_Fabric/React-Fabric.modulemap
    export MODULE_CACHE_DIR\=/Users/viveksarkar/Library/Developer/Xcode/DerivedData/ModuleCache.noindex
    export MTL_ENABLE_DEBUG_INFO\=INCLUDE_SOURCE
    export MTL_FAST_MATH\=YES
    export NATIVE_ARCH\=arm64
    export NATIVE_ARCH_32_BIT\=arm
    export NATIVE_ARCH_64_BIT\=arm64
    export NATIVE_ARCH_ACTUAL\=arm64
    export NO_COMMON\=YES
    export OBJECT_FILE_DIR\=/Users/viveksarkar/Library/Developer/Xcode/DerivedData/Hatari-crnaywjepgfrrcdspvkwustrehyb/Build/Intermediates.noindex/Pods.build/Debug-iphoneos/React-Fabric.build/Objects
    export OBJECT_FILE_DIR_normal\=/Users/viveksarkar/Library/Developer/Xcode/DerivedData/Hatari-crnaywjepgfrrcdspvkwustrehyb/Build/Intermediates.noindex/Pods.build/Debug-iphoneos/React-Fabric.build/Objects-normal
    export OBJROOT\=/Users/viveksarkar/Library/Developer/Xcode/DerivedData/Hatari-crnaywjepgfrrcdspvkwustrehyb/Build/Intermediates.noindex
    export ONLY_ACTIVE_ARCH\=NO
    export OS\=MACOS
    export OSAC\=/usr/bin/osacompile
    export OTHER_CFLAGS\=\ -fmodule-map-file\=\"/Users/viveksarkar/Desktop/Hatari_app/ios/Pods/Headers/Public/DoubleConversion/DoubleConversion.modulemap\"\ -fmodule-map-file\=\"/Users/viveksarkar/Desktop/Hatari_app/ios/Pods/Headers/Public/RCTDeprecation/RCTDeprecation.modulemap\"\ -fmodule-map-file\=\"/Users/viveksarkar/Desktop/Hatari_app/ios/Pods/Headers/Public/RCTTypeSafety/RCTTypeSafety.modulemap\"\ -fmodule-map-file\=\"/Users/viveksarkar/Desktop/Hatari_app/ios/Pods/Headers/Public/React/React-Core.modulemap\"\ -fmodule-map-file\=\"/Users/viveksarkar/Desktop/Hatari_app/ios/Pods/Headers/Public/ReactCommon/ReactCommon.modulemap\"\ -fmodule-map-file\=\"/Users/viveksarkar/Desktop/Hatari_app/ios/Pods/Headers/Public/folly/RCT-Folly.modulemap\"\ -fmodule-map-file\=\"/Users/viveksarkar/Desktop/Hatari_app/ios/Pods/Headers/Public/glog/glog.modulemap\"\ -fmodule-map-file\=\"/Users/viveksarkar/Desktop/Hatari_app/ios/Pods/Headers/Public/jsi/React-jsi.modulemap\"\ -fmodule-map-file\=\"/Users/viveksarkar/Desktop/Hatari_app/ios/Pods/Headers/Public/jsinspector_modern/React-jsinspector.modulemap\"\ -fmodule-map-file\=\"/Users/viveksarkar/Desktop/Hatari_app/ios/Pods/Headers/Public/jsinspector_modern_tracing/React-jsinspectortracing.modulemap\"\ -fmodule-map-file\=\"/Users/viveksarkar/Desktop/Hatari_app/ios/Pods/Headers/Public/react_debug/React-debug.modulemap\"\ -fmodule-map-file\=\"/Users/viveksarkar/Desktop/Hatari_app/ios/Pods/Headers/Public/react_featureflags/React-featureflags.modulemap\"\ -fmodule-map-file\=\"/Users/viveksarkar/Desktop/Hatari_app/ios/Pods/Headers/Public/react_renderer_css/React-renderercss.modulemap\"\ -fmodule-map-file\=\"/Users/viveksarkar/Desktop/Hatari_app/ios/Pods/Headers/Public/react_renderer_debug/React-rendererdebug.modulemap\"\ -fmodule-map-file\=\"/Users/viveksarkar/Desktop/Hatari_app/ios/Pods/Headers/Public/react_renderer_graphics/React-graphics.modulemap\"\ -fmodule-map-file\=\"/Users/viveksarkar/Desktop/Hatari_app/ios/Pods/Headers/Public/react_runtime/React-jsitooling.modulemap\"\ -fmodule-map-file\=\"/Users/viveksarkar/Desktop/Hatari_app/ios/Pods/Headers/Public/react_utils/React-utils.modulemap\"\ -fmodule-map-file\=\"/Users/viveksarkar/Desktop/Hatari_app/ios/Pods/Headers/Public/reacthermes/React-hermes.modulemap\"\ -fmodule-map-file\=\"/Users/viveksarkar/Desktop/Hatari_app/ios/Pods/Headers/Public/yoga/Yoga.modulemap\"
    export OTHER_CPLUSPLUSFLAGS\=\ -fmodule-map-file\=\"/Users/viveksarkar/Desktop/Hatari_app/ios/Pods/Headers/Public/DoubleConversion/DoubleConversion.modulemap\"\ -fmodule-map-file\=\"/Users/viveksarkar/Desktop/Hatari_app/ios/Pods/Headers/Public/RCTDeprecation/RCTDeprecation.modulemap\"\ -fmodule-map-file\=\"/Users/viveksarkar/Desktop/Hatari_app/ios/Pods/Headers/Public/RCTTypeSafety/RCTTypeSafety.modulemap\"\ -fmodule-map-file\=\"/Users/viveksarkar/Desktop/Hatari_app/ios/Pods/Headers/Public/React/React-Core.modulemap\"\ -fmodule-map-file\=\"/Users/viveksarkar/Desktop/Hatari_app/ios/Pods/Headers/Public/ReactCommon/ReactCommon.modulemap\"\ -fmodule-map-file\=\"/Users/viveksarkar/Desktop/Hatari_app/ios/Pods/Headers/Public/folly/RCT-Folly.modulemap\"\ -fmodule-map-file\=\"/Users/viveksarkar/Desktop/Hatari_app/ios/Pods/Headers/Public/glog/glog.modulemap\"\ -fmodule-map-file\=\"/Users/viveksarkar/Desktop/Hatari_app/ios/Pods/Headers/Public/jsi/React-jsi.modulemap\"\ -fmodule-map-file\=\"/Users/viveksarkar/Desktop/Hatari_app/ios/Pods/Headers/Public/jsinspector_modern/React-jsinspector.modulemap\"\ -fmodule-map-file\=\"/Users/viveksarkar/Desktop/Hatari_app/ios/Pods/Headers/Public/jsinspector_modern_tracing/React-jsinspectortracing.modulemap\"\ -fmodule-map-file\=\"/Users/viveksarkar/Desktop/Hatari_app/ios/Pods/Headers/Public/react_debug/React-debug.modulemap\"\ -fmodule-map-file\=\"/Users/viveksarkar/Desktop/Hatari_app/ios/Pods/Headers/Public/react_featureflags/React-featureflags.modulemap\"\ -fmodule-map-file\=\"/Users/viveksarkar/Desktop/Hatari_app/ios/Pods/Headers/Public/react_renderer_css/React-renderercss.modulemap\"\ -fmodule-map-file\=\"/Users/viveksarkar/Desktop/Hatari_app/ios/Pods/Headers/Public/react_renderer_debug/React-rendererdebug.modulemap\"\ -fmodule-map-file\=\"/Users/viveksarkar/Desktop/Hatari_app/ios/Pods/Headers/Public/react_renderer_graphics/React-graphics.modulemap\"\ -fmodule-map-file\=\"/Users/viveksarkar/Desktop/Hatari_app/ios/Pods/Headers/Public/react_runtime/React-jsitooling.modulemap\"\ -fmodule-map-file\=\"/Users/viveksarkar/Desktop/Hatari_app/ios/Pods/Headers/Public/react_utils/React-utils.modulemap\"\ -fmodule-map-file\=\"/Users/viveksarkar/Desktop/Hatari_app/ios/Pods/Headers/Public/reacthermes/React-hermes.modulemap\"\ -fmodule-map-file\=\"/Users/viveksarkar/Desktop/Hatari_app/ios/Pods/Headers/Public/yoga/Yoga.modulemap\"
    export PACKAGE_TYPE\=com.apple.package-type.static-library
    export PASCAL_STRINGS\=YES
    export PATH\=/Applications/Xcode.app/Contents/SharedFrameworks/SwiftBuild.framework/Versions/A/PlugIns/SWBBuildService.bundle/Contents/PlugIns/SWBUniversalPlatformPlugin.bundle/Contents/Frameworks/SWBUniversalPlatform.framework/Resources:/Applications/Xcode.app/Contents/Developer/Toolchains/XcodeDefault.xctoolchain/usr/bin:/Applications/Xcode.app/Contents/Developer/Toolchains/XcodeDefault.xctoolchain/usr/local/bin:/Applications/Xcode.app/Contents/Developer/Toolchains/XcodeDefault.xctoolchain/usr/libexec:/Applications/Xcode.app/Contents/Developer/Platforms/iPhoneOS.platform/usr/bin:/Applications/Xcode.app/Contents/Developer/Platforms/iPhoneOS.platform/usr/local/bin:/Applications/Xcode.app/Contents/Developer/Platforms/iPhoneOS.platform/Developer/usr/bin:/Applications/Xcode.app/Contents/Developer/Platforms/iPhoneOS.platform/Developer/usr/local/bin:/Applications/Xcode.app/Contents/Developer/usr/bin:/Applications/Xcode.app/Contents/Developer/usr/local/bin:/Users/viveksarkar/Library/Application\ Support/Code/User/globalStorage/github.copilot-chat/debugCommand:/Users/viveksarkar/Library/Application\ Support/Code/User/globalStorage/github.copilot-chat/copilotCli:/opt/homebrew/bin:/opt/homebrew/sbin:/usr/local/bin:/System/Cryptexes/App/usr/bin:/usr/bin:/bin:/usr/sbin:/sbin:/var/run/com.apple.security.cryptexd/codex.system/bootstrap/usr/local/bin:/var/run/com.apple.security.cryptexd/codex.system/bootstrap/usr/bin:/var/run/com.apple.security.cryptexd/codex.system/bootstrap/usr/appleinternal/bin:/opt/pmk/env/global/bin:/Library/Apple/usr/bin
    export PATH_PREFIXES_EXCLUDED_FROM_HEADER_DEPENDENCIES\=/usr/include\ /usr/local/include\ /System/Library/Frameworks\ /System/Library/PrivateFrameworks\ /Applications/Xcode.app/Contents/Developer/Headers\ /Applications/Xcode.app/Contents/Developer/SDKs\ /Applications/Xcode.app/Contents/Developer/Platforms
    export PER_ARCH_MODULE_FILE_DIR\=/Users/viveksarkar/Library/Developer/Xcode/DerivedData/Hatari-crnaywjepgfrrcdspvkwustrehyb/Build/Intermediates.noindex/Pods.build/Debug-iphoneos/React-Fabric.build/Objects-normal/undefined_arch
    export PER_ARCH_OBJECT_FILE_DIR\=/Users/viveksarkar/Library/Developer/Xcode/DerivedData/Hatari-crnaywjepgfrrcdspvkwustrehyb/Build/Intermediates.noindex/Pods.build/Debug-iphoneos/React-Fabric.build/Objects-normal/undefined_arch
    export PER_VARIANT_OBJECT_FILE_DIR\=/Users/viveksarkar/Library/Developer/Xcode/DerivedData/Hatari-crnaywjepgfrrcdspvkwustrehyb/Build/Intermediates.noindex/Pods.build/Debug-iphoneos/React-Fabric.build/Objects-normal
    export PKGINFO_FILE_PATH\=/Users/viveksarkar/Library/Developer/Xcode/DerivedData/Hatari-crnaywjepgfrrcdspvkwustrehyb/Build/Intermediates.noindex/Pods.build/Debug-iphoneos/React-Fabric.build/PkgInfo
    export PLATFORM_DEVELOPER_APPLICATIONS_DIR\=/Applications/Xcode.app/Contents/Developer/Platforms/iPhoneOS.platform/Developer/Applications
    export PLATFORM_DEVELOPER_BIN_DIR\=/Applications/Xcode.app/Contents/Developer/Platforms/iPhoneOS.platform/Developer/usr/bin
    export PLATFORM_DEVELOPER_LIBRARY_DIR\=/Applications/Xcode.app/Contents/Developer/Platforms/iPhoneOS.platform/Developer/Library
    export PLATFORM_DEVELOPER_SDK_DIR\=/Applications/Xcode.app/Contents/Developer/Platforms/iPhoneOS.platform/Developer/SDKs
    export PLATFORM_DEVELOPER_TOOLS_DIR\=/Applications/Xcode.app/Contents/Developer/Platforms/iPhoneOS.platform/Developer/Tools
    export PLATFORM_DEVELOPER_USR_DIR\=/Applications/Xcode.app/Contents/Developer/Platforms/iPhoneOS.platform/Developer/usr
    export PLATFORM_DIR\=/Applications/Xcode.app/Contents/Developer/Platforms/iPhoneOS.platform
    export PLATFORM_DISPLAY_NAME\=iOS
    export PLATFORM_FAMILY_NAME\=iOS
    export PLATFORM_NAME\=iphoneos
    export PLATFORM_PREFERRED_ARCH\=arm64
    export PLATFORM_PRODUCT_BUILD_VERSION\=23C53
    export PLATFORM_REQUIRES_SWIFT_AUTOLINK_EXTRACT\=NO
    export PLATFORM_REQUIRES_SWIFT_MODULEWRAP\=NO
    export PLIST_FILE_OUTPUT_FORMAT\=binary
    export PODS_BUILD_DIR\=/Users/viveksarkar/Library/Developer/Xcode/DerivedData/Hatari-crnaywjepgfrrcdspvkwustrehyb/Build/Products
    export PODS_CONFIGURATION_BUILD_DIR\=/Users/viveksarkar/Library/Developer/Xcode/DerivedData/Hatari-crnaywjepgfrrcdspvkwustrehyb/Build/Products/Debug-iphoneos
    export PODS_DEVELOPMENT_LANGUAGE\=en
    export PODS_ROOT\=/Users/viveksarkar/Desktop/Hatari_app/ios/Pods
    export PODS_TARGET_SRCROOT\=/Users/viveksarkar/Desktop/Hatari_app/ios/Pods/../../node_modules/react-native/ReactCommon
    export PODS_XCFRAMEWORKS_BUILD_DIR\=/Users/viveksarkar/Library/Developer/Xcode/DerivedData/Hatari-crnaywjepgfrrcdspvkwustrehyb/Build/Products/Debug-iphoneos/XCFrameworkIntermediates
    export PRECOMPS_INCLUDE_HEADERS_FROM_BUILT_PRODUCTS_DIR\=YES
    export PRECOMP_DESTINATION_DIR\=/Users/viveksarkar/Library/Developer/Xcode/DerivedData/Hatari-crnaywjepgfrrcdspvkwustrehyb/Build/Intermediates.noindex/Pods.build/Debug-iphoneos/React-Fabric.build/PrefixHeaders
    export PROCESSED_INFOPLIST_PATH\=/Users/viveksarkar/Library/Developer/Xcode/DerivedData/Hatari-crnaywjepgfrrcdspvkwustrehyb/Build/Intermediates.noindex/Pods.build/Debug-iphoneos/React-Fabric.build/Objects-normal/undefined_arch/Processed-Info.plist
    export PRODUCT_BUNDLE_IDENTIFIER\=org.cocoapods.React-Fabric
    export PRODUCT_MODULE_NAME\=React_Fabric
    export PRODUCT_NAME\=React-Fabric
    export PRODUCT_SETTINGS_PATH\=
    export PRODUCT_TYPE\=com.apple.product-type.library.static
    export PROFILING_CODE\=NO
    export PROJECT\=Pods
    export PROJECT_DERIVED_FILE_DIR\=/Users/viveksarkar/Library/Developer/Xcode/DerivedData/Hatari-crnaywjepgfrrcdspvkwustrehyb/Build/Intermediates.noindex/Pods.build/DerivedSources
    export PROJECT_DIR\=/Users/viveksarkar/Desktop/Hatari_app/ios/Pods
    export PROJECT_FILE_PATH\=/Users/viveksarkar/Desktop/Hatari_app/ios/Pods/Pods.xcodeproj
    export PROJECT_GUID\=8699adb1dd336b26511df848a716bd42
    export PROJECT_NAME\=Pods
    export PROJECT_TEMP_DIR\=/Users/viveksarkar/Library/Developer/Xcode/DerivedData/Hatari-crnaywjepgfrrcdspvkwustrehyb/Build/Intermediates.noindex/Pods.build
    export PROJECT_TEMP_ROOT\=/Users/viveksarkar/Library/Developer/Xcode/DerivedData/Hatari-crnaywjepgfrrcdspvkwustrehyb/Build/Intermediates.noindex
    export REACT_NATIVE_PATH\=/Users/viveksarkar/Desktop/Hatari_app/ios/Pods/../../node_modules/react-native
    export RECOMMENDED_IPHONEOS_DEPLOYMENT_TARGET\=15.0
    export RECURSIVE_SEARCH_PATHS_FOLLOW_SYMLINKS\=YES
    export REMOVE_CVS_FROM_RESOURCES\=YES
    export REMOVE_GIT_FROM_RESOURCES\=YES
    export REMOVE_HEADERS_FROM_EMBEDDED_BUNDLES\=YES
    export REMOVE_HG_FROM_RESOURCES\=YES
    export REMOVE_STATIC_EXECUTABLES_FROM_EMBEDDED_BUNDLES\=YES
    export REMOVE_SVN_FROM_RESOURCES\=YES
    export RESCHEDULE_INDEPENDENT_HEADERS_PHASES\=YES
    export REZ_COLLECTOR_DIR\=/Users/viveksarkar/Library/Developer/Xcode/DerivedData/Hatari-crnaywjepgfrrcdspvkwustrehyb/Build/Intermediates.noindex/Pods.build/Debug-iphoneos/React-Fabric.build/ResourceManagerResources
    export REZ_EXECUTABLE\=YES
    export REZ_OBJECTS_DIR\=/Users/viveksarkar/Library/Developer/Xcode/DerivedData/Hatari-crnaywjepgfrrcdspvkwustrehyb/Build/Intermediates.noindex/Pods.build/Debug-iphoneos/React-Fabric.build/ResourceManagerResources/Objects
    export REZ_SEARCH_PATHS\=/Users/viveksarkar/Library/Developer/Xcode/DerivedData/Hatari-crnaywjepgfrrcdspvkwustrehyb/Build/Products/Debug-iphoneos/React-Fabric\ 
    export RUNTIME_EXCEPTION_ALLOW_DYLD_ENVIRONMENT_VARIABLES\=NO
    export RUNTIME_EXCEPTION_ALLOW_JIT\=NO
    export RUNTIME_EXCEPTION_ALLOW_UNSIGNED_EXECUTABLE_MEMORY\=NO
    export RUNTIME_EXCEPTION_DEBUGGING_TOOL\=NO
    export RUNTIME_EXCEPTION_DISABLE_EXECUTABLE_PAGE_PROTECTION\=NO
    export RUNTIME_EXCEPTION_DISABLE_LIBRARY_VALIDATION\=NO
    export SCAN_ALL_SOURCE_FILES_FOR_INCLUDES\=NO
    export SCRIPT_INPUT_FILE_COUNT\=0
    export SCRIPT_INPUT_FILE_LIST_COUNT\=0
    export SCRIPT_OUTPUT_FILE_COUNT\=0
    export SCRIPT_OUTPUT_FILE_LIST_COUNT\=0
    export SDKROOT\=/Applications/Xcode.app/Contents/Developer/Platforms/iPhoneOS.platform/Developer/SDKs/iPhoneOS26.2.sdk
    export SDK_DIR\=/Applications/Xcode.app/Contents/Developer/Platforms/iPhoneOS.platform/Developer/SDKs/iPhoneOS26.2.sdk
    export SDK_DIR_iphoneos\=/Applications/Xcode.app/Contents/Developer/Platforms/iPhoneOS.platform/Developer/SDKs/iPhoneOS26.2.sdk
    export SDK_DIR_iphoneos26_2\=/Applications/Xcode.app/Contents/Developer/Platforms/iPhoneOS.platform/Developer/SDKs/iPhoneOS26.2.sdk
    export SDK_NAME\=iphoneos26.2
    export SDK_NAMES\=iphoneos26.2
    export SDK_PRODUCT_BUILD_VERSION\=23C53
    export SDK_STAT_CACHE_DIR\=/Users/viveksarkar/Library/Developer/Xcode/DerivedData
    export SDK_STAT_CACHE_ENABLE\=YES
    export SDK_STAT_CACHE_PATH\=/Users/viveksarkar/Library/Developer/Xcode/DerivedData/SDKStatCaches.noindex/iphoneos26.2-23C53-3794476bd08197c3e2abd9bb477ef7f7.sdkstatcache
    export SDK_VERSION\=26.2
    export SDK_VERSION_ACTUAL\=260200
    export SDK_VERSION_MAJOR\=260000
    export SDK_VERSION_MINOR\=260200
    export SED\=/usr/bin/sed
    export SEPARATE_STRIP\=NO
    export SEPARATE_SYMBOL_EDIT\=NO
    export SET_DIR_MODE_OWNER_GROUP\=YES
    export SET_FILE_MODE_OWNER_GROUP\=NO
    export SHALLOW_BUNDLE\=NO
    export SHARED_DERIVED_FILE_DIR\=/Users/viveksarkar/Library/Developer/Xcode/DerivedData/Hatari-crnaywjepgfrrcdspvkwustrehyb/Build/Products/Debug-iphoneos/React-Fabric/DerivedSources
    export SHARED_PRECOMPS_DIR\=/Users/viveksarkar/Library/Developer/Xcode/DerivedData/Hatari-crnaywjepgfrrcdspvkwustrehyb/Build/Intermediates.noindex/PrecompiledHeaders
    export SKIP_INSTALL\=YES
    export SOURCE_ROOT\=/Users/viveksarkar/Desktop/Hatari_app/ios/Pods
    export SRCROOT\=/Users/viveksarkar/Desktop/Hatari_app/ios/Pods
    export STRINGSDATA_DIR\=/Users/viveksarkar/Library/Developer/Xcode/DerivedData/Hatari-crnaywjepgfrrcdspvkwustrehyb/Build/Intermediates.noindex/Pods.build/Debug-iphoneos/React-Fabric.build/Objects-normal/undefined_arch
    export STRINGSDATA_ROOT\=/Users/viveksarkar/Library/Developer/Xcode/DerivedData/Hatari-crnaywjepgfrrcdspvkwustrehyb/Build/Intermediates.noindex/Pods.build/Debug-iphoneos/React-Fabric.build
    export STRINGS_FILE_INFOPLIST_RENAME\=YES
    export STRINGS_FILE_OUTPUT_ENCODING\=binary
    export STRING_CATALOG_GENERATE_SYMBOLS\=NO
    export STRIP_BITCODE_FROM_COPIED_FILES\=YES
    export STRIP_INSTALLED_PRODUCT\=NO
    export STRIP_STYLE\=debugging
    export STRIP_SWIFT_SYMBOLS\=YES
    export SUPPORTED_DEVICE_FAMILIES\=1,2
    export SUPPORTED_PLATFORMS\=iphoneos\ iphonesimulator
    export SUPPORTS_MACCATALYST\=YES
    export SUPPORTS_MAC_DESIGNED_FOR_IPHONE_IPAD\=YES
    export SUPPORTS_TEXT_BASED_API\=NO
    export SUPPORTS_XR_DESIGNED_FOR_IPHONE_IPAD\=YES
    export SUPPRESS_WARNINGS\=NO
    export SWIFT_ACTIVE_COMPILATION_CONDITIONS\=\ DEBUG\ 
    export SWIFT_EMIT_CONST_VALUE_PROTOCOLS\=AppIntent\ EntityQuery\ AppEntity\ TransientEntity\ AppEnum\ AppShortcutProviding\ AppShortcutsProvider\ AnyResolverProviding\ AppIntentsPackage\ DynamicOptionsProvider\ _IntentValueRepresentable\ _AssistantIntentsProvider\ _GenerativeFunctionExtractable\ IntentValueQuery\ Resolver\ AppExtension\ ExtensionPointDefining
    export SWIFT_EMIT_LOC_STRINGS\=NO
    export SWIFT_ENABLE_EXPLICIT_MODULES\=YES
    export SWIFT_INSTALL_OBJC_HEADER\=YES
    export SWIFT_OPTIMIZATION_LEVEL\=-Onone
    export SWIFT_PLATFORM_TARGET_PREFIX\=ios
    export SWIFT_RESPONSE_FILE_PATH_normal_arm64\=/Users/viveksarkar/Library/Developer/Xcode/DerivedData/Hatari-crnaywjepgfrrcdspvkwustrehyb/Build/Intermediates.noindex/Pods.build/Debug-iphoneos/React-Fabric.build/Objects-normal/arm64/React-Fabric.SwiftFileList
    export SWIFT_VERSION\=5.0
    export SYMROOT\=/Users/viveksarkar/Library/Developer/Xcode/DerivedData/Hatari-crnaywjepgfrrcdspvkwustrehyb/Build/Products
    export SYSTEM_ADMIN_APPS_DIR\=/Applications/Utilities
    export SYSTEM_APPS_DIR\=/Applications
    export SYSTEM_CORE_SERVICES_DIR\=/System/Library/CoreServices
    export SYSTEM_DEMOS_DIR\=/Applications/Extras
    export SYSTEM_DEVELOPER_APPS_DIR\=/Applications/Xcode.app/Contents/Developer/Applications
    export SYSTEM_DEVELOPER_BIN_DIR\=/Applications/Xcode.app/Contents/Developer/usr/bin
    export SYSTEM_DEVELOPER_DEMOS_DIR\=/Applications/Xcode.app/Contents/Developer/Applications/Utilities/Built\ Examples
    export SYSTEM_DEVELOPER_DIR\=/Applications/Xcode.app/Contents/Developer
    export SYSTEM_DEVELOPER_DOC_DIR\=/Applications/Xcode.app/Contents/Developer/ADC\ Reference\ Library
    export SYSTEM_DEVELOPER_GRAPHICS_TOOLS_DIR\=/Applications/Xcode.app/Contents/Developer/Applications/Graphics\ Tools
    export SYSTEM_DEVELOPER_JAVA_TOOLS_DIR\=/Applications/Xcode.app/Contents/Developer/Applications/Java\ Tools
    export SYSTEM_DEVELOPER_PERFORMANCE_TOOLS_DIR\=/Applications/Xcode.app/Contents/Developer/Applications/Performance\ Tools
    export SYSTEM_DEVELOPER_RELEASENOTES_DIR\=/Applications/Xcode.app/Contents/Developer/ADC\ Reference\ Library/releasenotes
    export SYSTEM_DEVELOPER_TOOLS\=/Applications/Xcode.app/Contents/Developer/Tools
    export SYSTEM_DEVELOPER_TOOLS_DOC_DIR\=/Applications/Xcode.app/Contents/Developer/ADC\ Reference\ Library/documentation/DeveloperTools
    export SYSTEM_DEVELOPER_TOOLS_RELEASENOTES_DIR\=/Applications/Xcode.app/Contents/Developer/ADC\ Reference\ Library/releasenotes/DeveloperTools
    export SYSTEM_DEVELOPER_USR_DIR\=/Applications/Xcode.app/Contents/Developer/usr
    export SYSTEM_DEVELOPER_UTILITIES_DIR\=/Applications/Xcode.app/Contents/Developer/Applications/Utilities
    export SYSTEM_DEXT_INSTALL_PATH\=/System/Library/DriverExtensions
    export SYSTEM_DOCUMENTATION_DIR\=/Library/Documentation
    export SYSTEM_KEXT_INSTALL_PATH\=/System/Library/Extensions
    export SYSTEM_LIBRARY_DIR\=/System/Library
    export TAPI_DEMANGLE\=YES
    export TAPI_ENABLE_PROJECT_HEADERS\=NO
    export TAPI_LANGUAGE\=objective-c
    export TAPI_LANGUAGE_STANDARD\=compiler-default
    export TAPI_USE_SRCROOT\=YES
    export TAPI_VERIFY_MODE\=Pedantic
    export TARGETED_DEVICE_FAMILY\=1,2
    export TARGETNAME\=React-Fabric
    export TARGET_BUILD_DIR\=/Users/viveksarkar/Library/Developer/Xcode/DerivedData/Hatari-crnaywjepgfrrcdspvkwustrehyb/Build/Products/Debug-iphoneos/React-Fabric
    export TARGET_NAME\=React-Fabric
    export TARGET_TEMP_DIR\=/Users/viveksarkar/Library/Developer/Xcode/DerivedData/Hatari-crnaywjepgfrrcdspvkwustrehyb/Build/Intermediates.noindex/Pods.build/Debug-iphoneos/React-Fabric.build
    export TEMP_DIR\=/Users/viveksarkar/Library/Developer/Xcode/DerivedData/Hatari-crnaywjepgfrrcdspvkwustrehyb/Build/Intermediates.noindex/Pods.build/Debug-iphoneos/React-Fabric.build
    export TEMP_FILES_DIR\=/Users/viveksarkar/Library/Developer/Xcode/DerivedData/Hatari-crnaywjepgfrrcdspvkwustrehyb/Build/Intermediates.noindex/Pods.build/Debug-iphoneos/React-Fabric.build
    export TEMP_FILE_DIR\=/Users/viveksarkar/Library/Developer/Xcode/DerivedData/Hatari-crnaywjepgfrrcdspvkwustrehyb/Build/Intermediates.noindex/Pods.build/Debug-iphoneos/React-Fabric.build
    export TEMP_ROOT\=/Users/viveksarkar/Library/Developer/Xcode/DerivedData/Hatari-crnaywjepgfrrcdspvkwustrehyb/Build/Intermediates.noindex
    export TEMP_SANDBOX_DIR\=/Users/viveksarkar/Library/Developer/Xcode/DerivedData/Hatari-crnaywjepgfrrcdspvkwustrehyb/Build/Intermediates.noindex/TemporaryTaskSandboxes
    export TEST_FRAMEWORK_SEARCH_PATHS\=\ /Applications/Xcode.app/Contents/Developer/Platforms/iPhoneOS.platform/Developer/Library/Frameworks\ /Applications/Xcode.app/Contents/Developer/Platforms/iPhoneOS.platform/Developer/SDKs/iPhoneOS26.2.sdk/Developer/Library/Frameworks
    export TEST_LIBRARY_SEARCH_PATHS\=\ /Applications/Xcode.app/Contents/Developer/Platforms/iPhoneOS.platform/Developer/usr/lib
    export TOOLCHAINS\=com.apple.dt.toolchain.XcodeDefault
    export TOOLCHAIN_DIR\=/Applications/Xcode.app/Contents/Developer/Toolchains/XcodeDefault.xctoolchain
    export TREAT_MISSING_BASELINES_AS_TEST_FAILURES\=NO
    export TREAT_MISSING_SCRIPT_PHASE_OUTPUTS_AS_ERRORS\=NO
    export UID\=501
    export UNINSTALLED_PRODUCTS_DIR\=/Users/viveksarkar/Library/Developer/Xcode/DerivedData/Hatari-crnaywjepgfrrcdspvkwustrehyb/Build/Intermediates.noindex/UninstalledProducts
    export UNSTRIPPED_PRODUCT\=NO
    export USER\=viveksarkar
    export USER_APPS_DIR\=/Users/viveksarkar/Applications
    export USER_LIBRARY_DIR\=/Users/viveksarkar/Library
    export USE_DYNAMIC_NO_PIC\=YES
    export USE_HEADERMAP\=YES
    export USE_HEADER_SYMLINKS\=NO
    export USE_HERMES\=true
    export USE_RECURSIVE_SCRIPT_INPUTS_IN_SCRIPT_PHASES\=YES
    export VALIDATE_DEVELOPMENT_ASSET_PATHS\=YES_ERROR
    export VALIDATE_PRODUCT\=NO
    export VALID_ARCHS\=arm64\ arm64e\ armv7\ armv7s
    export VERBOSE_PBXCP\=NO
    export VERSION_INFO_BUILDER\=viveksarkar
    export VERSION_INFO_FILE\=React-Fabric_vers.c
    export VERSION_INFO_STRING\=\"@\(\#\)PROGRAM:React-Fabric\ \ PROJECT:Pods-\"
    export WORKSPACE_DIR\=/Users/viveksarkar/Desktop/Hatari_app/ios
    export WRAP_ASSET_PACKS_IN_SEPARATE_DIRECTORIES\=NO
    export XCODE_APP_SUPPORT_DIR\=/Applications/Xcode.app/Contents/Developer/Library/Xcode
    export XCODE_PRODUCT_BUILD_VERSION\=17C52
    export XCODE_VERSION_ACTUAL\=2620
    export XCODE_VERSION_MAJOR\=2600
    export XCODE_VERSION_MINOR\=2620
    export XPCSERVICES_FOLDER_PATH\=/XPCServices
    export YACC\=yacc
    export _DISCOVER_COMMAND_LINE_LINKER_INPUTS\=YES
    export _DISCOVER_COMMAND_LINE_LINKER_INPUTS_INCLUDE_WL\=YES
    export _LD_MULTIARCH\=YES
    export __DIAGNOSE_DEPRECATED_ARCHS\=YES
    export arch\=undefined_arch
    export variant\=normal
    /bin/sh -c /Users/viveksarkar/Library/Developer/Xcode/DerivedData/Hatari-crnaywjepgfrrcdspvkwustrehyb/Build/Intermediates.noindex/Pods.build/Debug-iphoneos/React-Fabric.build/Script-46EB2E000207C0.sh
Checking whether Codegen has run...

note: Run script build phase '[CP-User] [RN]Check rncore' will be run during every build because the option to run the script phase "Based on dependency analysis" is unchecked. (in target 'React-FabricComponents' from project 'Pods')
PhaseScriptExecution [CP-User]\ [RN]Check\ rncore /Users/viveksarkar/Library/Developer/Xcode/DerivedData/Hatari-crnaywjepgfrrcdspvkwustrehyb/Build/Intermediates.noindex/Pods.build/Debug-iphoneos/React-FabricComponents.build/Script-46EB2E000207D0.sh (in target 'React-FabricComponents' from project 'Pods')
    cd /Users/viveksarkar/Desktop/Hatari_app/ios/Pods
    export ACTION\=build
    export AD_HOC_CODE_SIGNING_ALLOWED\=NO
    export ALLOW_BUILD_REQUEST_OVERRIDES\=NO
    export ALLOW_TARGET_PLATFORM_SPECIALIZATION\=NO
    export ALTERNATE_GROUP\=staff
    export ALTERNATE_MODE\=u+w,go-w,a+rX
    export ALTERNATE_OWNER\=viveksarkar
    export ALTERNATIVE_DISTRIBUTION_WEB\=NO
    export ALWAYS_EMBED_SWIFT_STANDARD_LIBRARIES\=NO
    export ALWAYS_SEARCH_USER_PATHS\=NO
    export ALWAYS_USE_SEPARATE_HEADERMAPS\=NO
    export ANDROID_DEPLOYMENT_TARGET\=21.0
    export APPLICATION_EXTENSION_API_ONLY\=NO
    export APPLY_RULES_IN_COPY_FILES\=NO
    export APPLY_RULES_IN_COPY_HEADERS\=NO
    export APP_SHORTCUTS_ENABLE_FLEXIBLE_MATCHING\=YES
    export ARCHS\=arm64
    export ARCHS_STANDARD\=arm64
    export ARCHS_STANDARD_32_64_BIT\=armv7\ arm64
    export ARCHS_STANDARD_32_BIT\=armv7
    export ARCHS_STANDARD_64_BIT\=arm64
    export ARCHS_STANDARD_INCLUDING_64_BIT\=arm64
    export ARCHS_UNIVERSAL_IPHONE_OS\=armv7\ arm64
    export AUTOMATICALLY_MERGE_DEPENDENCIES\=NO
    export AUTOMATION_APPLE_EVENTS\=NO
    export AVAILABLE_PLATFORMS\=android\ appletvos\ appletvsimulator\ driverkit\ iphoneos\ iphonesimulator\ macosx\ qnx\ watchos\ watchsimulator\ webassembly\ xros\ xrsimulator
    export BUILD_ACTIVE_RESOURCES_ONLY\=NO
    export BUILD_COMPONENTS\=headers\ build
    export BUILD_DIR\=/Users/viveksarkar/Library/Developer/Xcode/DerivedData/Hatari-crnaywjepgfrrcdspvkwustrehyb/Build/Products
    export BUILD_LIBRARY_FOR_DISTRIBUTION\=NO
    export BUILD_ROOT\=/Users/viveksarkar/Library/Developer/Xcode/DerivedData/Hatari-crnaywjepgfrrcdspvkwustrehyb/Build/Products
    export BUILD_STYLE\=
    export BUILD_VARIANTS\=normal
    export BUILT_PRODUCTS_DIR\=/Users/viveksarkar/Library/Developer/Xcode/DerivedData/Hatari-crnaywjepgfrrcdspvkwustrehyb/Build/Products/Debug-iphoneos/React-FabricComponents
    export BUNDLE_CONTENTS_FOLDER_PATH_deep\=Contents/
    export BUNDLE_EXECUTABLE_FOLDER_NAME_deep\=MacOS
    export BUNDLE_EXTENSIONS_FOLDER_PATH\=Extensions
    export BUNDLE_FORMAT\=shallow
    export BUNDLE_FRAMEWORKS_FOLDER_PATH\=Frameworks
    export BUNDLE_PLUGINS_FOLDER_PATH\=PlugIns
    export BUNDLE_PRIVATE_HEADERS_FOLDER_PATH\=PrivateHeaders
    export BUNDLE_PUBLIC_HEADERS_FOLDER_PATH\=Headers
    export CACHE_ROOT\=/var/folders/f3/1kcs5qp53tv85yg4g31v_rhh0000gn/C/com.apple.DeveloperTools/26.2-17C52/Xcode
    export CCHROOT\=/var/folders/f3/1kcs5qp53tv85yg4g31v_rhh0000gn/C/com.apple.DeveloperTools/26.2-17C52/Xcode
    export CHMOD\=/bin/chmod
    export CHOWN\=/usr/sbin/chown
    export CLANG_ALLOW_NON_MODULAR_INCLUDES_IN_FRAMEWORK_MODULES\=YES
    export CLANG_ANALYZER_LOCALIZABILITY_NONLOCALIZED\=YES
    export CLANG_ANALYZER_NONNULL\=YES
    export CLANG_ANALYZER_NUMBER_OBJECT_CONVERSION\=YES_AGGRESSIVE
    export CLANG_CACHE_FINE_GRAINED_OUTPUTS\=YES
    export CLANG_CXX_LANGUAGE_STANDARD\=c++20
    export CLANG_CXX_LIBRARY\=libc++
    export CLANG_ENABLE_EXPLICIT_MODULES\=YES
    export CLANG_ENABLE_MODULES\=YES
    export CLANG_ENABLE_MODULE_DEBUGGING\=NO
    export CLANG_ENABLE_OBJC_ARC\=YES
    export CLANG_ENABLE_OBJC_WEAK\=NO
    export CLANG_MODULES_BUILD_SESSION_FILE\=/Users/viveksarkar/Library/Developer/Xcode/DerivedData/ModuleCache.noindex/Session.modulevalidation
    export CLANG_WARN_BLOCK_CAPTURE_AUTORELEASING\=YES
    export CLANG_WARN_BOOL_CONVERSION\=YES
    export CLANG_WARN_COMMA\=YES
    export CLANG_WARN_CONSTANT_CONVERSION\=YES
    export CLANG_WARN_DEPRECATED_OBJC_IMPLEMENTATIONS\=YES
    export CLANG_WARN_DIRECT_OBJC_ISA_USAGE\=YES_ERROR
    export CLANG_WARN_DOCUMENTATION_COMMENTS\=YES
    export CLANG_WARN_EMPTY_BODY\=YES
    export CLANG_WARN_ENUM_CONVERSION\=YES
    export CLANG_WARN_INFINITE_RECURSION\=YES
    export CLANG_WARN_INT_CONVERSION\=YES
    export CLANG_WARN_NON_LITERAL_NULL_CONVERSION\=YES
    export CLANG_WARN_OBJC_IMPLICIT_RETAIN_SELF\=YES
    export CLANG_WARN_OBJC_LITERAL_CONVERSION\=YES
    export CLANG_WARN_OBJC_ROOT_CLASS\=YES_ERROR
    export CLANG_WARN_QUOTED_INCLUDE_IN_FRAMEWORK_HEADER\=NO
    export CLANG_WARN_RANGE_LOOP_ANALYSIS\=YES
    export CLANG_WARN_STRICT_PROTOTYPES\=YES
    export CLANG_WARN_SUSPICIOUS_MOVE\=YES
    export CLANG_WARN_UNGUARDED_AVAILABILITY\=YES_AGGRESSIVE
    export CLANG_WARN_UNREACHABLE_CODE\=YES
    export CLANG_WARN__DUPLICATE_METHOD_MATCH\=YES
    export CLASS_FILE_DIR\=/Users/viveksarkar/Library/Developer/Xcode/DerivedData/Hatari-crnaywjepgfrrcdspvkwustrehyb/Build/Intermediates.noindex/Pods.build/Debug-iphoneos/React-FabricComponents.build/JavaClasses
    export CLEAN_PRECOMPS\=YES
    export CLONE_HEADERS\=NO
    export CODESIGNING_FOLDER_PATH\=/Users/viveksarkar/Library/Developer/Xcode/DerivedData/Hatari-crnaywjepgfrrcdspvkwustrehyb/Build/Products/Debug-iphoneos/React-FabricComponents/libReact-FabricComponents.a
    export CODE_SIGNING_ALLOWED\=NO
    export CODE_SIGNING_REQUIRED\=YES
    export CODE_SIGN_CONTEXT_CLASS\=XCiPhoneOSCodeSignContext
    export CODE_SIGN_INJECT_BASE_ENTITLEMENTS\=YES
    export COLOR_DIAGNOSTICS\=NO
    export COMBINE_HIDPI_IMAGES\=NO
    export COMPILATION_CACHE_CAS_PATH\=/Users/viveksarkar/Library/Developer/Xcode/DerivedData/CompilationCache.noindex
    export COMPILATION_CACHE_KEEP_CAS_DIRECTORY\=YES
    export COMPILER_INDEX_STORE_ENABLE\=NO
    export COMPOSITE_SDK_DIRS\=/Users/viveksarkar/Library/Developer/Xcode/DerivedData/Hatari-crnaywjepgfrrcdspvkwustrehyb/Build/Intermediates.noindex/CompositeSDKs
    export COMPRESS_PNG_FILES\=YES
    export CONFIGURATION\=Debug
    export CONFIGURATION_BUILD_DIR\=/Users/viveksarkar/Library/Developer/Xcode/DerivedData/Hatari-crnaywjepgfrrcdspvkwustrehyb/Build/Products/Debug-iphoneos/React-FabricComponents
    export CONFIGURATION_TEMP_DIR\=/Users/viveksarkar/Library/Developer/Xcode/DerivedData/Hatari-crnaywjepgfrrcdspvkwustrehyb/Build/Intermediates.noindex/Pods.build/Debug-iphoneos
    export COPYING_PRESERVES_HFS_DATA\=NO
    export COPY_HEADERS_RUN_UNIFDEF\=NO
    export COPY_PHASE_STRIP\=NO
    export CORRESPONDING_SIMULATOR_PLATFORM_DIR\=/Applications/Xcode.app/Contents/Developer/Platforms/iPhoneSimulator.platform
    export CORRESPONDING_SIMULATOR_PLATFORM_NAME\=iphonesimulator
    export CORRESPONDING_SIMULATOR_SDK_DIR\=/Applications/Xcode.app/Contents/Developer/Platforms/iPhoneSimulator.platform/Developer/SDKs/iPhoneSimulator26.2.sdk
    export CORRESPONDING_SIMULATOR_SDK_NAME\=iphonesimulator26.2
    export CP\=/bin/cp
    export CREATE_INFOPLIST_SECTION_IN_BINARY\=NO
    export CURRENT_ARCH\=undefined_arch
    export CURRENT_VARIANT\=normal
    export DEAD_CODE_STRIPPING\=YES
    export DEBUGGING_SYMBOLS\=YES
    export DEBUG_INFORMATION_FORMAT\=dwarf
    export DEBUG_INFORMATION_VERSION\=compiler-default
    export DEFAULT_COMPILER\=com.apple.compilers.llvm.clang.1_0
    export DEFAULT_DEXT_INSTALL_PATH\=/System/Library/DriverExtensions
    export DEFAULT_KEXT_INSTALL_PATH\=/System/Library/Extensions
    export DEFINES_MODULE\=YES
    export DEPLOYMENT_LOCATION\=NO
    export DEPLOYMENT_POSTPROCESSING\=NO
    export DEPLOYMENT_TARGET_SETTING_NAME\=IPHONEOS_DEPLOYMENT_TARGET
    export DEPLOYMENT_TARGET_SUGGESTED_VALUES\=12.0\ 12.1\ 12.2\ 12.3\ 12.4\ 13.0\ 13.1\ 13.2\ 13.3\ 13.4\ 13.5\ 13.6\ 14.0\ 14.1\ 14.2\ 14.3\ 14.4\ 14.5\ 14.6\ 14.7\ 15.0\ 15.1\ 15.2\ 15.3\ 15.4\ 15.5\ 15.6\ 16.0\ 16.1\ 16.2\ 16.3\ 16.4\ 16.5\ 16.6\ 17.0\ 17.1\ 17.2\ 17.3\ 17.4\ 17.5\ 17.6\ 18.0\ 18.1\ 18.2\ 18.3\ 18.4\ 18.5\ 18.6\ 26.0\ 26.1\ 26.2
    export DERIVED_FILES_DIR\=/Users/viveksarkar/Library/Developer/Xcode/DerivedData/Hatari-crnaywjepgfrrcdspvkwustrehyb/Build/Intermediates.noindex/Pods.build/Debug-iphoneos/React-FabricComponents.build/DerivedSources
    export DERIVED_FILE_DIR\=/Users/viveksarkar/Library/Developer/Xcode/DerivedData/Hatari-crnaywjepgfrrcdspvkwustrehyb/Build/Intermediates.noindex/Pods.build/Debug-iphoneos/React-FabricComponents.build/DerivedSources
    export DERIVED_SOURCES_DIR\=/Users/viveksarkar/Library/Developer/Xcode/DerivedData/Hatari-crnaywjepgfrrcdspvkwustrehyb/Build/Intermediates.noindex/Pods.build/Debug-iphoneos/React-FabricComponents.build/DerivedSources
    export DERIVE_MACCATALYST_PRODUCT_BUNDLE_IDENTIFIER\=NO
    export DEVELOPER_APPLICATIONS_DIR\=/Applications/Xcode.app/Contents/Developer/Applications
    export DEVELOPER_BIN_DIR\=/Applications/Xcode.app/Contents/Developer/usr/bin
    export DEVELOPER_DIR\=/Applications/Xcode.app/Contents/Developer
    export DEVELOPER_FRAMEWORKS_DIR\=/Applications/Xcode.app/Contents/Developer/Library/Frameworks
    export DEVELOPER_FRAMEWORKS_DIR_QUOTED\=/Applications/Xcode.app/Contents/Developer/Library/Frameworks
    export DEVELOPER_LIBRARY_DIR\=/Applications/Xcode.app/Contents/Developer/Library
    export DEVELOPER_SDK_DIR\=/Applications/Xcode.app/Contents/Developer/Platforms/MacOSX.platform/Developer/SDKs
    export DEVELOPER_TOOLS_DIR\=/Applications/Xcode.app/Contents/Developer/Tools
    export DEVELOPER_USR_DIR\=/Applications/Xcode.app/Contents/Developer/usr
    export DEVELOPMENT_LANGUAGE\=en
    export DIAGNOSE_MISSING_TARGET_DEPENDENCIES\=YES
    export DIFF\=/usr/bin/diff
    export DONT_GENERATE_INFOPLIST_FILE\=NO
    export DSTROOT\=/tmp/Pods.dst
    export DT_TOOLCHAIN_DIR\=/Applications/Xcode.app/Contents/Developer/Toolchains/XcodeDefault.xctoolchain
    export DWARF_DSYM_FILE_NAME\=libReact-FabricComponents.a.dSYM
    export DWARF_DSYM_FILE_SHOULD_ACCOMPANY_PRODUCT\=NO
    export DWARF_DSYM_FOLDER_PATH\=/Users/viveksarkar/Library/Developer/Xcode/DerivedData/Hatari-crnaywjepgfrrcdspvkwustrehyb/Build/Products/Debug-iphoneos/React-FabricComponents
    export DYNAMIC_LIBRARY_EXTENSION\=dylib
    export EAGER_COMPILATION_ALLOW_SCRIPTS\=NO
    export EAGER_LINKING\=NO
    export EFFECTIVE_PLATFORM_NAME\=-iphoneos
    export EMBEDDED_CONTENT_CONTAINS_SWIFT\=NO
    export EMBEDDED_PROFILE_NAME\=embedded.mobileprovision
    export EMBED_ASSET_PACKS_IN_PRODUCT_BUNDLE\=NO
    export ENABLE_APP_SANDBOX\=NO
    export ENABLE_CODE_COVERAGE\=YES
    export ENABLE_CPLUSPLUS_BOUNDS_SAFE_BUFFERS\=NO
    export ENABLE_C_BOUNDS_SAFETY\=NO
    export ENABLE_DEFAULT_HEADER_SEARCH_PATHS\=YES
    export ENABLE_DEFAULT_SEARCH_PATHS\=YES
    export ENABLE_ENHANCED_SECURITY\=NO
    export ENABLE_HARDENED_RUNTIME\=NO
    export ENABLE_HEADER_DEPENDENCIES\=YES
    export ENABLE_INCOMING_NETWORK_CONNECTIONS\=NO
    export ENABLE_MODULE_VERIFIER\=NO
    export ENABLE_ON_DEMAND_RESOURCES\=NO
    export ENABLE_OUTGOING_NETWORK_CONNECTIONS\=NO
    export ENABLE_POINTER_AUTHENTICATION\=NO
    export ENABLE_PREVIEWS\=NO
    export ENABLE_RESOURCE_ACCESS_AUDIO_INPUT\=NO
    export ENABLE_RESOURCE_ACCESS_BLUETOOTH\=NO
    export ENABLE_RESOURCE_ACCESS_CALENDARS\=NO
    export ENABLE_RESOURCE_ACCESS_CAMERA\=NO
    export ENABLE_RESOURCE_ACCESS_CONTACTS\=NO
    export ENABLE_RESOURCE_ACCESS_LOCATION\=NO
    export ENABLE_RESOURCE_ACCESS_PHOTO_LIBRARY\=NO
    export ENABLE_RESOURCE_ACCESS_PRINTING\=NO
    export ENABLE_RESOURCE_ACCESS_USB\=NO
    export ENABLE_SDK_IMPORTS\=NO
    export ENABLE_SECURITY_COMPILER_WARNINGS\=NO
    export ENABLE_STRICT_OBJC_MSGSEND\=YES
    export ENABLE_TESTABILITY\=YES
    export ENABLE_TESTING_SEARCH_PATHS\=NO
    export ENABLE_USER_SCRIPT_SANDBOXING\=NO
    export ENABLE_XOJIT_PREVIEWS\=YES
    export ENFORCE_VALID_ARCHS\=YES
    export ENTITLEMENTS_DESTINATION\=Signature
    export ENTITLEMENTS_REQUIRED\=YES
    export EXCLUDED_INSTALLSRC_SUBDIRECTORY_PATTERNS\=.DS_Store\ .svn\ .git\ .hg\ CVS
    export EXCLUDED_RECURSIVE_SEARCH_PATH_SUBDIRECTORIES\=\*.nib\ \*.lproj\ \*.framework\ \*.gch\ \*.xcode\*\ \*.xcassets\ \*.icon\ \(\*\)\ .DS_Store\ CVS\ .svn\ .git\ .hg\ \*.pbproj\ \*.pbxproj
    export EXECUTABLE_EXTENSION\=a
    export EXECUTABLE_NAME\=libReact-FabricComponents.a
    export EXECUTABLE_PATH\=libReact-FabricComponents.a
    export EXECUTABLE_PREFIX\=lib
    export EXECUTABLE_SUFFIX\=.a
    export FILE_LIST\=/Users/viveksarkar/Library/Developer/Xcode/DerivedData/Hatari-crnaywjepgfrrcdspvkwustrehyb/Build/Intermediates.noindex/Pods.build/Debug-iphoneos/React-FabricComponents.build/Objects/LinkFileList
    export FIXED_FILES_DIR\=/Users/viveksarkar/Library/Developer/Xcode/DerivedData/Hatari-crnaywjepgfrrcdspvkwustrehyb/Build/Intermediates.noindex/Pods.build/Debug-iphoneos/React-FabricComponents.build/FixedFiles
    export FRAMEWORK_FLAG_PREFIX\=-framework
    export FRAMEWORK_SEARCH_PATHS\=/Users/viveksarkar/Library/Developer/Xcode/DerivedData/Hatari-crnaywjepgfrrcdspvkwustrehyb/Build/Products/Debug-iphoneos/React-FabricComponents\ \ \"/Users/viveksarkar/Desktop/Hatari_app/ios/Pods/hermes-engine/destroot/Library/Frameworks/universal\"\ \"/Users/viveksarkar/Library/Developer/Xcode/DerivedData/Hatari-crnaywjepgfrrcdspvkwustrehyb/Build/Products/Debug-iphoneos/XCFrameworkIntermediates/hermes-engine/Pre-built\"
    export FRAMEWORK_VERSION\=A
    export FULL_PRODUCT_NAME\=libReact-FabricComponents.a
    export FUSE_BUILD_PHASES\=YES
    export FUSE_BUILD_SCRIPT_PHASES\=NO
    export GCC3_VERSION\=3.3
    export GCC_C_LANGUAGE_STANDARD\=gnu11
    export GCC_DYNAMIC_NO_PIC\=NO
    export GCC_NO_COMMON_BLOCKS\=YES
    export GCC_OPTIMIZATION_LEVEL\=0
    export GCC_PFE_FILE_C_DIALECTS\=c\ objective-c\ c++\ objective-c++
    export GCC_PREFIX_HEADER\=Target\ Support\ Files/React-FabricComponents/React-FabricComponents-prefix.pch
    export GCC_PREPROCESSOR_DEFINITIONS\=POD_CONFIGURATION_DEBUG\=1\ DEBUG\=1\ \ COCOAPODS\=1
    export GCC_THUMB_SUPPORT\=YES
    export GCC_TREAT_WARNINGS_AS_ERRORS\=NO
    export GCC_VERSION\=com.apple.compilers.llvm.clang.1_0
    export GCC_VERSION_IDENTIFIER\=com_apple_compilers_llvm_clang_1_0
    export GCC_WARN_64_TO_32_BIT_CONVERSION\=YES
    export GCC_WARN_ABOUT_RETURN_TYPE\=YES_ERROR
    export GCC_WARN_UNDECLARED_SELECTOR\=YES
    export GCC_WARN_UNINITIALIZED_AUTOS\=YES_AGGRESSIVE
    export GCC_WARN_UNUSED_FUNCTION\=YES
    export GCC_WARN_UNUSED_VARIABLE\=YES
    export GENERATED_MODULEMAP_DIR\=/Users/viveksarkar/Library/Developer/Xcode/DerivedData/Hatari-crnaywjepgfrrcdspvkwustrehyb/Build/Intermediates.noindex/GeneratedModuleMaps-iphoneos
    export GENERATE_INFOPLIST_FILE\=NO
    export GENERATE_INTERMEDIATE_TEXT_BASED_STUBS\=YES
    export GENERATE_PKGINFO_FILE\=NO
    export GENERATE_PRELINK_OBJECT_FILE\=NO
    export GENERATE_PROFILING_CODE\=NO
    export GENERATE_TEXT_BASED_STUBS\=NO
    export GID\=20
    export GROUP\=staff
    export HEADERMAP_INCLUDES_FLAT_ENTRIES_FOR_TARGET_BEING_BUILT\=YES
    export HEADERMAP_INCLUDES_FRAMEWORK_ENTRIES_FOR_ALL_PRODUCT_TYPES\=YES
    export HEADERMAP_INCLUDES_FRAMEWORK_ENTRIES_FOR_TARGETS_NOT_BEING_BUILT\=YES
    export HEADERMAP_INCLUDES_NONPUBLIC_NONPRIVATE_HEADERS\=YES
    export HEADERMAP_INCLUDES_PROJECT_HEADERS\=YES
    export HEADERMAP_USES_FRAMEWORK_PREFIX_ENTRIES\=YES
    export HEADERMAP_USES_VFS\=YES
    export HEADER_SEARCH_PATHS\=/Users/viveksarkar/Library/Developer/Xcode/DerivedData/Hatari-crnaywjepgfrrcdspvkwustrehyb/Build/Products/Debug-iphoneos/React-FabricComponents/include\ \ \"/Users/viveksarkar/Desktop/Hatari_app/ios/Pods/Headers/Private\"\ \"/Users/viveksarkar/Desktop/Hatari_app/ios/Pods/Headers/Private/React-FabricComponents\"\ \"/Users/viveksarkar/Desktop/Hatari_app/ios/Pods/Headers/Public\"\ \"/Users/viveksarkar/Desktop/Hatari_app/ios/Pods/Headers/Public/DoubleConversion\"\ \"/Users/viveksarkar/Desktop/Hatari_app/ios/Pods/Headers/Public/FBLazyVector\"\ \"/Users/viveksarkar/Desktop/Hatari_app/ios/Pods/Headers/Public/RCT-Folly\"\ \"/Users/viveksarkar/Desktop/Hatari_app/ios/Pods/Headers/Public/RCTRequired\"\ \"/Users/viveksarkar/Desktop/Hatari_app/ios/Pods/Headers/Public/RCTTypeSafety\"\ \"/Users/viveksarkar/Desktop/Hatari_app/ios/Pods/Headers/Public/React-Core\"\ \"/Users/viveksarkar/Desktop/Hatari_app/ios/Pods/Headers/Public/React-Fabric\"\ \"/Users/viveksarkar/Desktop/Hatari_app/ios/Pods/Headers/Public/React-FabricComponents\"\ \"/Users/viveksarkar/Desktop/Hatari_app/ios/Pods/Headers/Public/React-callinvoker\"\ \"/Users/viveksarkar/Desktop/Hatari_app/ios/Pods/Headers/Public/React-cxxreact\"\ \"/Users/viveksarkar/Desktop/Hatari_app/ios/Pods/Headers/Public/React-debug\"\ \"/Users/viveksarkar/Desktop/Hatari_app/ios/Pods/Headers/Public/React-featureflags\"\ \"/Users/viveksarkar/Desktop/Hatari_app/ios/Pods/Headers/Public/React-graphics\"\ \"/Users/viveksarkar/Desktop/Hatari_app/ios/Pods/Headers/Public/React-hermes\"\ \"/Users/viveksarkar/Desktop/Hatari_app/ios/Pods/Headers/Public/React-jsi\"\ \"/Users/viveksarkar/Desktop/Hatari_app/ios/Pods/Headers/Public/React-jsiexecutor\"\ \"/Users/viveksarkar/Desktop/Hatari_app/ios/Pods/Headers/Public/React-jsinspector\"\ \"/Users/viveksarkar/Desktop/Hatari_app/ios/Pods/Headers/Public/React-jsinspectortracing\"\ \"/Users/viveksarkar/Desktop/Hatari_app/ios/Pods/Headers/Public/React-jsitooling\"\ \"/Users/viveksarkar/Desktop/Hatari_app/ios/Pods/Headers/Public/React-logger\"\ \"/Users/viveksarkar/Desktop/Hatari_app/ios/Pods/Headers/Public/React-oscompat\"\ \"/Users/viveksarkar/Desktop/Hatari_app/ios/Pods/Headers/Public/React-perflogger\"\ \"/Users/viveksarkar/Desktop/Hatari_app/ios/Pods/Headers/Public/React-performancetimeline\"\ \"/Users/viveksarkar/Desktop/Hatari_app/ios/Pods/Headers/Public/React-rendererconsistency\"\ \"/Users/viveksarkar/Desktop/Hatari_app/ios/Pods/Headers/Public/React-renderercss\"\ \"/Users/viveksarkar/Desktop/Hatari_app/ios/Pods/Headers/Public/React-rendererdebug\"\ \"/Users/viveksarkar/Desktop/Hatari_app/ios/Pods/Headers/Public/React-runtimeexecutor\"\ \"/Users/viveksarkar/Desktop/Hatari_app/ios/Pods/Headers/Public/React-runtimescheduler\"\ \"/Users/viveksarkar/Desktop/Hatari_app/ios/Pods/Headers/Public/React-timing\"\ \"/Users/viveksarkar/Desktop/Hatari_app/ios/Pods/Headers/Public/React-utils\"\ \"/Users/viveksarkar/Desktop/Hatari_app/ios/Pods/Headers/Public/ReactCommon\"\ \"/Users/viveksarkar/Desktop/Hatari_app/ios/Pods/Headers/Public/Yoga\"\ \"/Users/viveksarkar/Desktop/Hatari_app/ios/Pods/Headers/Public/boost\"\ \"/Users/viveksarkar/Desktop/Hatari_app/ios/Pods/Headers/Public/fast_float\"\ \"/Users/viveksarkar/Desktop/Hatari_app/ios/Pods/Headers/Public/fmt\"\ \"/Users/viveksarkar/Desktop/Hatari_app/ios/Pods/Headers/Public/glog\"\ \"/Users/viveksarkar/Desktop/Hatari_app/ios/Pods/Headers/Public/hermes-engine\"\ \"/Users/viveksarkar/Desktop/Hatari_app/ios/Pods/boost\"\ \"/Users/viveksarkar/Desktop/Hatari_app/ios/Pods/../../node_modules/react-native/ReactCommon/ReactCommon\"\ \"/Users/viveksarkar/Desktop/Hatari_app/ios/Pods/RCT-Folly\"\ \"/Users/viveksarkar/Desktop/Hatari_app/ios/Pods/Headers/Private/Yoga\"\ \"/Users/viveksarkar/Desktop/Hatari_app/ios/Pods/../../node_modules/react-native/ReactCommon\"\ \"/Users/viveksarkar/Desktop/Hatari_app/ios/Pods/DoubleConversion\"\ \"/Users/viveksarkar/Desktop/Hatari_app/ios/Pods/fast_float/include\"\ \"/Users/viveksarkar/Desktop/Hatari_app/ios/Pods/fmt/include\"\ \"/Users/viveksarkar/Library/Developer/Xcode/DerivedData/Hatari-crnaywjepgfrrcdspvkwustrehyb/Build/Products/Debug-iphoneos/React-rendererdebug/React_rendererdebug.framework/Headers\"\ \"/Users/viveksarkar/Library/Developer/Xcode/DerivedData/Hatari-crnaywjepgfrrcdspvkwustrehyb/Build/Products/Debug-iphoneos/React-graphics/React_graphics.framework/Headers\"\ \"/Users/viveksarkar/Library/Developer/Xcode/DerivedData/Hatari-crnaywjepgfrrcdspvkwustrehyb/Build/Products/Debug-iphoneos/React-graphics/React_graphics.framework/Headers/react/renderer/graphics/platform/ios\"\ \"/Users/viveksarkar/Library/Developer/Xcode/DerivedData/Hatari-crnaywjepgfrrcdspvkwustrehyb/Build/Products/Debug-iphoneos/React-Fabric/React_Fabric.framework/Headers\"\ \"/Users/viveksarkar/Library/Developer/Xcode/DerivedData/Hatari-crnaywjepgfrrcdspvkwustrehyb/Build/Products/Debug-iphoneos/React-Fabric/React_Fabric.framework/Headers/react/renderer/components/view/platform/cxx\"\ \"/Users/viveksarkar/Library/Developer/Xcode/DerivedData/Hatari-crnaywjepgfrrcdspvkwustrehyb/Build/Products/Debug-iphoneos/React-Fabric/React_Fabric.framework/Headers/react/renderer/imagemanager/platform/ios\"
    export HOME\=/Users/viveksarkar
    export HOST_ARCH\=arm64
    export HOST_PLATFORM\=macosx
    export ICONV\=/usr/bin/iconv
    export IMPLICIT_DEPENDENCY_DOMAIN\=default
    export INFOPLIST_ENABLE_CFBUNDLEICONS_MERGE\=YES
    export INFOPLIST_EXPAND_BUILD_SETTINGS\=YES
    export INFOPLIST_OUTPUT_FORMAT\=binary
    export INFOPLIST_PREPROCESS\=NO
    export INLINE_PRIVATE_FRAMEWORKS\=NO
    export INSTALLAPI_IGNORE_SKIP_INSTALL\=YES
    export INSTALLHDRS_COPY_PHASE\=NO
    export INSTALLHDRS_SCRIPT_PHASE\=NO
    export INSTALL_DIR\=/tmp/Pods.dst/usr/local/lib
    export INSTALL_GROUP\=staff
    export INSTALL_MODE_FLAG\=u+w,go-w,a+rX
    export INSTALL_OWNER\=viveksarkar
    export INSTALL_PATH\=/usr/local/lib
    export INSTALL_ROOT\=/tmp/Pods.dst
    export IPHONEOS_DEPLOYMENT_TARGET\=15.1
    export IS_UNOPTIMIZED_BUILD\=YES
    export JAVAC_DEFAULT_FLAGS\=-J-Xms64m\ -J-XX:NewSize\=4M\ -J-Dfile.encoding\=UTF8
    export JAVA_APP_STUB\=/System/Library/Frameworks/JavaVM.framework/Resources/MacOS/JavaApplicationStub
    export JAVA_ARCHIVE_CLASSES\=YES
    export JAVA_ARCHIVE_TYPE\=JAR
    export JAVA_COMPILER\=/usr/bin/javac
    export JAVA_FRAMEWORK_RESOURCES_DIRS\=Resources
    export JAVA_JAR_FLAGS\=cv
    export JAVA_SOURCE_SUBDIR\=.
    export JAVA_USE_DEPENDENCIES\=YES
    export JAVA_ZIP_FLAGS\=-urg
    export JIKES_DEFAULT_FLAGS\=+E\ +OLDCSO
    export KASAN_CFLAGS_CLASSIC\=-DKASAN\=1\ -DKASAN_CLASSIC\=1\ -fsanitize\=address\ -mllvm\ -asan-globals-live-support\ -mllvm\ -asan-force-dynamic-shadow
    export KASAN_CFLAGS_TBI\=-DKASAN\=1\ -DKASAN_TBI\=1\ -fsanitize\=kernel-hwaddress\ -mllvm\ -hwasan-recover\=0\ -mllvm\ -hwasan-instrument-atomics\=0\ -mllvm\ -hwasan-instrument-stack\=1\ -mllvm\ -hwasan-generate-tags-with-calls\=1\ -mllvm\ -hwasan-instrument-with-calls\=1\ -mllvm\ -hwasan-use-short-granules\=0\ -mllvm\ -hwasan-memory-access-callback-prefix\=__asan_
    export KASAN_DEFAULT_CFLAGS\=-DKASAN\=1\ -DKASAN_CLASSIC\=1\ -fsanitize\=address\ -mllvm\ -asan-globals-live-support\ -mllvm\ -asan-force-dynamic-shadow
    export KEEP_PRIVATE_EXTERNS\=NO
    export LD_DEPENDENCY_INFO_FILE\=/Users/viveksarkar/Library/Developer/Xcode/DerivedData/Hatari-crnaywjepgfrrcdspvkwustrehyb/Build/Intermediates.noindex/Pods.build/Debug-iphoneos/React-FabricComponents.build/Objects-normal/undefined_arch/React-FabricComponents_dependency_info.dat
    export LD_EXPORT_SYMBOLS\=YES
    export LD_GENERATE_MAP_FILE\=NO
    export LD_MAP_FILE_PATH\=/Users/viveksarkar/Library/Developer/Xcode/DerivedData/Hatari-crnaywjepgfrrcdspvkwustrehyb/Build/Intermediates.noindex/Pods.build/Debug-iphoneos/React-FabricComponents.build/React-FabricComponents-LinkMap-normal-undefined_arch.txt
    export LD_NO_PIE\=NO
    export LD_QUOTE_LINKER_ARGUMENTS_FOR_COMPILER_DRIVER\=YES
    export LD_SHARED_CACHE_ELIGIBLE\=Automatic
    export LD_WARN_DUPLICATE_LIBRARIES\=NO
    export LD_WARN_UNUSED_DYLIBS\=NO
    export LEGACY_DEVELOPER_DIR\=/Applications/Xcode.app/Contents/PlugIns/Xcode3Core.ideplugin/Contents/SharedSupport/Developer
    export LEX\=lex
    export LIBRARY_DEXT_INSTALL_PATH\=/Library/DriverExtensions
    export LIBRARY_FLAG_NOSPACE\=YES
    export LIBRARY_FLAG_PREFIX\=-l
    export LIBRARY_KEXT_INSTALL_PATH\=/Library/Extensions
    export LIBRARY_SEARCH_PATHS\=/Users/viveksarkar/Library/Developer/Xcode/DerivedData/Hatari-crnaywjepgfrrcdspvkwustrehyb/Build/Products/Debug-iphoneos/React-FabricComponents\ 
    export LINKER_DISPLAYS_MANGLED_NAMES\=NO
    export LINK_FILE_LIST_normal_arm64\=/Users/viveksarkar/Library/Developer/Xcode/DerivedData/Hatari-crnaywjepgfrrcdspvkwustrehyb/Build/Intermediates.noindex/Pods.build/Debug-iphoneos/React-FabricComponents.build/Objects-normal/arm64/React-FabricComponents.LinkFileList
    export LINK_OBJC_RUNTIME\=YES
    export LINK_WITH_STANDARD_LIBRARIES\=YES
    export LLVM_TARGET_TRIPLE_OS_VERSION\=ios15.1
    export LLVM_TARGET_TRIPLE_VENDOR\=apple
    export LM_AUX_CONST_METADATA_LIST_PATH_normal_arm64\=/Users/viveksarkar/Library/Developer/Xcode/DerivedData/Hatari-crnaywjepgfrrcdspvkwustrehyb/Build/Intermediates.noindex/Pods.build/Debug-iphoneos/React-FabricComponents.build/Objects-normal/arm64/React-FabricComponents.SwiftConstValuesFileList
    export LOCALIZATION_EXPORT_SUPPORTED\=YES
    export LOCALIZATION_PREFERS_STRING_CATALOGS\=NO
    export LOCALIZED_STRING_MACRO_NAMES\=NSLocalizedString\ CFCopyLocalizedString
    export LOCALIZED_STRING_SWIFTUI_SUPPORT\=YES
    export LOCAL_ADMIN_APPS_DIR\=/Applications/Utilities
    export LOCAL_APPS_DIR\=/Applications
    export LOCAL_DEVELOPER_DIR\=/Library/Developer
    export LOCAL_LIBRARY_DIR\=/Library
    export LOCROOT\=/Users/viveksarkar/Desktop/Hatari_app/ios/Pods
    export LOCSYMROOT\=/Users/viveksarkar/Desktop/Hatari_app/ios/Pods
    export MACH_O_TYPE\=staticlib
    export MAC_OS_X_PRODUCT_BUILD_VERSION\=25C56
    export MAC_OS_X_VERSION_ACTUAL\=260200
    export MAC_OS_X_VERSION_MAJOR\=260000
    export MAC_OS_X_VERSION_MINOR\=260200
    export MAKE_MERGEABLE\=NO
    export MERGEABLE_LIBRARY\=NO
    export MERGED_BINARY_TYPE\=none
    export MERGE_LINKED_LIBRARIES\=NO
    export METAL_LIBRARY_FILE_BASE\=default
    export METAL_LIBRARY_OUTPUT_DIR\=/Users/viveksarkar/Library/Developer/Xcode/DerivedData/Hatari-crnaywjepgfrrcdspvkwustrehyb/Build/Products/Debug-iphoneos/React-FabricComponents/
    export MODULEMAP_FILE\=Headers/Public/React_FabricComponents/React-FabricComponents.modulemap
    export MODULE_CACHE_DIR\=/Users/viveksarkar/Library/Developer/Xcode/DerivedData/ModuleCache.noindex
    export MTL_ENABLE_DEBUG_INFO\=INCLUDE_SOURCE
    export MTL_FAST_MATH\=YES
    export NATIVE_ARCH\=arm64
    export NATIVE_ARCH_32_BIT\=arm
    export NATIVE_ARCH_64_BIT\=arm64
    export NATIVE_ARCH_ACTUAL\=arm64
    export NO_COMMON\=YES
    export OBJECT_FILE_DIR\=/Users/viveksarkar/Library/Developer/Xcode/DerivedData/Hatari-crnaywjepgfrrcdspvkwustrehyb/Build/Intermediates.noindex/Pods.build/Debug-iphoneos/React-FabricComponents.build/Objects
    export OBJECT_FILE_DIR_normal\=/Users/viveksarkar/Library/Developer/Xcode/DerivedData/Hatari-crnaywjepgfrrcdspvkwustrehyb/Build/Intermediates.noindex/Pods.build/Debug-iphoneos/React-FabricComponents.build/Objects-normal
    export OBJROOT\=/Users/viveksarkar/Library/Developer/Xcode/DerivedData/Hatari-crnaywjepgfrrcdspvkwustrehyb/Build/Intermediates.noindex
    export ONLY_ACTIVE_ARCH\=NO
    export OS\=MACOS
    export OSAC\=/usr/bin/osacompile
    export OTHER_CFLAGS\=\ -fmodule-map-file\=\"/Users/viveksarkar/Desktop/Hatari_app/ios/Pods/Headers/Public/DoubleConversion/DoubleConversion.modulemap\"\ -fmodule-map-file\=\"/Users/viveksarkar/Desktop/Hatari_app/ios/Pods/Headers/Public/RCTDeprecation/RCTDeprecation.modulemap\"\ -fmodule-map-file\=\"/Users/viveksarkar/Desktop/Hatari_app/ios/Pods/Headers/Public/RCTTypeSafety/RCTTypeSafety.modulemap\"\ -fmodule-map-file\=\"/Users/viveksarkar/Desktop/Hatari_app/ios/Pods/Headers/Public/React/React-Core.modulemap\"\ -fmodule-map-file\=\"/Users/viveksarkar/Desktop/Hatari_app/ios/Pods/Headers/Public/ReactCommon/ReactCommon.modulemap\"\ -fmodule-map-file\=\"/Users/viveksarkar/Desktop/Hatari_app/ios/Pods/Headers/Public/React_Fabric/React-Fabric.modulemap\"\ -fmodule-map-file\=\"/Users/viveksarkar/Desktop/Hatari_app/ios/Pods/Headers/Public/folly/RCT-Folly.modulemap\"\ -fmodule-map-file\=\"/Users/viveksarkar/Desktop/Hatari_app/ios/Pods/Headers/Public/glog/glog.modulemap\"\ -fmodule-map-file\=\"/Users/viveksarkar/Desktop/Hatari_app/ios/Pods/Headers/Public/jsi/React-jsi.modulemap\"\ -fmodule-map-file\=\"/Users/viveksarkar/Desktop/Hatari_app/ios/Pods/Headers/Public/jsinspector_modern/React-jsinspector.modulemap\"\ -fmodule-map-file\=\"/Users/viveksarkar/Desktop/Hatari_app/ios/Pods/Headers/Public/jsinspector_modern_tracing/React-jsinspectortracing.modulemap\"\ -fmodule-map-file\=\"/Users/viveksarkar/Desktop/Hatari_app/ios/Pods/Headers/Public/react_debug/React-debug.modulemap\"\ -fmodule-map-file\=\"/Users/viveksarkar/Desktop/Hatari_app/ios/Pods/Headers/Public/react_featureflags/React-featureflags.modulemap\"\ -fmodule-map-file\=\"/Users/viveksarkar/Desktop/Hatari_app/ios/Pods/Headers/Public/react_renderer_css/React-renderercss.modulemap\"\ -fmodule-map-file\=\"/Users/viveksarkar/Desktop/Hatari_app/ios/Pods/Headers/Public/react_renderer_debug/React-rendererdebug.modulemap\"\ -fmodule-map-file\=\"/Users/viveksarkar/Desktop/Hatari_app/ios/Pods/Headers/Public/react_renderer_graphics/React-graphics.modulemap\"\ -fmodule-map-file\=\"/Users/viveksarkar/Desktop/Hatari_app/ios/Pods/Headers/Public/react_runtime/React-jsitooling.modulemap\"\ -fmodule-map-file\=\"/Users/viveksarkar/Desktop/Hatari_app/ios/Pods/Headers/Public/react_utils/React-utils.modulemap\"\ -fmodule-map-file\=\"/Users/viveksarkar/Desktop/Hatari_app/ios/Pods/Headers/Public/reacthermes/React-hermes.modulemap\"\ -fmodule-map-file\=\"/Users/viveksarkar/Desktop/Hatari_app/ios/Pods/Headers/Public/yoga/Yoga.modulemap\"
    export OTHER_CPLUSPLUSFLAGS\=\ -fmodule-map-file\=\"/Users/viveksarkar/Desktop/Hatari_app/ios/Pods/Headers/Public/DoubleConversion/DoubleConversion.modulemap\"\ -fmodule-map-file\=\"/Users/viveksarkar/Desktop/Hatari_app/ios/Pods/Headers/Public/RCTDeprecation/RCTDeprecation.modulemap\"\ -fmodule-map-file\=\"/Users/viveksarkar/Desktop/Hatari_app/ios/Pods/Headers/Public/RCTTypeSafety/RCTTypeSafety.modulemap\"\ -fmodule-map-file\=\"/Users/viveksarkar/Desktop/Hatari_app/ios/Pods/Headers/Public/React/React-Core.modulemap\"\ -fmodule-map-file\=\"/Users/viveksarkar/Desktop/Hatari_app/ios/Pods/Headers/Public/ReactCommon/ReactCommon.modulemap\"\ -fmodule-map-file\=\"/Users/viveksarkar/Desktop/Hatari_app/ios/Pods/Headers/Public/React_Fabric/React-Fabric.modulemap\"\ -fmodule-map-file\=\"/Users/viveksarkar/Desktop/Hatari_app/ios/Pods/Headers/Public/folly/RCT-Folly.modulemap\"\ -fmodule-map-file\=\"/Users/viveksarkar/Desktop/Hatari_app/ios/Pods/Headers/Public/glog/glog.modulemap\"\ -fmodule-map-file\=\"/Users/viveksarkar/Desktop/Hatari_app/ios/Pods/Headers/Public/jsi/React-jsi.modulemap\"\ -fmodule-map-file\=\"/Users/viveksarkar/Desktop/Hatari_app/ios/Pods/Headers/Public/jsinspector_modern/React-jsinspector.modulemap\"\ -fmodule-map-file\=\"/Users/viveksarkar/Desktop/Hatari_app/ios/Pods/Headers/Public/jsinspector_modern_tracing/React-jsinspectortracing.modulemap\"\ -fmodule-map-file\=\"/Users/viveksarkar/Desktop/Hatari_app/ios/Pods/Headers/Public/react_debug/React-debug.modulemap\"\ -fmodule-map-file\=\"/Users/viveksarkar/Desktop/Hatari_app/ios/Pods/Headers/Public/react_featureflags/React-featureflags.modulemap\"\ -fmodule-map-file\=\"/Users/viveksarkar/Desktop/Hatari_app/ios/Pods/Headers/Public/react_renderer_css/React-renderercss.modulemap\"\ -fmodule-map-file\=\"/Users/viveksarkar/Desktop/Hatari_app/ios/Pods/Headers/Public/react_renderer_debug/React-rendererdebug.modulemap\"\ -fmodule-map-file\=\"/Users/viveksarkar/Desktop/Hatari_app/ios/Pods/Headers/Public/react_renderer_graphics/React-graphics.modulemap\"\ -fmodule-map-file\=\"/Users/viveksarkar/Desktop/Hatari_app/ios/Pods/Headers/Public/react_runtime/React-jsitooling.modulemap\"\ -fmodule-map-file\=\"/Users/viveksarkar/Desktop/Hatari_app/ios/Pods/Headers/Public/react_utils/React-utils.modulemap\"\ -fmodule-map-file\=\"/Users/viveksarkar/Desktop/Hatari_app/ios/Pods/Headers/Public/reacthermes/React-hermes.modulemap\"\ -fmodule-map-file\=\"/Users/viveksarkar/Desktop/Hatari_app/ios/Pods/Headers/Public/yoga/Yoga.modulemap\"
    export PACKAGE_TYPE\=com.apple.package-type.static-library
    export PASCAL_STRINGS\=YES
    export PATH\=/Applications/Xcode.app/Contents/SharedFrameworks/SwiftBuild.framework/Versions/A/PlugIns/SWBBuildService.bundle/Contents/PlugIns/SWBUniversalPlatformPlugin.bundle/Contents/Frameworks/SWBUniversalPlatform.framework/Resources:/Applications/Xcode.app/Contents/Developer/Toolchains/XcodeDefault.xctoolchain/usr/bin:/Applications/Xcode.app/Contents/Developer/Toolchains/XcodeDefault.xctoolchain/usr/local/bin:/Applications/Xcode.app/Contents/Developer/Toolchains/XcodeDefault.xctoolchain/usr/libexec:/Applications/Xcode.app/Contents/Developer/Platforms/iPhoneOS.platform/usr/bin:/Applications/Xcode.app/Contents/Developer/Platforms/iPhoneOS.platform/usr/local/bin:/Applications/Xcode.app/Contents/Developer/Platforms/iPhoneOS.platform/Developer/usr/bin:/Applications/Xcode.app/Contents/Developer/Platforms/iPhoneOS.platform/Developer/usr/local/bin:/Applications/Xcode.app/Contents/Developer/usr/bin:/Applications/Xcode.app/Contents/Developer/usr/local/bin:/Users/viveksarkar/Library/Application\ Support/Code/User/globalStorage/github.copilot-chat/debugCommand:/Users/viveksarkar/Library/Application\ Support/Code/User/globalStorage/github.copilot-chat/copilotCli:/opt/homebrew/bin:/opt/homebrew/sbin:/usr/local/bin:/System/Cryptexes/App/usr/bin:/usr/bin:/bin:/usr/sbin:/sbin:/var/run/com.apple.security.cryptexd/codex.system/bootstrap/usr/local/bin:/var/run/com.apple.security.cryptexd/codex.system/bootstrap/usr/bin:/var/run/com.apple.security.cryptexd/codex.system/bootstrap/usr/appleinternal/bin:/opt/pmk/env/global/bin:/Library/Apple/usr/bin
    export PATH_PREFIXES_EXCLUDED_FROM_HEADER_DEPENDENCIES\=/usr/include\ /usr/local/include\ /System/Library/Frameworks\ /System/Library/PrivateFrameworks\ /Applications/Xcode.app/Contents/Developer/Headers\ /Applications/Xcode.app/Contents/Developer/SDKs\ /Applications/Xcode.app/Contents/Developer/Platforms
    export PER_ARCH_MODULE_FILE_DIR\=/Users/viveksarkar/Library/Developer/Xcode/DerivedData/Hatari-crnaywjepgfrrcdspvkwustrehyb/Build/Intermediates.noindex/Pods.build/Debug-iphoneos/React-FabricComponents.build/Objects-normal/undefined_arch
    export PER_ARCH_OBJECT_FILE_DIR\=/Users/viveksarkar/Library/Developer/Xcode/DerivedData/Hatari-crnaywjepgfrrcdspvkwustrehyb/Build/Intermediates.noindex/Pods.build/Debug-iphoneos/React-FabricComponents.build/Objects-normal/undefined_arch
    export PER_VARIANT_OBJECT_FILE_DIR\=/Users/viveksarkar/Library/Developer/Xcode/DerivedData/Hatari-crnaywjepgfrrcdspvkwustrehyb/Build/Intermediates.noindex/Pods.build/Debug-iphoneos/React-FabricComponents.build/Objects-normal
    export PKGINFO_FILE_PATH\=/Users/viveksarkar/Library/Developer/Xcode/DerivedData/Hatari-crnaywjepgfrrcdspvkwustrehyb/Build/Intermediates.noindex/Pods.build/Debug-iphoneos/React-FabricComponents.build/PkgInfo
    export PLATFORM_DEVELOPER_APPLICATIONS_DIR\=/Applications/Xcode.app/Contents/Developer/Platforms/iPhoneOS.platform/Developer/Applications
    export PLATFORM_DEVELOPER_BIN_DIR\=/Applications/Xcode.app/Contents/Developer/Platforms/iPhoneOS.platform/Developer/usr/bin
    export PLATFORM_DEVELOPER_LIBRARY_DIR\=/Applications/Xcode.app/Contents/Developer/Platforms/iPhoneOS.platform/Developer/Library
    export PLATFORM_DEVELOPER_SDK_DIR\=/Applications/Xcode.app/Contents/Developer/Platforms/iPhoneOS.platform/Developer/SDKs
    export PLATFORM_DEVELOPER_TOOLS_DIR\=/Applications/Xcode.app/Contents/Developer/Platforms/iPhoneOS.platform/Developer/Tools
    export PLATFORM_DEVELOPER_USR_DIR\=/Applications/Xcode.app/Contents/Developer/Platforms/iPhoneOS.platform/Developer/usr
    export PLATFORM_DIR\=/Applications/Xcode.app/Contents/Developer/Platforms/iPhoneOS.platform
    export PLATFORM_DISPLAY_NAME\=iOS
    export PLATFORM_FAMILY_NAME\=iOS
    export PLATFORM_NAME\=iphoneos
    export PLATFORM_PREFERRED_ARCH\=arm64
    export PLATFORM_PRODUCT_BUILD_VERSION\=23C53
    export PLATFORM_REQUIRES_SWIFT_AUTOLINK_EXTRACT\=NO
    export PLATFORM_REQUIRES_SWIFT_MODULEWRAP\=NO
    export PLIST_FILE_OUTPUT_FORMAT\=binary
    export PODS_BUILD_DIR\=/Users/viveksarkar/Library/Developer/Xcode/DerivedData/Hatari-crnaywjepgfrrcdspvkwustrehyb/Build/Products
    export PODS_CONFIGURATION_BUILD_DIR\=/Users/viveksarkar/Library/Developer/Xcode/DerivedData/Hatari-crnaywjepgfrrcdspvkwustrehyb/Build/Products/Debug-iphoneos
    export PODS_DEVELOPMENT_LANGUAGE\=en
    export PODS_ROOT\=/Users/viveksarkar/Desktop/Hatari_app/ios/Pods
    export PODS_TARGET_SRCROOT\=/Users/viveksarkar/Desktop/Hatari_app/ios/Pods/../../node_modules/react-native/ReactCommon
    export PODS_XCFRAMEWORKS_BUILD_DIR\=/Users/viveksarkar/Library/Developer/Xcode/DerivedData/Hatari-crnaywjepgfrrcdspvkwustrehyb/Build/Products/Debug-iphoneos/XCFrameworkIntermediates
    export PRECOMPS_INCLUDE_HEADERS_FROM_BUILT_PRODUCTS_DIR\=YES
    export PRECOMP_DESTINATION_DIR\=/Users/viveksarkar/Library/Developer/Xcode/DerivedData/Hatari-crnaywjepgfrrcdspvkwustrehyb/Build/Intermediates.noindex/Pods.build/Debug-iphoneos/React-FabricComponents.build/PrefixHeaders
    export PROCESSED_INFOPLIST_PATH\=/Users/viveksarkar/Library/Developer/Xcode/DerivedData/Hatari-crnaywjepgfrrcdspvkwustrehyb/Build/Intermediates.noindex/Pods.build/Debug-iphoneos/React-FabricComponents.build/Objects-normal/undefined_arch/Processed-Info.plist
    export PRODUCT_BUNDLE_IDENTIFIER\=org.cocoapods.React-FabricComponents
    export PRODUCT_MODULE_NAME\=React_FabricComponents
    export PRODUCT_NAME\=React-FabricComponents
    export PRODUCT_SETTINGS_PATH\=
    export PRODUCT_TYPE\=com.apple.product-type.library.static
    export PROFILING_CODE\=NO
    export PROJECT\=Pods
    export PROJECT_DERIVED_FILE_DIR\=/Users/viveksarkar/Library/Developer/Xcode/DerivedData/Hatari-crnaywjepgfrrcdspvkwustrehyb/Build/Intermediates.noindex/Pods.build/DerivedSources
    export PROJECT_DIR\=/Users/viveksarkar/Desktop/Hatari_app/ios/Pods
    export PROJECT_FILE_PATH\=/Users/viveksarkar/Desktop/Hatari_app/ios/Pods/Pods.xcodeproj
    export PROJECT_GUID\=8699adb1dd336b26511df848a716bd42
    export PROJECT_NAME\=Pods
    export PROJECT_TEMP_DIR\=/Users/viveksarkar/Library/Developer/Xcode/DerivedData/Hatari-crnaywjepgfrrcdspvkwustrehyb/Build/Intermediates.noindex/Pods.build
    export PROJECT_TEMP_ROOT\=/Users/viveksarkar/Library/Developer/Xcode/DerivedData/Hatari-crnaywjepgfrrcdspvkwustrehyb/Build/Intermediates.noindex
    export REACT_NATIVE_PATH\=/Users/viveksarkar/Desktop/Hatari_app/ios/Pods/../../node_modules/react-native
    export RECOMMENDED_IPHONEOS_DEPLOYMENT_TARGET\=15.0
    export RECURSIVE_SEARCH_PATHS_FOLLOW_SYMLINKS\=YES
    export REMOVE_CVS_FROM_RESOURCES\=YES
    export REMOVE_GIT_FROM_RESOURCES\=YES
    export REMOVE_HEADERS_FROM_EMBEDDED_BUNDLES\=YES
    export REMOVE_HG_FROM_RESOURCES\=YES
    export REMOVE_STATIC_EXECUTABLES_FROM_EMBEDDED_BUNDLES\=YES
    export REMOVE_SVN_FROM_RESOURCES\=YES
    export RESCHEDULE_INDEPENDENT_HEADERS_PHASES\=YES
    export REZ_COLLECTOR_DIR\=/Users/viveksarkar/Library/Developer/Xcode/DerivedData/Hatari-crnaywjepgfrrcdspvkwustrehyb/Build/Intermediates.noindex/Pods.build/Debug-iphoneos/React-FabricComponents.build/ResourceManagerResources
    export REZ_EXECUTABLE\=YES
    export REZ_OBJECTS_DIR\=/Users/viveksarkar/Library/Developer/Xcode/DerivedData/Hatari-crnaywjepgfrrcdspvkwustrehyb/Build/Intermediates.noindex/Pods.build/Debug-iphoneos/React-FabricComponents.build/ResourceManagerResources/Objects
    export REZ_SEARCH_PATHS\=/Users/viveksarkar/Library/Developer/Xcode/DerivedData/Hatari-crnaywjepgfrrcdspvkwustrehyb/Build/Products/Debug-iphoneos/React-FabricComponents\ 
    export RUNTIME_EXCEPTION_ALLOW_DYLD_ENVIRONMENT_VARIABLES\=NO
    export RUNTIME_EXCEPTION_ALLOW_JIT\=NO
    export RUNTIME_EXCEPTION_ALLOW_UNSIGNED_EXECUTABLE_MEMORY\=NO
    export RUNTIME_EXCEPTION_DEBUGGING_TOOL\=NO
    export RUNTIME_EXCEPTION_DISABLE_EXECUTABLE_PAGE_PROTECTION\=NO
    export RUNTIME_EXCEPTION_DISABLE_LIBRARY_VALIDATION\=NO
    export SCAN_ALL_SOURCE_FILES_FOR_INCLUDES\=NO
    export SCRIPT_INPUT_FILE_COUNT\=0
    export SCRIPT_INPUT_FILE_LIST_COUNT\=0
    export SCRIPT_OUTPUT_FILE_COUNT\=0
    export SCRIPT_OUTPUT_FILE_LIST_COUNT\=0
    export SDKROOT\=/Applications/Xcode.app/Contents/Developer/Platforms/iPhoneOS.platform/Developer/SDKs/iPhoneOS26.2.sdk
    export SDK_DIR\=/Applications/Xcode.app/Contents/Developer/Platforms/iPhoneOS.platform/Developer/SDKs/iPhoneOS26.2.sdk
    export SDK_DIR_iphoneos\=/Applications/Xcode.app/Contents/Developer/Platforms/iPhoneOS.platform/Developer/SDKs/iPhoneOS26.2.sdk
    export SDK_DIR_iphoneos26_2\=/Applications/Xcode.app/Contents/Developer/Platforms/iPhoneOS.platform/Developer/SDKs/iPhoneOS26.2.sdk
    export SDK_NAME\=iphoneos26.2
    export SDK_NAMES\=iphoneos26.2
    export SDK_PRODUCT_BUILD_VERSION\=23C53
    export SDK_STAT_CACHE_DIR\=/Users/viveksarkar/Library/Developer/Xcode/DerivedData
    export SDK_STAT_CACHE_ENABLE\=YES
    export SDK_STAT_CACHE_PATH\=/Users/viveksarkar/Library/Developer/Xcode/DerivedData/SDKStatCaches.noindex/iphoneos26.2-23C53-3794476bd08197c3e2abd9bb477ef7f7.sdkstatcache
    export SDK_VERSION\=26.2
    export SDK_VERSION_ACTUAL\=260200
    export SDK_VERSION_MAJOR\=260000
    export SDK_VERSION_MINOR\=260200
    export SED\=/usr/bin/sed
    export SEPARATE_STRIP\=NO
    export SEPARATE_SYMBOL_EDIT\=NO
    export SET_DIR_MODE_OWNER_GROUP\=YES
    export SET_FILE_MODE_OWNER_GROUP\=NO
    export SHALLOW_BUNDLE\=NO
    export SHARED_DERIVED_FILE_DIR\=/Users/viveksarkar/Library/Developer/Xcode/DerivedData/Hatari-crnaywjepgfrrcdspvkwustrehyb/Build/Products/Debug-iphoneos/React-FabricComponents/DerivedSources
    export SHARED_PRECOMPS_DIR\=/Users/viveksarkar/Library/Developer/Xcode/DerivedData/Hatari-crnaywjepgfrrcdspvkwustrehyb/Build/Intermediates.noindex/PrecompiledHeaders
    export SKIP_INSTALL\=YES
    export SOURCE_ROOT\=/Users/viveksarkar/Desktop/Hatari_app/ios/Pods
    export SRCROOT\=/Users/viveksarkar/Desktop/Hatari_app/ios/Pods
    export STRINGSDATA_DIR\=/Users/viveksarkar/Library/Developer/Xcode/DerivedData/Hatari-crnaywjepgfrrcdspvkwustrehyb/Build/Intermediates.noindex/Pods.build/Debug-iphoneos/React-FabricComponents.build/Objects-normal/undefined_arch
    export STRINGSDATA_ROOT\=/Users/viveksarkar/Library/Developer/Xcode/DerivedData/Hatari-crnaywjepgfrrcdspvkwustrehyb/Build/Intermediates.noindex/Pods.build/Debug-iphoneos/React-FabricComponents.build
    export STRINGS_FILE_INFOPLIST_RENAME\=YES
    export STRINGS_FILE_OUTPUT_ENCODING\=binary
    export STRING_CATALOG_GENERATE_SYMBOLS\=NO
    export STRIP_BITCODE_FROM_COPIED_FILES\=YES
    export STRIP_INSTALLED_PRODUCT\=NO
    export STRIP_STYLE\=debugging
    export STRIP_SWIFT_SYMBOLS\=YES
    export SUPPORTED_DEVICE_FAMILIES\=1,2
    export SUPPORTED_PLATFORMS\=iphoneos\ iphonesimulator
    export SUPPORTS_MACCATALYST\=YES
    export SUPPORTS_MAC_DESIGNED_FOR_IPHONE_IPAD\=YES
    export SUPPORTS_TEXT_BASED_API\=NO
    export SUPPORTS_XR_DESIGNED_FOR_IPHONE_IPAD\=YES
    export SUPPRESS_WARNINGS\=NO
    export SWIFT_ACTIVE_COMPILATION_CONDITIONS\=\ DEBUG\ 
    export SWIFT_EMIT_CONST_VALUE_PROTOCOLS\=AppIntent\ EntityQuery\ AppEntity\ TransientEntity\ AppEnum\ AppShortcutProviding\ AppShortcutsProvider\ AnyResolverProviding\ AppIntentsPackage\ DynamicOptionsProvider\ _IntentValueRepresentable\ _AssistantIntentsProvider\ _GenerativeFunctionExtractable\ IntentValueQuery\ Resolver\ AppExtension\ ExtensionPointDefining
    export SWIFT_EMIT_LOC_STRINGS\=NO
    export SWIFT_ENABLE_EXPLICIT_MODULES\=YES
    export SWIFT_INSTALL_OBJC_HEADER\=YES
    export SWIFT_OPTIMIZATION_LEVEL\=-Onone
    export SWIFT_PLATFORM_TARGET_PREFIX\=ios
    export SWIFT_RESPONSE_FILE_PATH_normal_arm64\=/Users/viveksarkar/Library/Developer/Xcode/DerivedData/Hatari-crnaywjepgfrrcdspvkwustrehyb/Build/Intermediates.noindex/Pods.build/Debug-iphoneos/React-FabricComponents.build/Objects-normal/arm64/React-FabricComponents.SwiftFileList
    export SWIFT_VERSION\=5.0
    export SYMROOT\=/Users/viveksarkar/Library/Developer/Xcode/DerivedData/Hatari-crnaywjepgfrrcdspvkwustrehyb/Build/Products
    export SYSTEM_ADMIN_APPS_DIR\=/Applications/Utilities
    export SYSTEM_APPS_DIR\=/Applications
    export SYSTEM_CORE_SERVICES_DIR\=/System/Library/CoreServices
    export SYSTEM_DEMOS_DIR\=/Applications/Extras
    export SYSTEM_DEVELOPER_APPS_DIR\=/Applications/Xcode.app/Contents/Developer/Applications
    export SYSTEM_DEVELOPER_BIN_DIR\=/Applications/Xcode.app/Contents/Developer/usr/bin
    export SYSTEM_DEVELOPER_DEMOS_DIR\=/Applications/Xcode.app/Contents/Developer/Applications/Utilities/Built\ Examples
    export SYSTEM_DEVELOPER_DIR\=/Applications/Xcode.app/Contents/Developer
    export SYSTEM_DEVELOPER_DOC_DIR\=/Applications/Xcode.app/Contents/Developer/ADC\ Reference\ Library
    export SYSTEM_DEVELOPER_GRAPHICS_TOOLS_DIR\=/Applications/Xcode.app/Contents/Developer/Applications/Graphics\ Tools
    export SYSTEM_DEVELOPER_JAVA_TOOLS_DIR\=/Applications/Xcode.app/Contents/Developer/Applications/Java\ Tools
    export SYSTEM_DEVELOPER_PERFORMANCE_TOOLS_DIR\=/Applications/Xcode.app/Contents/Developer/Applications/Performance\ Tools
    export SYSTEM_DEVELOPER_RELEASENOTES_DIR\=/Applications/Xcode.app/Contents/Developer/ADC\ Reference\ Library/releasenotes
    export SYSTEM_DEVELOPER_TOOLS\=/Applications/Xcode.app/Contents/Developer/Tools
    export SYSTEM_DEVELOPER_TOOLS_DOC_DIR\=/Applications/Xcode.app/Contents/Developer/ADC\ Reference\ Library/documentation/DeveloperTools
    export SYSTEM_DEVELOPER_TOOLS_RELEASENOTES_DIR\=/Applications/Xcode.app/Contents/Developer/ADC\ Reference\ Library/releasenotes/DeveloperTools
    export SYSTEM_DEVELOPER_USR_DIR\=/Applications/Xcode.app/Contents/Developer/usr
    export SYSTEM_DEVELOPER_UTILITIES_DIR\=/Applications/Xcode.app/Contents/Developer/Applications/Utilities
    export SYSTEM_DEXT_INSTALL_PATH\=/System/Library/DriverExtensions
    export SYSTEM_DOCUMENTATION_DIR\=/Library/Documentation
    export SYSTEM_KEXT_INSTALL_PATH\=/System/Library/Extensions
    export SYSTEM_LIBRARY_DIR\=/System/Library
    export TAPI_DEMANGLE\=YES
    export TAPI_ENABLE_PROJECT_HEADERS\=NO
    export TAPI_LANGUAGE\=objective-c
    export TAPI_LANGUAGE_STANDARD\=compiler-default
    export TAPI_USE_SRCROOT\=YES
    export TAPI_VERIFY_MODE\=Pedantic
    export TARGETED_DEVICE_FAMILY\=1,2
    export TARGETNAME\=React-FabricComponents
    export TARGET_BUILD_DIR\=/Users/viveksarkar/Library/Developer/Xcode/DerivedData/Hatari-crnaywjepgfrrcdspvkwustrehyb/Build/Products/Debug-iphoneos/React-FabricComponents
    export TARGET_NAME\=React-FabricComponents
    export TARGET_TEMP_DIR\=/Users/viveksarkar/Library/Developer/Xcode/DerivedData/Hatari-crnaywjepgfrrcdspvkwustrehyb/Build/Intermediates.noindex/Pods.build/Debug-iphoneos/React-FabricComponents.build
    export TEMP_DIR\=/Users/viveksarkar/Library/Developer/Xcode/DerivedData/Hatari-crnaywjepgfrrcdspvkwustrehyb/Build/Intermediates.noindex/Pods.build/Debug-iphoneos/React-FabricComponents.build
    export TEMP_FILES_DIR\=/Users/viveksarkar/Library/Developer/Xcode/DerivedData/Hatari-crnaywjepgfrrcdspvkwustrehyb/Build/Intermediates.noindex/Pods.build/Debug-iphoneos/React-FabricComponents.build
    export TEMP_FILE_DIR\=/Users/viveksarkar/Library/Developer/Xcode/DerivedData/Hatari-crnaywjepgfrrcdspvkwustrehyb/Build/Intermediates.noindex/Pods.build/Debug-iphoneos/React-FabricComponents.build
    export TEMP_ROOT\=/Users/viveksarkar/Library/Developer/Xcode/DerivedData/Hatari-crnaywjepgfrrcdspvkwustrehyb/Build/Intermediates.noindex
    export TEMP_SANDBOX_DIR\=/Users/viveksarkar/Library/Developer/Xcode/DerivedData/Hatari-crnaywjepgfrrcdspvkwustrehyb/Build/Intermediates.noindex/TemporaryTaskSandboxes
    export TEST_FRAMEWORK_SEARCH_PATHS\=\ /Applications/Xcode.app/Contents/Developer/Platforms/iPhoneOS.platform/Developer/Library/Frameworks\ /Applications/Xcode.app/Contents/Developer/Platforms/iPhoneOS.platform/Developer/SDKs/iPhoneOS26.2.sdk/Developer/Library/Frameworks
    export TEST_LIBRARY_SEARCH_PATHS\=\ /Applications/Xcode.app/Contents/Developer/Platforms/iPhoneOS.platform/Developer/usr/lib
    export TOOLCHAINS\=com.apple.dt.toolchain.XcodeDefault
    export TOOLCHAIN_DIR\=/Applications/Xcode.app/Contents/Developer/Toolchains/XcodeDefault.xctoolchain
    export TREAT_MISSING_BASELINES_AS_TEST_FAILURES\=NO
    export TREAT_MISSING_SCRIPT_PHASE_OUTPUTS_AS_ERRORS\=NO
    export UID\=501
    export UNINSTALLED_PRODUCTS_DIR\=/Users/viveksarkar/Library/Developer/Xcode/DerivedData/Hatari-crnaywjepgfrrcdspvkwustrehyb/Build/Intermediates.noindex/UninstalledProducts
    export UNSTRIPPED_PRODUCT\=NO
    export USER\=viveksarkar
    export USER_APPS_DIR\=/Users/viveksarkar/Applications
    export USER_LIBRARY_DIR\=/Users/viveksarkar/Library
    export USE_DYNAMIC_NO_PIC\=YES
    export USE_HEADERMAP\=YES
    export USE_HEADER_SYMLINKS\=NO
    export USE_HERMES\=true
    export USE_RECURSIVE_SCRIPT_INPUTS_IN_SCRIPT_PHASES\=YES
    export VALIDATE_DEVELOPMENT_ASSET_PATHS\=YES_ERROR
    export VALIDATE_PRODUCT\=NO
    export VALID_ARCHS\=arm64\ arm64e\ armv7\ armv7s
    export VERBOSE_PBXCP\=NO
    export VERSION_INFO_BUILDER\=viveksarkar
    export VERSION_INFO_FILE\=React-FabricComponents_vers.c
    export VERSION_INFO_STRING\=\"@\(\#\)PROGRAM:React-FabricComponents\ \ PROJECT:Pods-\"
    export WORKSPACE_DIR\=/Users/viveksarkar/Desktop/Hatari_app/ios
    export WRAP_ASSET_PACKS_IN_SEPARATE_DIRECTORIES\=NO
    export XCODE_APP_SUPPORT_DIR\=/Applications/Xcode.app/Contents/Developer/Library/Xcode
    export XCODE_PRODUCT_BUILD_VERSION\=17C52
    export XCODE_VERSION_ACTUAL\=2620
    export XCODE_VERSION_MAJOR\=2600
    export XCODE_VERSION_MINOR\=2620
    export XPCSERVICES_FOLDER_PATH\=/XPCServices
    export YACC\=yacc
    export _DISCOVER_COMMAND_LINE_LINKER_INPUTS\=YES
    export _DISCOVER_COMMAND_LINE_LINKER_INPUTS_INCLUDE_WL\=YES
    export _LD_MULTIARCH\=YES
    export __DIAGNOSE_DEPRECATED_ARCHS\=YES
    export arch\=undefined_arch
    export variant\=normal
    /bin/sh -c /Users/viveksarkar/Library/Developer/Xcode/DerivedData/Hatari-crnaywjepgfrrcdspvkwustrehyb/Build/Intermediates.noindex/Pods.build/Debug-iphoneos/React-FabricComponents.build/Script-46EB2E000207D0.sh
Checking whether Codegen has run...

CompileC /Users/viveksarkar/Library/Developer/Xcode/DerivedData/Hatari-crnaywjepgfrrcdspvkwustrehyb/Build/Intermediates.noindex/Pods.build/Debug-iphoneos/ReactAppDependencyProvider.build/Objects-normal/arm64/RCTAppDependencyProvider.o /Users/viveksarkar/Desktop/Hatari_app/ios/build/generated/ios/RCTAppDependencyProvider.mm normal arm64 objective-c++ com.apple.compilers.llvm.clang.1_0.compiler (in target 'ReactAppDependencyProvider' from project 'Pods')
    cd /Users/viveksarkar/Desktop/Hatari_app/ios/Pods
    
    Using response file: /Users/viveksarkar/Library/Developer/Xcode/DerivedData/Hatari-crnaywjepgfrrcdspvkwustrehyb/Build/Intermediates.noindex/Pods.build/Debug-iphoneos/ReactAppDependencyProvider.build/Objects-normal/arm64/af3fcb34312c57c0f52879cdce924b91-common-args.resp
    
    /Applications/Xcode.app/Contents/Developer/Toolchains/XcodeDefault.xctoolchain/usr/bin/clang -x objective-c++ -ivfsstatcache /Users/viveksarkar/Library/Developer/Xcode/DerivedData/SDKStatCaches.noindex/iphoneos26.2-23C53-3794476bd08197c3e2abd9bb477ef7f7.sdkstatcache -fmessage-length\=0 -fdiagnostics-show-note-include-stack -fmacro-backtrace-limit\=0 -fno-color-diagnostics -fmodules-prune-interval\=86400 -fmodules-prune-after\=345600 -fbuild-session-file\=/Users/viveksarkar/Library/Developer/Xcode/DerivedData/ModuleCache.noindex/Session.modulevalidation -fmodules-validate-once-per-build-session -Wno-trigraphs -Wno-missing-field-initializers -Wno-missing-prototypes -Werror\=return-type -Wdocumentation -Wunreachable-code -Wno-implicit-atomic-properties -Werror\=deprecated-objc-isa-usage -Wno-objc-interface-ivars -Werror\=objc-root-class -Wno-arc-repeated-use-of-weak -Wimplicit-retain-self -Wno-non-virtual-dtor -Wno-overloaded-virtual -Wno-exit-time-destructors -Wduplicate-method-match -Wno-missing-braces -Wparentheses -Wswitch -Wunused-function -Wno-unused-label -Wno-unused-parameter -Wunused-variable -Wunused-value -Wempty-body -Wuninitialized -Wconditional-uninitialized -Wno-unknown-pragmas -Wno-shadow -Wno-four-char-constants -Wno-conversion -Wconstant-conversion -Wint-conversion -Wbool-conversion -Wenum-conversion -Wno-float-conversion -Wnon-literal-null-conversion -Wobjc-literal-conversion -Wshorten-64-to-32 -Wno-newline-eof -Wno-selector -Wno-strict-selector-match -Wundeclared-selector -Wdeprecated-implementations -Wno-c++11-extensions -Wno-implicit-fallthrough -fstrict-aliasing -Wprotocol -Wdeprecated-declarations -Winvalid-offsetof -Wno-sign-conversion -Winfinite-recursion -Wmove -Wcomma -Wblock-capture-autoreleasing -Wstrict-prototypes -Wrange-loop-analysis -Wno-semicolon-before-method-body -Wunguarded-availability @/Users/viveksarkar/Library/Developer/Xcode/DerivedData/Hatari-crnaywjepgfrrcdspvkwustrehyb/Build/Intermediates.noindex/Pods.build/Debug-iphoneos/ReactAppDependencyProvider.build/Objects-normal/arm64/af3fcb34312c57c0f52879cdce924b91-common-args.resp -include /Users/viveksarkar/Desktop/Hatari_app/ios/Pods/Target\ Support\ Files/ReactAppDependencyProvider/ReactAppDependencyProvider-prefix.pch -MMD -MT dependencies -MF /Users/viveksarkar/Library/Developer/Xcode/DerivedData/Hatari-crnaywjepgfrrcdspvkwustrehyb/Build/Intermediates.noindex/Pods.build/Debug-iphoneos/ReactAppDependencyProvider.build/Objects-normal/arm64/RCTAppDependencyProvider.d --serialize-diagnostics /Users/viveksarkar/Library/Developer/Xcode/DerivedData/Hatari-crnaywjepgfrrcdspvkwustrehyb/Build/Intermediates.noindex/Pods.build/Debug-iphoneos/ReactAppDependencyProvider.build/Objects-normal/arm64/RCTAppDependencyProvider.dia -c /Users/viveksarkar/Desktop/Hatari_app/ios/build/generated/ios/RCTAppDependencyProvider.mm -o /Users/viveksarkar/Library/Developer/Xcode/DerivedData/Hatari-crnaywjepgfrrcdspvkwustrehyb/Build/Intermediates.noindex/Pods.build/Debug-iphoneos/ReactAppDependencyProvider.build/Objects-normal/arm64/RCTAppDependencyProvider.o

CompileC /Users/viveksarkar/Library/Developer/Xcode/DerivedData/Hatari-crnaywjepgfrrcdspvkwustrehyb/Build/Intermediates.noindex/Pods.build/Debug-iphoneos/ReactCodegen.build/Objects-normal/arm64/AndroidLocationEnablerSpec-generated.o /Users/viveksarkar/Desktop/Hatari_app/ios/build/generated/ios/AndroidLocationEnablerSpec/AndroidLocationEnablerSpec-generated.mm normal arm64 objective-c++ com.apple.compilers.llvm.clang.1_0.compiler (in target 'ReactCodegen' from project 'Pods')
    cd /Users/viveksarkar/Desktop/Hatari_app/ios/Pods
    
    Using response file: /Users/viveksarkar/Library/Developer/Xcode/DerivedData/Hatari-crnaywjepgfrrcdspvkwustrehyb/Build/Intermediates.noindex/Pods.build/Debug-iphoneos/ReactCodegen.build/Objects-normal/arm64/af3fcb34312c57c0f52879cdce924b91-common-args.resp
    
    /Applications/Xcode.app/Contents/Developer/Toolchains/XcodeDefault.xctoolchain/usr/bin/clang -x objective-c++ -ivfsstatcache /Users/viveksarkar/Library/Developer/Xcode/DerivedData/SDKStatCaches.noindex/iphoneos26.2-23C53-3794476bd08197c3e2abd9bb477ef7f7.sdkstatcache -fmessage-length\=0 -fdiagnostics-show-note-include-stack -fmacro-backtrace-limit\=0 -fno-color-diagnostics -fmodules-prune-interval\=86400 -fmodules-prune-after\=345600 -fbuild-session-file\=/Users/viveksarkar/Library/Developer/Xcode/DerivedData/ModuleCache.noindex/Session.modulevalidation -fmodules-validate-once-per-build-session -Wno-trigraphs -Wno-missing-field-initializers -Wno-missing-prototypes -Werror\=return-type -Wdocumentation -Wunreachable-code -Wno-implicit-atomic-properties -Werror\=deprecated-objc-isa-usage -Wno-objc-interface-ivars -Werror\=objc-root-class -Wno-arc-repeated-use-of-weak -Wimplicit-retain-self -Wno-non-virtual-dtor -Wno-overloaded-virtual -Wno-exit-time-destructors -Wduplicate-method-match -Wno-missing-braces -Wparentheses -Wswitch -Wunused-function -Wno-unused-label -Wno-unused-parameter -Wunused-variable -Wunused-value -Wempty-body -Wuninitialized -Wconditional-uninitialized -Wno-unknown-pragmas -Wno-shadow -Wno-four-char-constants -Wno-conversion -Wconstant-conversion -Wint-conversion -Wbool-conversion -Wenum-conversion -Wno-float-conversion -Wnon-literal-null-conversion -Wobjc-literal-conversion -Wshorten-64-to-32 -Wno-newline-eof -Wno-selector -Wno-strict-selector-match -Wundeclared-selector -Wdeprecated-implementations -Wno-c++11-extensions -Wno-implicit-fallthrough -fstrict-aliasing -Wprotocol -Wdeprecated-declarations -Winvalid-offsetof -Wno-sign-conversion -Winfinite-recursion -Wmove -Wcomma -Wblock-capture-autoreleasing -Wstrict-prototypes -Wrange-loop-analysis -Wno-semicolon-before-method-body -Wunguarded-availability -Wno-comma -Wno-shorten-64-to-32 -Wno-documentation @/Users/viveksarkar/Library/Developer/Xcode/DerivedData/Hatari-crnaywjepgfrrcdspvkwustrehyb/Build/Intermediates.noindex/Pods.build/Debug-iphoneos/ReactCodegen.build/Objects-normal/arm64/af3fcb34312c57c0f52879cdce924b91-common-args.resp -DFOLLY_NO_CONFIG -DFOLLY_MOBILE\=1 -DFOLLY_USE_LIBCPP\=1 -DFOLLY_CFG_NO_COROUTINES\=1 -DFOLLY_HAVE_CLOCK_GETTIME\=1 -Wno-comma -Wno-shorten-64-to-32 -Wno-documentation -Wno-nullability-completeness -std\=c++20 -include /Users/viveksarkar/Desktop/Hatari_app/ios/Pods/Target\ Support\ Files/ReactCodegen/ReactCodegen-prefix.pch -MMD -MT dependencies -MF /Users/viveksarkar/Library/Developer/Xcode/DerivedData/Hatari-crnaywjepgfrrcdspvkwustrehyb/Build/Intermediates.noindex/Pods.build/Debug-iphoneos/ReactCodegen.build/Objects-normal/arm64/AndroidLocationEnablerSpec-generated.d --serialize-diagnostics /Users/viveksarkar/Library/Developer/Xcode/DerivedData/Hatari-crnaywjepgfrrcdspvkwustrehyb/Build/Intermediates.noindex/Pods.build/Debug-iphoneos/ReactCodegen.build/Objects-normal/arm64/AndroidLocationEnablerSpec-generated.dia -c /Users/viveksarkar/Desktop/Hatari_app/ios/build/generated/ios/AndroidLocationEnablerSpec/AndroidLocationEnablerSpec-generated.mm -o /Users/viveksarkar/Library/Developer/Xcode/DerivedData/Hatari-crnaywjepgfrrcdspvkwustrehyb/Build/Intermediates.noindex/Pods.build/Debug-iphoneos/ReactCodegen.build/Objects-normal/arm64/AndroidLocationEnablerSpec-generated.o

Libtool /Users/viveksarkar/Library/Developer/Xcode/DerivedData/Hatari-crnaywjepgfrrcdspvkwustrehyb/Build/Products/Debug-iphoneos/ReactCodegen/libReactCodegen.a normal (in target 'ReactCodegen' from project 'Pods')
    cd /Users/viveksarkar/Desktop/Hatari_app/ios/Pods
    /Applications/Xcode.app/Contents/Developer/Toolchains/XcodeDefault.xctoolchain/usr/bin/libtool -static -arch_only arm64 -D -syslibroot /Applications/Xcode.app/Contents/Developer/Platforms/iPhoneOS.platform/Developer/SDKs/iPhoneOS26.2.sdk -L/Users/viveksarkar/Library/Developer/Xcode/DerivedData/Hatari-crnaywjepgfrrcdspvkwustrehyb/Build/Products/Debug-iphoneos/ReactCodegen -filelist /Users/viveksarkar/Library/Developer/Xcode/DerivedData/Hatari-crnaywjepgfrrcdspvkwustrehyb/Build/Intermediates.noindex/Pods.build/Debug-iphoneos/ReactCodegen.build/Objects-normal/arm64/ReactCodegen.LinkFileList -dependency_info /Users/viveksarkar/Library/Developer/Xcode/DerivedData/Hatari-crnaywjepgfrrcdspvkwustrehyb/Build/Intermediates.noindex/Pods.build/Debug-iphoneos/ReactCodegen.build/Objects-normal/arm64/ReactCodegen_libtool_dependency_info.dat -o /Users/viveksarkar/Library/Developer/Xcode/DerivedData/Hatari-crnaywjepgfrrcdspvkwustrehyb/Build/Products/Debug-iphoneos/ReactCodegen/libReactCodegen.a

warning: Run script build phase '[CP-User] react-native-maps patches' will be run during every build because it does not specify any outputs. To address this issue, either add output dependencies to the script phase, or configure it to run in every build by unchecking "Based on dependency analysis" in the script phase. (in target 'react-native-maps' from project 'Pods')
PhaseScriptExecution [CP-User]\ react-native-maps\ patches /Users/viveksarkar/Library/Developer/Xcode/DerivedData/Hatari-crnaywjepgfrrcdspvkwustrehyb/Build/Intermediates.noindex/Pods.build/Debug-iphoneos/react-native-maps.build/Script-46EB2E00020820.sh (in target 'react-native-maps' from project 'Pods')
    cd /Users/viveksarkar/Desktop/Hatari_app/ios/Pods
    export ACTION\=build
    export AD_HOC_CODE_SIGNING_ALLOWED\=NO
    export ALLOW_BUILD_REQUEST_OVERRIDES\=NO
    export ALLOW_TARGET_PLATFORM_SPECIALIZATION\=NO
    export ALTERNATE_GROUP\=staff
    export ALTERNATE_MODE\=u+w,go-w,a+rX
    export ALTERNATE_OWNER\=viveksarkar
    export ALTERNATIVE_DISTRIBUTION_WEB\=NO
    export ALWAYS_EMBED_SWIFT_STANDARD_LIBRARIES\=NO
    export ALWAYS_SEARCH_USER_PATHS\=NO
    export ALWAYS_USE_SEPARATE_HEADERMAPS\=NO
    export ANDROID_DEPLOYMENT_TARGET\=21.0
    export APPLICATION_EXTENSION_API_ONLY\=NO
    export APPLY_RULES_IN_COPY_FILES\=NO
    export APPLY_RULES_IN_COPY_HEADERS\=NO
    export APP_SHORTCUTS_ENABLE_FLEXIBLE_MATCHING\=YES
    export ARCHS\=arm64
    export ARCHS_STANDARD\=arm64
    export ARCHS_STANDARD_32_64_BIT\=armv7\ arm64
    export ARCHS_STANDARD_32_BIT\=armv7
    export ARCHS_STANDARD_64_BIT\=arm64
    export ARCHS_STANDARD_INCLUDING_64_BIT\=arm64
    export ARCHS_UNIVERSAL_IPHONE_OS\=armv7\ arm64
    export AUTOMATICALLY_MERGE_DEPENDENCIES\=NO
    export AUTOMATION_APPLE_EVENTS\=NO
    export AVAILABLE_PLATFORMS\=android\ appletvos\ appletvsimulator\ driverkit\ iphoneos\ iphonesimulator\ macosx\ qnx\ watchos\ watchsimulator\ webassembly\ xros\ xrsimulator
    export BUILD_ACTIVE_RESOURCES_ONLY\=NO
    export BUILD_COMPONENTS\=headers\ build
    export BUILD_DIR\=/Users/viveksarkar/Library/Developer/Xcode/DerivedData/Hatari-crnaywjepgfrrcdspvkwustrehyb/Build/Products
    export BUILD_LIBRARY_FOR_DISTRIBUTION\=NO
    export BUILD_ROOT\=/Users/viveksarkar/Library/Developer/Xcode/DerivedData/Hatari-crnaywjepgfrrcdspvkwustrehyb/Build/Products
    export BUILD_STYLE\=
    export BUILD_VARIANTS\=normal
    export BUILT_PRODUCTS_DIR\=/Users/viveksarkar/Library/Developer/Xcode/DerivedData/Hatari-crnaywjepgfrrcdspvkwustrehyb/Build/Products/Debug-iphoneos/react-native-maps
    export BUNDLE_CONTENTS_FOLDER_PATH_deep\=Contents/
    export BUNDLE_EXECUTABLE_FOLDER_NAME_deep\=MacOS
    export BUNDLE_EXTENSIONS_FOLDER_PATH\=Extensions
    export BUNDLE_FORMAT\=shallow
    export BUNDLE_FRAMEWORKS_FOLDER_PATH\=Frameworks
    export BUNDLE_PLUGINS_FOLDER_PATH\=PlugIns
    export BUNDLE_PRIVATE_HEADERS_FOLDER_PATH\=PrivateHeaders
    export BUNDLE_PUBLIC_HEADERS_FOLDER_PATH\=Headers
    export CACHE_ROOT\=/var/folders/f3/1kcs5qp53tv85yg4g31v_rhh0000gn/C/com.apple.DeveloperTools/26.2-17C52/Xcode
    export CCHROOT\=/var/folders/f3/1kcs5qp53tv85yg4g31v_rhh0000gn/C/com.apple.DeveloperTools/26.2-17C52/Xcode
    export CHMOD\=/bin/chmod
    export CHOWN\=/usr/sbin/chown
    export CLANG_ALLOW_NON_MODULAR_INCLUDES_IN_FRAMEWORK_MODULES\=YES
    export CLANG_ANALYZER_LOCALIZABILITY_NONLOCALIZED\=YES
    export CLANG_ANALYZER_NONNULL\=YES
    export CLANG_ANALYZER_NUMBER_OBJECT_CONVERSION\=YES_AGGRESSIVE
    export CLANG_CACHE_FINE_GRAINED_OUTPUTS\=YES
    export CLANG_CXX_LANGUAGE_STANDARD\=c++20
    export CLANG_CXX_LIBRARY\=libc++
    export CLANG_ENABLE_EXPLICIT_MODULES\=YES
    export CLANG_ENABLE_MODULES\=YES
    export CLANG_ENABLE_MODULE_DEBUGGING\=NO
    export CLANG_ENABLE_OBJC_ARC\=YES
    export CLANG_ENABLE_OBJC_WEAK\=NO
    export CLANG_MODULES_BUILD_SESSION_FILE\=/Users/viveksarkar/Library/Developer/Xcode/DerivedData/ModuleCache.noindex/Session.modulevalidation
    export CLANG_WARN_BLOCK_CAPTURE_AUTORELEASING\=YES
    export CLANG_WARN_BOOL_CONVERSION\=YES
    export CLANG_WARN_COMMA\=YES
    export CLANG_WARN_CONSTANT_CONVERSION\=YES
    export CLANG_WARN_DEPRECATED_OBJC_IMPLEMENTATIONS\=YES
    export CLANG_WARN_DIRECT_OBJC_ISA_USAGE\=YES_ERROR
    export CLANG_WARN_DOCUMENTATION_COMMENTS\=YES
    export CLANG_WARN_EMPTY_BODY\=YES
    export CLANG_WARN_ENUM_CONVERSION\=YES
    export CLANG_WARN_INFINITE_RECURSION\=YES
    export CLANG_WARN_INT_CONVERSION\=YES
    export CLANG_WARN_NON_LITERAL_NULL_CONVERSION\=YES
    export CLANG_WARN_OBJC_IMPLICIT_RETAIN_SELF\=YES
    export CLANG_WARN_OBJC_LITERAL_CONVERSION\=YES
    export CLANG_WARN_OBJC_ROOT_CLASS\=YES_ERROR
    export CLANG_WARN_QUOTED_INCLUDE_IN_FRAMEWORK_HEADER\=NO
    export CLANG_WARN_RANGE_LOOP_ANALYSIS\=YES
    export CLANG_WARN_STRICT_PROTOTYPES\=YES
    export CLANG_WARN_SUSPICIOUS_MOVE\=YES
    export CLANG_WARN_UNGUARDED_AVAILABILITY\=YES_AGGRESSIVE
    export CLANG_WARN_UNREACHABLE_CODE\=YES
    export CLANG_WARN__DUPLICATE_METHOD_MATCH\=YES
    export CLASS_FILE_DIR\=/Users/viveksarkar/Library/Developer/Xcode/DerivedData/Hatari-crnaywjepgfrrcdspvkwustrehyb/Build/Intermediates.noindex/Pods.build/Debug-iphoneos/react-native-maps.build/JavaClasses
    export CLEAN_PRECOMPS\=YES
    export CLONE_HEADERS\=NO
    export CODESIGNING_FOLDER_PATH\=/Users/viveksarkar/Library/Developer/Xcode/DerivedData/Hatari-crnaywjepgfrrcdspvkwustrehyb/Build/Products/Debug-iphoneos/react-native-maps/libreact-native-maps.a
    export CODE_SIGNING_ALLOWED\=NO
    export CODE_SIGNING_REQUIRED\=YES
    export CODE_SIGN_CONTEXT_CLASS\=XCiPhoneOSCodeSignContext
    export CODE_SIGN_INJECT_BASE_ENTITLEMENTS\=YES
    export COLOR_DIAGNOSTICS\=NO
    export COMBINE_HIDPI_IMAGES\=NO
    export COMPILATION_CACHE_CAS_PATH\=/Users/viveksarkar/Library/Developer/Xcode/DerivedData/CompilationCache.noindex
    export COMPILATION_CACHE_KEEP_CAS_DIRECTORY\=YES
    export COMPILER_INDEX_STORE_ENABLE\=NO
    export COMPOSITE_SDK_DIRS\=/Users/viveksarkar/Library/Developer/Xcode/DerivedData/Hatari-crnaywjepgfrrcdspvkwustrehyb/Build/Intermediates.noindex/CompositeSDKs
    export COMPRESS_PNG_FILES\=YES
    export CONFIGURATION\=Debug
    export CONFIGURATION_BUILD_DIR\=/Users/viveksarkar/Library/Developer/Xcode/DerivedData/Hatari-crnaywjepgfrrcdspvkwustrehyb/Build/Products/Debug-iphoneos/react-native-maps
    export CONFIGURATION_TEMP_DIR\=/Users/viveksarkar/Library/Developer/Xcode/DerivedData/Hatari-crnaywjepgfrrcdspvkwustrehyb/Build/Intermediates.noindex/Pods.build/Debug-iphoneos
    export COPYING_PRESERVES_HFS_DATA\=NO
    export COPY_HEADERS_RUN_UNIFDEF\=NO
    export COPY_PHASE_STRIP\=NO
    export CORRESPONDING_SIMULATOR_PLATFORM_DIR\=/Applications/Xcode.app/Contents/Developer/Platforms/iPhoneSimulator.platform
    export CORRESPONDING_SIMULATOR_PLATFORM_NAME\=iphonesimulator
    export CORRESPONDING_SIMULATOR_SDK_DIR\=/Applications/Xcode.app/Contents/Developer/Platforms/iPhoneSimulator.platform/Developer/SDKs/iPhoneSimulator26.2.sdk
    export CORRESPONDING_SIMULATOR_SDK_NAME\=iphonesimulator26.2
    export CP\=/bin/cp
    export CREATE_INFOPLIST_SECTION_IN_BINARY\=NO
    export CURRENT_ARCH\=undefined_arch
    export CURRENT_VARIANT\=normal
    export DEAD_CODE_STRIPPING\=YES
    export DEBUGGING_SYMBOLS\=YES
    export DEBUG_INFORMATION_FORMAT\=dwarf
    export DEBUG_INFORMATION_VERSION\=compiler-default
    export DEFAULT_COMPILER\=com.apple.compilers.llvm.clang.1_0
    export DEFAULT_DEXT_INSTALL_PATH\=/System/Library/DriverExtensions
    export DEFAULT_KEXT_INSTALL_PATH\=/System/Library/Extensions
    export DEFINES_MODULE\=NO
    export DEPLOYMENT_LOCATION\=NO
    export DEPLOYMENT_POSTPROCESSING\=NO
    export DEPLOYMENT_TARGET_SETTING_NAME\=IPHONEOS_DEPLOYMENT_TARGET
    export DEPLOYMENT_TARGET_SUGGESTED_VALUES\=12.0\ 12.1\ 12.2\ 12.3\ 12.4\ 13.0\ 13.1\ 13.2\ 13.3\ 13.4\ 13.5\ 13.6\ 14.0\ 14.1\ 14.2\ 14.3\ 14.4\ 14.5\ 14.6\ 14.7\ 15.0\ 15.1\ 15.2\ 15.3\ 15.4\ 15.5\ 15.6\ 16.0\ 16.1\ 16.2\ 16.3\ 16.4\ 16.5\ 16.6\ 17.0\ 17.1\ 17.2\ 17.3\ 17.4\ 17.5\ 17.6\ 18.0\ 18.1\ 18.2\ 18.3\ 18.4\ 18.5\ 18.6\ 26.0\ 26.1\ 26.2
    export DERIVED_FILES_DIR\=/Users/viveksarkar/Library/Developer/Xcode/DerivedData/Hatari-crnaywjepgfrrcdspvkwustrehyb/Build/Intermediates.noindex/Pods.build/Debug-iphoneos/react-native-maps.build/DerivedSources
    export DERIVED_FILE_DIR\=/Users/viveksarkar/Library/Developer/Xcode/DerivedData/Hatari-crnaywjepgfrrcdspvkwustrehyb/Build/Intermediates.noindex/Pods.build/Debug-iphoneos/react-native-maps.build/DerivedSources
    export DERIVED_SOURCES_DIR\=/Users/viveksarkar/Library/Developer/Xcode/DerivedData/Hatari-crnaywjepgfrrcdspvkwustrehyb/Build/Intermediates.noindex/Pods.build/Debug-iphoneos/react-native-maps.build/DerivedSources
    export DERIVE_MACCATALYST_PRODUCT_BUNDLE_IDENTIFIER\=NO
    export DEVELOPER_APPLICATIONS_DIR\=/Applications/Xcode.app/Contents/Developer/Applications
    export DEVELOPER_BIN_DIR\=/Applications/Xcode.app/Contents/Developer/usr/bin
    export DEVELOPER_DIR\=/Applications/Xcode.app/Contents/Developer
    export DEVELOPER_FRAMEWORKS_DIR\=/Applications/Xcode.app/Contents/Developer/Library/Frameworks
    export DEVELOPER_FRAMEWORKS_DIR_QUOTED\=/Applications/Xcode.app/Contents/Developer/Library/Frameworks
    export DEVELOPER_LIBRARY_DIR\=/Applications/Xcode.app/Contents/Developer/Library
    export DEVELOPER_SDK_DIR\=/Applications/Xcode.app/Contents/Developer/Platforms/MacOSX.platform/Developer/SDKs
    export DEVELOPER_TOOLS_DIR\=/Applications/Xcode.app/Contents/Developer/Tools
    export DEVELOPER_USR_DIR\=/Applications/Xcode.app/Contents/Developer/usr
    export DEVELOPMENT_LANGUAGE\=en
    export DIAGNOSE_MISSING_TARGET_DEPENDENCIES\=YES
    export DIFF\=/usr/bin/diff
    export DONT_GENERATE_INFOPLIST_FILE\=NO
    export DSTROOT\=/tmp/Pods.dst
    export DT_TOOLCHAIN_DIR\=/Applications/Xcode.app/Contents/Developer/Toolchains/XcodeDefault.xctoolchain
    export DWARF_DSYM_FILE_NAME\=libreact-native-maps.a.dSYM
    export DWARF_DSYM_FILE_SHOULD_ACCOMPANY_PRODUCT\=NO
    export DWARF_DSYM_FOLDER_PATH\=/Users/viveksarkar/Library/Developer/Xcode/DerivedData/Hatari-crnaywjepgfrrcdspvkwustrehyb/Build/Products/Debug-iphoneos/react-native-maps
    export DYNAMIC_LIBRARY_EXTENSION\=dylib
    export EAGER_COMPILATION_ALLOW_SCRIPTS\=NO
    export EAGER_LINKING\=NO
    export EFFECTIVE_PLATFORM_NAME\=-iphoneos
    export EMBEDDED_CONTENT_CONTAINS_SWIFT\=NO
    export EMBEDDED_PROFILE_NAME\=embedded.mobileprovision
    export EMBED_ASSET_PACKS_IN_PRODUCT_BUNDLE\=NO
    export ENABLE_APP_SANDBOX\=NO
    export ENABLE_CODE_COVERAGE\=YES
    export ENABLE_CPLUSPLUS_BOUNDS_SAFE_BUFFERS\=NO
    export ENABLE_C_BOUNDS_SAFETY\=NO
    export ENABLE_DEFAULT_HEADER_SEARCH_PATHS\=YES
    export ENABLE_DEFAULT_SEARCH_PATHS\=YES
    export ENABLE_ENHANCED_SECURITY\=NO
    export ENABLE_HARDENED_RUNTIME\=NO
    export ENABLE_HEADER_DEPENDENCIES\=YES
    export ENABLE_INCOMING_NETWORK_CONNECTIONS\=NO
    export ENABLE_MODULE_VERIFIER\=NO
    export ENABLE_ON_DEMAND_RESOURCES\=NO
    export ENABLE_OUTGOING_NETWORK_CONNECTIONS\=NO
    export ENABLE_POINTER_AUTHENTICATION\=NO
    export ENABLE_PREVIEWS\=NO
    export ENABLE_RESOURCE_ACCESS_AUDIO_INPUT\=NO
    export ENABLE_RESOURCE_ACCESS_BLUETOOTH\=NO
    export ENABLE_RESOURCE_ACCESS_CALENDARS\=NO
    export ENABLE_RESOURCE_ACCESS_CAMERA\=NO
    export ENABLE_RESOURCE_ACCESS_CONTACTS\=NO
    export ENABLE_RESOURCE_ACCESS_LOCATION\=NO
    export ENABLE_RESOURCE_ACCESS_PHOTO_LIBRARY\=NO
    export ENABLE_RESOURCE_ACCESS_PRINTING\=NO
    export ENABLE_RESOURCE_ACCESS_USB\=NO
    export ENABLE_SDK_IMPORTS\=NO
    export ENABLE_SECURITY_COMPILER_WARNINGS\=NO
    export ENABLE_STRICT_OBJC_MSGSEND\=YES
    export ENABLE_TESTABILITY\=YES
    export ENABLE_TESTING_SEARCH_PATHS\=NO
    export ENABLE_USER_SCRIPT_SANDBOXING\=NO
    export ENABLE_XOJIT_PREVIEWS\=YES
    export ENFORCE_VALID_ARCHS\=YES
    export ENTITLEMENTS_DESTINATION\=Signature
    export ENTITLEMENTS_REQUIRED\=YES
    export EXCLUDED_INSTALLSRC_SUBDIRECTORY_PATTERNS\=.DS_Store\ .svn\ .git\ .hg\ CVS
    export EXCLUDED_RECURSIVE_SEARCH_PATH_SUBDIRECTORIES\=\*.nib\ \*.lproj\ \*.framework\ \*.gch\ \*.xcode\*\ \*.xcassets\ \*.icon\ \(\*\)\ .DS_Store\ CVS\ .svn\ .git\ .hg\ \*.pbproj\ \*.pbxproj
    export EXECUTABLE_EXTENSION\=a
    export EXECUTABLE_NAME\=libreact-native-maps.a
    export EXECUTABLE_PATH\=libreact-native-maps.a
    export EXECUTABLE_PREFIX\=lib
    export EXECUTABLE_SUFFIX\=.a
    export FILE_LIST\=/Users/viveksarkar/Library/Developer/Xcode/DerivedData/Hatari-crnaywjepgfrrcdspvkwustrehyb/Build/Intermediates.noindex/Pods.build/Debug-iphoneos/react-native-maps.build/Objects/LinkFileList
    export FIXED_FILES_DIR\=/Users/viveksarkar/Library/Developer/Xcode/DerivedData/Hatari-crnaywjepgfrrcdspvkwustrehyb/Build/Intermediates.noindex/Pods.build/Debug-iphoneos/react-native-maps.build/FixedFiles
    export FRAMEWORK_FLAG_PREFIX\=-framework
    export FRAMEWORK_SEARCH_PATHS\=/Users/viveksarkar/Library/Developer/Xcode/DerivedData/Hatari-crnaywjepgfrrcdspvkwustrehyb/Build/Products/Debug-iphoneos/react-native-maps\ \ \"/Users/viveksarkar/Desktop/Hatari_app/ios/Pods/hermes-engine/destroot/Library/Frameworks/universal\"\ \"/Users/viveksarkar/Library/Developer/Xcode/DerivedData/Hatari-crnaywjepgfrrcdspvkwustrehyb/Build/Products/Debug-iphoneos/XCFrameworkIntermediates/hermes-engine/Pre-built\"
    export FRAMEWORK_VERSION\=A
    export FULL_PRODUCT_NAME\=libreact-native-maps.a
    export FUSE_BUILD_PHASES\=YES
    export FUSE_BUILD_SCRIPT_PHASES\=NO
    export GCC3_VERSION\=3.3
    export GCC_C_LANGUAGE_STANDARD\=gnu11
    export GCC_DYNAMIC_NO_PIC\=NO
    export GCC_NO_COMMON_BLOCKS\=YES
    export GCC_OPTIMIZATION_LEVEL\=0
    export GCC_PFE_FILE_C_DIALECTS\=c\ objective-c\ c++\ objective-c++
    export GCC_PREFIX_HEADER\=Target\ Support\ Files/react-native-maps/react-native-maps-prefix.pch
    export GCC_PREPROCESSOR_DEFINITIONS\=POD_CONFIGURATION_DEBUG\=1\ DEBUG\=1\ \ COCOAPODS\=1
    export GCC_THUMB_SUPPORT\=YES
    export GCC_TREAT_WARNINGS_AS_ERRORS\=NO
    export GCC_VERSION\=com.apple.compilers.llvm.clang.1_0
    export GCC_VERSION_IDENTIFIER\=com_apple_compilers_llvm_clang_1_0
    export GCC_WARN_64_TO_32_BIT_CONVERSION\=YES
    export GCC_WARN_ABOUT_RETURN_TYPE\=YES_ERROR
    export GCC_WARN_UNDECLARED_SELECTOR\=YES
    export GCC_WARN_UNINITIALIZED_AUTOS\=YES_AGGRESSIVE
    export GCC_WARN_UNUSED_FUNCTION\=YES
    export GCC_WARN_UNUSED_VARIABLE\=YES
    export GENERATED_MODULEMAP_DIR\=/Users/viveksarkar/Library/Developer/Xcode/DerivedData/Hatari-crnaywjepgfrrcdspvkwustrehyb/Build/Intermediates.noindex/GeneratedModuleMaps-iphoneos
    export GENERATE_INFOPLIST_FILE\=NO
    export GENERATE_INTERMEDIATE_TEXT_BASED_STUBS\=YES
    export GENERATE_PKGINFO_FILE\=NO
    export GENERATE_PRELINK_OBJECT_FILE\=NO
    export GENERATE_PROFILING_CODE\=NO
    export GENERATE_TEXT_BASED_STUBS\=NO
    export GID\=20
    export GROUP\=staff
    export HEADERMAP_INCLUDES_FLAT_ENTRIES_FOR_TARGET_BEING_BUILT\=YES
    export HEADERMAP_INCLUDES_FRAMEWORK_ENTRIES_FOR_ALL_PRODUCT_TYPES\=YES
    export HEADERMAP_INCLUDES_FRAMEWORK_ENTRIES_FOR_TARGETS_NOT_BEING_BUILT\=YES
    export HEADERMAP_INCLUDES_NONPUBLIC_NONPRIVATE_HEADERS\=YES
    export HEADERMAP_INCLUDES_PROJECT_HEADERS\=YES
    export HEADERMAP_USES_FRAMEWORK_PREFIX_ENTRIES\=YES
    export HEADERMAP_USES_VFS\=NO
    export HEADER_SEARCH_PATHS\=/Users/viveksarkar/Library/Developer/Xcode/DerivedData/Hatari-crnaywjepgfrrcdspvkwustrehyb/Build/Products/Debug-iphoneos/react-native-maps/include\ \ \"/Users/viveksarkar/Desktop/Hatari_app/ios/Pods/Headers/Private\"\ \"/Users/viveksarkar/Desktop/Hatari_app/ios/Pods/Headers/Private/react-native-maps\"\ \"/Users/viveksarkar/Desktop/Hatari_app/ios/Pods/Headers/Public\"\ \"/Users/viveksarkar/Desktop/Hatari_app/ios/Pods/Headers/Public/DoubleConversion\"\ \"/Users/viveksarkar/Desktop/Hatari_app/ios/Pods/Headers/Public/FBLazyVector\"\ \"/Users/viveksarkar/Desktop/Hatari_app/ios/Pods/Headers/Public/RCT-Folly\"\ \"/Users/viveksarkar/Desktop/Hatari_app/ios/Pods/Headers/Public/RCTDeprecation\"\ \"/Users/viveksarkar/Desktop/Hatari_app/ios/Pods/Headers/Public/RCTRequired\"\ \"/Users/viveksarkar/Desktop/Hatari_app/ios/Pods/Headers/Public/RCTTypeSafety\"\ \"/Users/viveksarkar/Desktop/Hatari_app/ios/Pods/Headers/Public/React-Core\"\ \"/Users/viveksarkar/Desktop/Hatari_app/ios/Pods/Headers/Public/React-Fabric\"\ \"/Users/viveksarkar/Desktop/Hatari_app/ios/Pods/Headers/Public/React-FabricComponents\"\ \"/Users/viveksarkar/Desktop/Hatari_app/ios/Pods/Headers/Public/React-FabricImage\"\ \"/Users/viveksarkar/Desktop/Hatari_app/ios/Pods/Headers/Public/React-ImageManager\"\ \"/Users/viveksarkar/Desktop/Hatari_app/ios/Pods/Headers/Public/React-Mapbuffer\"\ \"/Users/viveksarkar/Desktop/Hatari_app/ios/Pods/Headers/Public/React-NativeModulesApple\"\ \"/Users/viveksarkar/Desktop/Hatari_app/ios/Pods/Headers/Public/React-RCTAnimation\"\ \"/Users/viveksarkar/Desktop/Hatari_app/ios/Pods/Headers/Public/React-RCTAppDelegate\"\ \"/Users/viveksarkar/Desktop/Hatari_app/ios/Pods/Headers/Public/React-RCTBlob\"\ \"/Users/viveksarkar/Desktop/Hatari_app/ios/Pods/Headers/Public/React-RCTFBReactNativeSpec\"\ \"/Users/viveksarkar/Desktop/Hatari_app/ios/Pods/Headers/Public/React-RCTFabric\"\ \"/Users/viveksarkar/Desktop/Hatari_app/ios/Pods/Headers/Public/React-RCTRuntime\"\ \"/Users/viveksarkar/Desktop/Hatari_app/ios/Pods/Headers/Public/React-RCTText\"\ \"/Users/viveksarkar/Desktop/Hatari_app/ios/Pods/Headers/Public/React-RuntimeApple\"\ \"/Users/viveksarkar/Desktop/Hatari_app/ios/Pods/Headers/Public/React-RuntimeCore\"\ \"/Users/viveksarkar/Desktop/Hatari_app/ios/Pods/Headers/Public/React-RuntimeHermes\"\ \"/Users/viveksarkar/Desktop/Hatari_app/ios/Pods/Headers/Public/React-callinvoker\"\ \"/Users/viveksarkar/Desktop/Hatari_app/ios/Pods/Headers/Public/React-cxxreact\"\ \"/Users/viveksarkar/Desktop/Hatari_app/ios/Pods/Headers/Public/React-debug\"\ \"/Users/viveksarkar/Desktop/Hatari_app/ios/Pods/Headers/Public/React-defaultsnativemodule\"\ \"/Users/viveksarkar/Desktop/Hatari_app/ios/Pods/Headers/Public/React-domnativemodule\"\ \"/Users/viveksarkar/Desktop/Hatari_app/ios/Pods/Headers/Public/React-featureflags\"\ \"/Users/viveksarkar/Desktop/Hatari_app/ios/Pods/Headers/Public/React-featureflagsnativemodule\"\ \"/Users/viveksarkar/Desktop/Hatari_app/ios/Pods/Headers/Public/React-graphics\"\ \"/Users/viveksarkar/Desktop/Hatari_app/ios/Pods/Headers/Public/React-hermes\"\ \"/Users/viveksarkar/Desktop/Hatari_app/ios/Pods/Headers/Public/React-idlecallbacksnativemodule\"\ \"/Users/viveksarkar/Desktop/Hatari_app/ios/Pods/Headers/Public/React-jserrorhandler\"\ \"/Users/viveksarkar/Desktop/Hatari_app/ios/Pods/Headers/Public/React-jsi\"\ \"/Users/viveksarkar/Desktop/Hatari_app/ios/Pods/Headers/Public/React-jsiexecutor\"\ \"/Users/viveksarkar/Desktop/Hatari_app/ios/Pods/Headers/Public/React-jsinspector\"\ \"/Users/viveksarkar/Desktop/Hatari_app/ios/Pods/Headers/Public/React-jsinspectortracing\"\ \"/Users/viveksarkar/Desktop/Hatari_app/ios/Pods/Headers/Public/React-jsitooling\"\ \"/Users/viveksarkar/Desktop/Hatari_app/ios/Pods/Headers/Public/React-logger\"\ \"/Users/viveksarkar/Desktop/Hatari_app/ios/Pods/Headers/Public/React-microtasksnativemodule\"\ \"/Users/viveksarkar/Desktop/Hatari_app/ios/Pods/Headers/Public/React-oscompat\"\ \"/Users/viveksarkar/Desktop/Hatari_app/ios/Pods/Headers/Public/React-perflogger\"\ \"/Users/viveksarkar/Desktop/Hatari_app/ios/Pods/Headers/Public/React-performancetimeline\"\ \"/Users/viveksarkar/Desktop/Hatari_app/ios/Pods/Headers/Public/React-rendererconsistency\"\ \"/Users/viveksarkar/Desktop/Hatari_app/ios/Pods/Headers/Public/React-renderercss\"\ \"/Users/viveksarkar/Desktop/Hatari_app/ios/Pods/Headers/Public/React-rendererdebug\"\ \"/Users/viveksarkar/Desktop/Hatari_app/ios/Pods/Headers/Public/React-runtimeexecutor\"\ \"/Users/viveksarkar/Desktop/Hatari_app/ios/Pods/Headers/Public/React-runtimescheduler\"\ \"/Users/viveksarkar/Desktop/Hatari_app/ios/Pods/Headers/Public/React-timing\"\ \"/Users/viveksarkar/Desktop/Hatari_app/ios/Pods/Headers/Public/React-utils\"\ \"/Users/viveksarkar/Desktop/Hatari_app/ios/Pods/Headers/Public/ReactCodegen\"\ \"/Users/viveksarkar/Desktop/Hatari_app/ios/Pods/Headers/Public/ReactCommon\"\ \"/Users/viveksarkar/Desktop/Hatari_app/ios/Pods/Headers/Public/SocketRocket\"\ \"/Users/viveksarkar/Desktop/Hatari_app/ios/Pods/Headers/Public/Yoga\"\ \"/Users/viveksarkar/Desktop/Hatari_app/ios/Pods/Headers/Public/boost\"\ \"/Users/viveksarkar/Desktop/Hatari_app/ios/Pods/Headers/Public/fast_float\"\ \"/Users/viveksarkar/Desktop/Hatari_app/ios/Pods/Headers/Public/fmt\"\ \"/Users/viveksarkar/Desktop/Hatari_app/ios/Pods/Headers/Public/glog\"\ \"/Users/viveksarkar/Desktop/Hatari_app/ios/Pods/Headers/Public/hermes-engine\"\ \"/Users/viveksarkar/Desktop/Hatari_app/ios/Pods/Headers/Public/react-native-maps\"\ \"/Users/viveksarkar/Desktop/Hatari_app/ios/Pods/boost\"\ \"/Users/viveksarkar/Desktop/Hatari_app/ios/Pods/Headers/Private/Yoga\"
    export HOME\=/Users/viveksarkar
    export HOST_ARCH\=arm64
    export HOST_PLATFORM\=macosx
    export ICONV\=/usr/bin/iconv
    export IMPLICIT_DEPENDENCY_DOMAIN\=default
    export INFOPLIST_ENABLE_CFBUNDLEICONS_MERGE\=YES
    export INFOPLIST_EXPAND_BUILD_SETTINGS\=YES
    export INFOPLIST_OUTPUT_FORMAT\=binary
    export INFOPLIST_PREPROCESS\=NO
    export INLINE_PRIVATE_FRAMEWORKS\=NO
    export INSTALLAPI_IGNORE_SKIP_INSTALL\=YES
    export INSTALLHDRS_COPY_PHASE\=NO
    export INSTALLHDRS_SCRIPT_PHASE\=NO
    export INSTALL_DIR\=/tmp/Pods.dst/usr/local/lib
    export INSTALL_GROUP\=staff
    export INSTALL_MODE_FLAG\=u+w,go-w,a+rX
    export INSTALL_OWNER\=viveksarkar
    export INSTALL_PATH\=/usr/local/lib
    export INSTALL_ROOT\=/tmp/Pods.dst
    export IPHONEOS_DEPLOYMENT_TARGET\=15.1
    export IS_UNOPTIMIZED_BUILD\=YES
    export JAVAC_DEFAULT_FLAGS\=-J-Xms64m\ -J-XX:NewSize\=4M\ -J-Dfile.encoding\=UTF8
    export JAVA_APP_STUB\=/System/Library/Frameworks/JavaVM.framework/Resources/MacOS/JavaApplicationStub
    export JAVA_ARCHIVE_CLASSES\=YES
    export JAVA_ARCHIVE_TYPE\=JAR
    export JAVA_COMPILER\=/usr/bin/javac
    export JAVA_FRAMEWORK_RESOURCES_DIRS\=Resources
    export JAVA_JAR_FLAGS\=cv
    export JAVA_SOURCE_SUBDIR\=.
    export JAVA_USE_DEPENDENCIES\=YES
    export JAVA_ZIP_FLAGS\=-urg
    export JIKES_DEFAULT_FLAGS\=+E\ +OLDCSO
    export KASAN_CFLAGS_CLASSIC\=-DKASAN\=1\ -DKASAN_CLASSIC\=1\ -fsanitize\=address\ -mllvm\ -asan-globals-live-support\ -mllvm\ -asan-force-dynamic-shadow
    export KASAN_CFLAGS_TBI\=-DKASAN\=1\ -DKASAN_TBI\=1\ -fsanitize\=kernel-hwaddress\ -mllvm\ -hwasan-recover\=0\ -mllvm\ -hwasan-instrument-atomics\=0\ -mllvm\ -hwasan-instrument-stack\=1\ -mllvm\ -hwasan-generate-tags-with-calls\=1\ -mllvm\ -hwasan-instrument-with-calls\=1\ -mllvm\ -hwasan-use-short-granules\=0\ -mllvm\ -hwasan-memory-access-callback-prefix\=__asan_
    export KASAN_DEFAULT_CFLAGS\=-DKASAN\=1\ -DKASAN_CLASSIC\=1\ -fsanitize\=address\ -mllvm\ -asan-globals-live-support\ -mllvm\ -asan-force-dynamic-shadow
    export KEEP_PRIVATE_EXTERNS\=NO
    export LD_DEPENDENCY_INFO_FILE\=/Users/viveksarkar/Library/Developer/Xcode/DerivedData/Hatari-crnaywjepgfrrcdspvkwustrehyb/Build/Intermediates.noindex/Pods.build/Debug-iphoneos/react-native-maps.build/Objects-normal/undefined_arch/react-native-maps_dependency_info.dat
    export LD_EXPORT_SYMBOLS\=YES
    export LD_GENERATE_MAP_FILE\=NO
    export LD_MAP_FILE_PATH\=/Users/viveksarkar/Library/Developer/Xcode/DerivedData/Hatari-crnaywjepgfrrcdspvkwustrehyb/Build/Intermediates.noindex/Pods.build/Debug-iphoneos/react-native-maps.build/react-native-maps-LinkMap-normal-undefined_arch.txt
    export LD_NO_PIE\=NO
    export LD_QUOTE_LINKER_ARGUMENTS_FOR_COMPILER_DRIVER\=YES
    export LD_SHARED_CACHE_ELIGIBLE\=Automatic
    export LD_WARN_DUPLICATE_LIBRARIES\=NO
    export LD_WARN_UNUSED_DYLIBS\=NO
    export LEGACY_DEVELOPER_DIR\=/Applications/Xcode.app/Contents/PlugIns/Xcode3Core.ideplugin/Contents/SharedSupport/Developer
    export LEX\=lex
    export LIBRARY_DEXT_INSTALL_PATH\=/Library/DriverExtensions
    export LIBRARY_FLAG_NOSPACE\=YES
    export LIBRARY_FLAG_PREFIX\=-l
    export LIBRARY_KEXT_INSTALL_PATH\=/Library/Extensions
    export LIBRARY_SEARCH_PATHS\=/Users/viveksarkar/Library/Developer/Xcode/DerivedData/Hatari-crnaywjepgfrrcdspvkwustrehyb/Build/Products/Debug-iphoneos/react-native-maps\ 
    export LINKER_DISPLAYS_MANGLED_NAMES\=NO
    export LINK_FILE_LIST_normal_arm64\=/Users/viveksarkar/Library/Developer/Xcode/DerivedData/Hatari-crnaywjepgfrrcdspvkwustrehyb/Build/Intermediates.noindex/Pods.build/Debug-iphoneos/react-native-maps.build/Objects-normal/arm64/react-native-maps.LinkFileList
    export LINK_OBJC_RUNTIME\=YES
    export LINK_WITH_STANDARD_LIBRARIES\=YES
    export LLVM_TARGET_TRIPLE_OS_VERSION\=ios15.1
    export LLVM_TARGET_TRIPLE_VENDOR\=apple
    export LM_AUX_CONST_METADATA_LIST_PATH_normal_arm64\=/Users/viveksarkar/Library/Developer/Xcode/DerivedData/Hatari-crnaywjepgfrrcdspvkwustrehyb/Build/Intermediates.noindex/Pods.build/Debug-iphoneos/react-native-maps.build/Objects-normal/arm64/react-native-maps.SwiftConstValuesFileList
    export LOCALIZATION_EXPORT_SUPPORTED\=YES
    export LOCALIZATION_PREFERS_STRING_CATALOGS\=NO
    export LOCALIZED_STRING_MACRO_NAMES\=NSLocalizedString\ CFCopyLocalizedString
    export LOCALIZED_STRING_SWIFTUI_SUPPORT\=YES
    export LOCAL_ADMIN_APPS_DIR\=/Applications/Utilities
    export LOCAL_APPS_DIR\=/Applications
    export LOCAL_DEVELOPER_DIR\=/Library/Developer
    export LOCAL_LIBRARY_DIR\=/Library
    export LOCROOT\=/Users/viveksarkar/Desktop/Hatari_app/ios/Pods
    export LOCSYMROOT\=/Users/viveksarkar/Desktop/Hatari_app/ios/Pods
    export MACH_O_TYPE\=staticlib
    export MAC_OS_X_PRODUCT_BUILD_VERSION\=25C56
    export MAC_OS_X_VERSION_ACTUAL\=260200
    export MAC_OS_X_VERSION_MAJOR\=260000
    export MAC_OS_X_VERSION_MINOR\=260200
    export MAKE_MERGEABLE\=NO
    export MERGEABLE_LIBRARY\=NO
    export MERGED_BINARY_TYPE\=none
    export MERGE_LINKED_LIBRARIES\=NO
    export METAL_LIBRARY_FILE_BASE\=default
    export METAL_LIBRARY_OUTPUT_DIR\=/Users/viveksarkar/Library/Developer/Xcode/DerivedData/Hatari-crnaywjepgfrrcdspvkwustrehyb/Build/Products/Debug-iphoneos/react-native-maps/
    export MODULE_CACHE_DIR\=/Users/viveksarkar/Library/Developer/Xcode/DerivedData/ModuleCache.noindex
    export MTL_ENABLE_DEBUG_INFO\=INCLUDE_SOURCE
    export MTL_FAST_MATH\=YES
    export NATIVE_ARCH\=arm64
    export NATIVE_ARCH_32_BIT\=arm
    export NATIVE_ARCH_64_BIT\=arm64
    export NATIVE_ARCH_ACTUAL\=arm64
    export NO_COMMON\=YES
    export OBJECT_FILE_DIR\=/Users/viveksarkar/Library/Developer/Xcode/DerivedData/Hatari-crnaywjepgfrrcdspvkwustrehyb/Build/Intermediates.noindex/Pods.build/Debug-iphoneos/react-native-maps.build/Objects
    export OBJECT_FILE_DIR_normal\=/Users/viveksarkar/Library/Developer/Xcode/DerivedData/Hatari-crnaywjepgfrrcdspvkwustrehyb/Build/Intermediates.noindex/Pods.build/Debug-iphoneos/react-native-maps.build/Objects-normal
    export OBJROOT\=/Users/viveksarkar/Library/Developer/Xcode/DerivedData/Hatari-crnaywjepgfrrcdspvkwustrehyb/Build/Intermediates.noindex
    export ONLY_ACTIVE_ARCH\=NO
    export OS\=MACOS
    export OSAC\=/usr/bin/osacompile
    export OTHER_CFLAGS\=\ -fmodule-map-file\=\"/Users/viveksarkar/Desktop/Hatari_app/ios/Pods/Headers/Public/DoubleConversion/DoubleConversion.modulemap\"\ -fmodule-map-file\=\"/Users/viveksarkar/Desktop/Hatari_app/ios/Pods/Headers/Public/RCTDeprecation/RCTDeprecation.modulemap\"\ -fmodule-map-file\=\"/Users/viveksarkar/Desktop/Hatari_app/ios/Pods/Headers/Public/RCTFabric/React-RCTFabric.modulemap\"\ -fmodule-map-file\=\"/Users/viveksarkar/Desktop/Hatari_app/ios/Pods/Headers/Public/RCTRuntime/React-RCTRuntime.modulemap\"\ -fmodule-map-file\=\"/Users/viveksarkar/Desktop/Hatari_app/ios/Pods/Headers/Public/RCTTypeSafety/RCTTypeSafety.modulemap\"\ -fmodule-map-file\=\"/Users/viveksarkar/Desktop/Hatari_app/ios/Pods/Headers/Public/React/React-Core.modulemap\"\ -fmodule-map-file\=\"/Users/viveksarkar/Desktop/Hatari_app/ios/Pods/Headers/Public/ReactCodegen/ReactCodegen.modulemap\"\ -fmodule-map-file\=\"/Users/viveksarkar/Desktop/Hatari_app/ios/Pods/Headers/Public/ReactCommon/ReactCommon.modulemap\"\ -fmodule-map-file\=\"/Users/viveksarkar/Desktop/Hatari_app/ios/Pods/Headers/Public/React_Fabric/React-Fabric.modulemap\"\ -fmodule-map-file\=\"/Users/viveksarkar/Desktop/Hatari_app/ios/Pods/Headers/Public/React_FabricComponents/React-FabricComponents.modulemap\"\ -fmodule-map-file\=\"/Users/viveksarkar/Desktop/Hatari_app/ios/Pods/Headers/Public/React_NativeModulesApple/React-NativeModulesApple.modulemap\"\ -fmodule-map-file\=\"/Users/viveksarkar/Desktop/Hatari_app/ios/Pods/Headers/Public/React_RCTAppDelegate/React-RCTAppDelegate.modulemap\"\ -fmodule-map-file\=\"/Users/viveksarkar/Desktop/Hatari_app/ios/Pods/Headers/Public/folly/RCT-Folly.modulemap\"\ -fmodule-map-file\=\"/Users/viveksarkar/Desktop/Hatari_app/ios/Pods/Headers/Public/glog/glog.modulemap\"\ -fmodule-map-file\=\"/Users/viveksarkar/Desktop/Hatari_app/ios/Pods/Headers/Public/jsi/React-jsi.modulemap\"\ -fmodule-map-file\=\"/Users/viveksarkar/Desktop/Hatari_app/ios/Pods/Headers/Public/jsinspector_modern/React-jsinspector.modulemap\"\ -fmodule-map-file\=\"/Users/viveksarkar/Desktop/Hatari_app/ios/Pods/Headers/Public/jsinspector_modern_tracing/React-jsinspectortracing.modulemap\"\ -fmodule-map-file\=\"/Users/viveksarkar/Desktop/Hatari_app/ios/Pods/Headers/Public/react_debug/React-debug.modulemap\"\ -fmodule-map-file\=\"/Users/viveksarkar/Desktop/Hatari_app/ios/Pods/Headers/Public/react_featureflags/React-featureflags.modulemap\"\ -fmodule-map-file\=\"/Users/viveksarkar/Desktop/Hatari_app/ios/Pods/Headers/Public/react_nativemodule_defaults/React-defaultsnativemodule.modulemap\"\ -fmodule-map-file\=\"/Users/viveksarkar/Desktop/Hatari_app/ios/Pods/Headers/Public/react_nativemodule_dom/React-domnativemodule.modulemap\"\ -fmodule-map-file\=\"/Users/viveksarkar/Desktop/Hatari_app/ios/Pods/Headers/Public/react_nativemodule_featureflags/React-featureflagsnativemodule.modulemap\"\ -fmodule-map-file\=\"/Users/viveksarkar/Desktop/Hatari_app/ios/Pods/Headers/Public/react_nativemodule_idlecallbacks/React-idlecallbacksnativemodule.modulemap\"\ -fmodule-map-file\=\"/Users/viveksarkar/Desktop/Hatari_app/ios/Pods/Headers/Public/react_nativemodule_microtasks/React-microtasksnativemodule.modulemap\"\ -fmodule-map-file\=\"/Users/viveksarkar/Desktop/Hatari_app/ios/Pods/Headers/Public/react_renderer_css/React-renderercss.modulemap\"\ -fmodule-map-file\=\"/Users/viveksarkar/Desktop/Hatari_app/ios/Pods/Headers/Public/react_renderer_debug/React-rendererdebug.modulemap\"\ -fmodule-map-file\=\"/Users/viveksarkar/Desktop/Hatari_app/ios/Pods/Headers/Public/react_renderer_graphics/React-graphics.modulemap\"\ -fmodule-map-file\=\"/Users/viveksarkar/Desktop/Hatari_app/ios/Pods/Headers/Public/react_renderer_imagemanager/React-ImageManager.modulemap\"\ -fmodule-map-file\=\"/Users/viveksarkar/Desktop/Hatari_app/ios/Pods/Headers/Public/react_runtime/React-jsitooling.modulemap\"\ -fmodule-map-file\=\"/Users/viveksarkar/Desktop/Hatari_app/ios/Pods/Headers/Public/react_utils/React-utils.modulemap\"\ -fmodule-map-file\=\"/Users/viveksarkar/Desktop/Hatari_app/ios/Pods/Headers/Public/reacthermes/React-hermes.modulemap\"\ -fmodule-map-file\=\"/Users/viveksarkar/Desktop/Hatari_app/ios/Pods/Headers/Public/yoga/Yoga.modulemap\"
    export OTHER_CPLUSPLUSFLAGS\=\ -fmodule-map-file\=\"/Users/viveksarkar/Desktop/Hatari_app/ios/Pods/Headers/Public/DoubleConversion/DoubleConversion.modulemap\"\ -fmodule-map-file\=\"/Users/viveksarkar/Desktop/Hatari_app/ios/Pods/Headers/Public/RCTDeprecation/RCTDeprecation.modulemap\"\ -fmodule-map-file\=\"/Users/viveksarkar/Desktop/Hatari_app/ios/Pods/Headers/Public/RCTFabric/React-RCTFabric.modulemap\"\ -fmodule-map-file\=\"/Users/viveksarkar/Desktop/Hatari_app/ios/Pods/Headers/Public/RCTRuntime/React-RCTRuntime.modulemap\"\ -fmodule-map-file\=\"/Users/viveksarkar/Desktop/Hatari_app/ios/Pods/Headers/Public/RCTTypeSafety/RCTTypeSafety.modulemap\"\ -fmodule-map-file\=\"/Users/viveksarkar/Desktop/Hatari_app/ios/Pods/Headers/Public/React/React-Core.modulemap\"\ -fmodule-map-file\=\"/Users/viveksarkar/Desktop/Hatari_app/ios/Pods/Headers/Public/ReactCodegen/ReactCodegen.modulemap\"\ -fmodule-map-file\=\"/Users/viveksarkar/Desktop/Hatari_app/ios/Pods/Headers/Public/ReactCommon/ReactCommon.modulemap\"\ -fmodule-map-file\=\"/Users/viveksarkar/Desktop/Hatari_app/ios/Pods/Headers/Public/React_Fabric/React-Fabric.modulemap\"\ -fmodule-map-file\=\"/Users/viveksarkar/Desktop/Hatari_app/ios/Pods/Headers/Public/React_FabricComponents/React-FabricComponents.modulemap\"\ -fmodule-map-file\=\"/Users/viveksarkar/Desktop/Hatari_app/ios/Pods/Headers/Public/React_NativeModulesApple/React-NativeModulesApple.modulemap\"\ -fmodule-map-file\=\"/Users/viveksarkar/Desktop/Hatari_app/ios/Pods/Headers/Public/React_RCTAppDelegate/React-RCTAppDelegate.modulemap\"\ -fmodule-map-file\=\"/Users/viveksarkar/Desktop/Hatari_app/ios/Pods/Headers/Public/folly/RCT-Folly.modulemap\"\ -fmodule-map-file\=\"/Users/viveksarkar/Desktop/Hatari_app/ios/Pods/Headers/Public/glog/glog.modulemap\"\ -fmodule-map-file\=\"/Users/viveksarkar/Desktop/Hatari_app/ios/Pods/Headers/Public/jsi/React-jsi.modulemap\"\ -fmodule-map-file\=\"/Users/viveksarkar/Desktop/Hatari_app/ios/Pods/Headers/Public/jsinspector_modern/React-jsinspector.modulemap\"\ -fmodule-map-file\=\"/Users/viveksarkar/Desktop/Hatari_app/ios/Pods/Headers/Public/jsinspector_modern_tracing/React-jsinspectortracing.modulemap\"\ -fmodule-map-file\=\"/Users/viveksarkar/Desktop/Hatari_app/ios/Pods/Headers/Public/react_debug/React-debug.modulemap\"\ -fmodule-map-file\=\"/Users/viveksarkar/Desktop/Hatari_app/ios/Pods/Headers/Public/react_featureflags/React-featureflags.modulemap\"\ -fmodule-map-file\=\"/Users/viveksarkar/Desktop/Hatari_app/ios/Pods/Headers/Public/react_nativemodule_defaults/React-defaultsnativemodule.modulemap\"\ -fmodule-map-file\=\"/Users/viveksarkar/Desktop/Hatari_app/ios/Pods/Headers/Public/react_nativemodule_dom/React-domnativemodule.modulemap\"\ -fmodule-map-file\=\"/Users/viveksarkar/Desktop/Hatari_app/ios/Pods/Headers/Public/react_nativemodule_featureflags/React-featureflagsnativemodule.modulemap\"\ -fmodule-map-file\=\"/Users/viveksarkar/Desktop/Hatari_app/ios/Pods/Headers/Public/react_nativemodule_idlecallbacks/React-idlecallbacksnativemodule.modulemap\"\ -fmodule-map-file\=\"/Users/viveksarkar/Desktop/Hatari_app/ios/Pods/Headers/Public/react_nativemodule_microtasks/React-microtasksnativemodule.modulemap\"\ -fmodule-map-file\=\"/Users/viveksarkar/Desktop/Hatari_app/ios/Pods/Headers/Public/react_renderer_css/React-renderercss.modulemap\"\ -fmodule-map-file\=\"/Users/viveksarkar/Desktop/Hatari_app/ios/Pods/Headers/Public/react_renderer_debug/React-rendererdebug.modulemap\"\ -fmodule-map-file\=\"/Users/viveksarkar/Desktop/Hatari_app/ios/Pods/Headers/Public/react_renderer_graphics/React-graphics.modulemap\"\ -fmodule-map-file\=\"/Users/viveksarkar/Desktop/Hatari_app/ios/Pods/Headers/Public/react_renderer_imagemanager/React-ImageManager.modulemap\"\ -fmodule-map-file\=\"/Users/viveksarkar/Desktop/Hatari_app/ios/Pods/Headers/Public/react_runtime/React-jsitooling.modulemap\"\ -fmodule-map-file\=\"/Users/viveksarkar/Desktop/Hatari_app/ios/Pods/Headers/Public/react_utils/React-utils.modulemap\"\ -fmodule-map-file\=\"/Users/viveksarkar/Desktop/Hatari_app/ios/Pods/Headers/Public/reacthermes/React-hermes.modulemap\"\ -fmodule-map-file\=\"/Users/viveksarkar/Desktop/Hatari_app/ios/Pods/Headers/Public/yoga/Yoga.modulemap\"\ -DFOLLY_NO_CONFIG\ -DFOLLY_MOBILE\=1\ -DFOLLY_USE_LIBCPP\=1\ -DFOLLY_CFG_NO_COROUTINES\=1\ -DFOLLY_HAVE_CLOCK_GETTIME\=1\ -Wno-comma\ -Wno-shorten-64-to-32
    export PACKAGE_TYPE\=com.apple.package-type.static-library
    export PASCAL_STRINGS\=YES
    export PATH\=/Applications/Xcode.app/Contents/SharedFrameworks/SwiftBuild.framework/Versions/A/PlugIns/SWBBuildService.bundle/Contents/PlugIns/SWBUniversalPlatformPlugin.bundle/Contents/Frameworks/SWBUniversalPlatform.framework/Resources:/Applications/Xcode.app/Contents/Developer/Toolchains/XcodeDefault.xctoolchain/usr/bin:/Applications/Xcode.app/Contents/Developer/Toolchains/XcodeDefault.xctoolchain/usr/local/bin:/Applications/Xcode.app/Contents/Developer/Toolchains/XcodeDefault.xctoolchain/usr/libexec:/Applications/Xcode.app/Contents/Developer/Platforms/iPhoneOS.platform/usr/bin:/Applications/Xcode.app/Contents/Developer/Platforms/iPhoneOS.platform/usr/local/bin:/Applications/Xcode.app/Contents/Developer/Platforms/iPhoneOS.platform/Developer/usr/bin:/Applications/Xcode.app/Contents/Developer/Platforms/iPhoneOS.platform/Developer/usr/local/bin:/Applications/Xcode.app/Contents/Developer/usr/bin:/Applications/Xcode.app/Contents/Developer/usr/local/bin:/Users/viveksarkar/Library/Application\ Support/Code/User/globalStorage/github.copilot-chat/debugCommand:/Users/viveksarkar/Library/Application\ Support/Code/User/globalStorage/github.copilot-chat/copilotCli:/opt/homebrew/bin:/opt/homebrew/sbin:/usr/local/bin:/System/Cryptexes/App/usr/bin:/usr/bin:/bin:/usr/sbin:/sbin:/var/run/com.apple.security.cryptexd/codex.system/bootstrap/usr/local/bin:/var/run/com.apple.security.cryptexd/codex.system/bootstrap/usr/bin:/var/run/com.apple.security.cryptexd/codex.system/bootstrap/usr/appleinternal/bin:/opt/pmk/env/global/bin:/Library/Apple/usr/bin
    export PATH_PREFIXES_EXCLUDED_FROM_HEADER_DEPENDENCIES\=/usr/include\ /usr/local/include\ /System/Library/Frameworks\ /System/Library/PrivateFrameworks\ /Applications/Xcode.app/Contents/Developer/Headers\ /Applications/Xcode.app/Contents/Developer/SDKs\ /Applications/Xcode.app/Contents/Developer/Platforms
    export PER_ARCH_MODULE_FILE_DIR\=/Users/viveksarkar/Library/Developer/Xcode/DerivedData/Hatari-crnaywjepgfrrcdspvkwustrehyb/Build/Intermediates.noindex/Pods.build/Debug-iphoneos/react-native-maps.build/Objects-normal/undefined_arch
    export PER_ARCH_OBJECT_FILE_DIR\=/Users/viveksarkar/Library/Developer/Xcode/DerivedData/Hatari-crnaywjepgfrrcdspvkwustrehyb/Build/Intermediates.noindex/Pods.build/Debug-iphoneos/react-native-maps.build/Objects-normal/undefined_arch
    export PER_VARIANT_OBJECT_FILE_DIR\=/Users/viveksarkar/Library/Developer/Xcode/DerivedData/Hatari-crnaywjepgfrrcdspvkwustrehyb/Build/Intermediates.noindex/Pods.build/Debug-iphoneos/react-native-maps.build/Objects-normal
    export PKGINFO_FILE_PATH\=/Users/viveksarkar/Library/Developer/Xcode/DerivedData/Hatari-crnaywjepgfrrcdspvkwustrehyb/Build/Intermediates.noindex/Pods.build/Debug-iphoneos/react-native-maps.build/PkgInfo
    export PLATFORM_DEVELOPER_APPLICATIONS_DIR\=/Applications/Xcode.app/Contents/Developer/Platforms/iPhoneOS.platform/Developer/Applications
    export PLATFORM_DEVELOPER_BIN_DIR\=/Applications/Xcode.app/Contents/Developer/Platforms/iPhoneOS.platform/Developer/usr/bin
    export PLATFORM_DEVELOPER_LIBRARY_DIR\=/Applications/Xcode.app/Contents/Developer/Platforms/iPhoneOS.platform/Developer/Library
    export PLATFORM_DEVELOPER_SDK_DIR\=/Applications/Xcode.app/Contents/Developer/Platforms/iPhoneOS.platform/Developer/SDKs
    export PLATFORM_DEVELOPER_TOOLS_DIR\=/Applications/Xcode.app/Contents/Developer/Platforms/iPhoneOS.platform/Developer/Tools
    export PLATFORM_DEVELOPER_USR_DIR\=/Applications/Xcode.app/Contents/Developer/Platforms/iPhoneOS.platform/Developer/usr
    export PLATFORM_DIR\=/Applications/Xcode.app/Contents/Developer/Platforms/iPhoneOS.platform
    export PLATFORM_DISPLAY_NAME\=iOS
    export PLATFORM_FAMILY_NAME\=iOS
    export PLATFORM_NAME\=iphoneos
    export PLATFORM_PREFERRED_ARCH\=arm64
    export PLATFORM_PRODUCT_BUILD_VERSION\=23C53
    export PLATFORM_REQUIRES_SWIFT_AUTOLINK_EXTRACT\=NO
    export PLATFORM_REQUIRES_SWIFT_MODULEWRAP\=NO
    export PLIST_FILE_OUTPUT_FORMAT\=binary
    export PODS_BUILD_DIR\=/Users/viveksarkar/Library/Developer/Xcode/DerivedData/Hatari-crnaywjepgfrrcdspvkwustrehyb/Build/Products
    export PODS_CONFIGURATION_BUILD_DIR\=/Users/viveksarkar/Library/Developer/Xcode/DerivedData/Hatari-crnaywjepgfrrcdspvkwustrehyb/Build/Products/Debug-iphoneos
    export PODS_DEVELOPMENT_LANGUAGE\=en
    export PODS_ROOT\=/Users/viveksarkar/Desktop/Hatari_app/ios/Pods
    export PODS_TARGET_SRCROOT\=/Users/viveksarkar/Desktop/Hatari_app/ios/Pods/../../node_modules/react-native-maps
    export PODS_XCFRAMEWORKS_BUILD_DIR\=/Users/viveksarkar/Library/Developer/Xcode/DerivedData/Hatari-crnaywjepgfrrcdspvkwustrehyb/Build/Products/Debug-iphoneos/XCFrameworkIntermediates
    export PRECOMPS_INCLUDE_HEADERS_FROM_BUILT_PRODUCTS_DIR\=YES
    export PRECOMP_DESTINATION_DIR\=/Users/viveksarkar/Library/Developer/Xcode/DerivedData/Hatari-crnaywjepgfrrcdspvkwustrehyb/Build/Intermediates.noindex/Pods.build/Debug-iphoneos/react-native-maps.build/PrefixHeaders
    export PROCESSED_INFOPLIST_PATH\=/Users/viveksarkar/Library/Developer/Xcode/DerivedData/Hatari-crnaywjepgfrrcdspvkwustrehyb/Build/Intermediates.noindex/Pods.build/Debug-iphoneos/react-native-maps.build/Objects-normal/undefined_arch/Processed-Info.plist
    export PRODUCT_BUNDLE_IDENTIFIER\=org.cocoapods.react-native-maps
    export PRODUCT_MODULE_NAME\=ReactNativeMaps
    export PRODUCT_NAME\=react-native-maps
    export PRODUCT_SETTINGS_PATH\=
    export PRODUCT_TYPE\=com.apple.product-type.library.static
    export PROFILING_CODE\=NO
    export PROJECT\=Pods
    export PROJECT_DERIVED_FILE_DIR\=/Users/viveksarkar/Library/Developer/Xcode/DerivedData/Hatari-crnaywjepgfrrcdspvkwustrehyb/Build/Intermediates.noindex/Pods.build/DerivedSources
    export PROJECT_DIR\=/Users/viveksarkar/Desktop/Hatari_app/ios/Pods
    export PROJECT_FILE_PATH\=/Users/viveksarkar/Desktop/Hatari_app/ios/Pods/Pods.xcodeproj
    export PROJECT_GUID\=8699adb1dd336b26511df848a716bd42
    export PROJECT_NAME\=Pods
    export PROJECT_TEMP_DIR\=/Users/viveksarkar/Library/Developer/Xcode/DerivedData/Hatari-crnaywjepgfrrcdspvkwustrehyb/Build/Intermediates.noindex/Pods.build
    export PROJECT_TEMP_ROOT\=/Users/viveksarkar/Library/Developer/Xcode/DerivedData/Hatari-crnaywjepgfrrcdspvkwustrehyb/Build/Intermediates.noindex
    export REACT_NATIVE_PATH\=/Users/viveksarkar/Desktop/Hatari_app/ios/Pods/../../node_modules/react-native
    export RECOMMENDED_IPHONEOS_DEPLOYMENT_TARGET\=15.0
    export RECURSIVE_SEARCH_PATHS_FOLLOW_SYMLINKS\=YES
    export REMOVE_CVS_FROM_RESOURCES\=YES
    export REMOVE_GIT_FROM_RESOURCES\=YES
    export REMOVE_HEADERS_FROM_EMBEDDED_BUNDLES\=YES
    export REMOVE_HG_FROM_RESOURCES\=YES
    export REMOVE_STATIC_EXECUTABLES_FROM_EMBEDDED_BUNDLES\=YES
    export REMOVE_SVN_FROM_RESOURCES\=YES
    export RESCHEDULE_INDEPENDENT_HEADERS_PHASES\=YES
    export REZ_COLLECTOR_DIR\=/Users/viveksarkar/Library/Developer/Xcode/DerivedData/Hatari-crnaywjepgfrrcdspvkwustrehyb/Build/Intermediates.noindex/Pods.build/Debug-iphoneos/react-native-maps.build/ResourceManagerResources
    export REZ_EXECUTABLE\=YES
    export REZ_OBJECTS_DIR\=/Users/viveksarkar/Library/Developer/Xcode/DerivedData/Hatari-crnaywjepgfrrcdspvkwustrehyb/Build/Intermediates.noindex/Pods.build/Debug-iphoneos/react-native-maps.build/ResourceManagerResources/Objects
    export REZ_SEARCH_PATHS\=/Users/viveksarkar/Library/Developer/Xcode/DerivedData/Hatari-crnaywjepgfrrcdspvkwustrehyb/Build/Products/Debug-iphoneos/react-native-maps\ 
    export RUNTIME_EXCEPTION_ALLOW_DYLD_ENVIRONMENT_VARIABLES\=NO
    export RUNTIME_EXCEPTION_ALLOW_JIT\=NO
    export RUNTIME_EXCEPTION_ALLOW_UNSIGNED_EXECUTABLE_MEMORY\=NO
    export RUNTIME_EXCEPTION_DEBUGGING_TOOL\=NO
    export RUNTIME_EXCEPTION_DISABLE_EXECUTABLE_PAGE_PROTECTION\=NO
    export RUNTIME_EXCEPTION_DISABLE_LIBRARY_VALIDATION\=NO
    export SCAN_ALL_SOURCE_FILES_FOR_INCLUDES\=NO
    export SCRIPT_INPUT_FILE_COUNT\=0
    export SCRIPT_INPUT_FILE_LIST_COUNT\=0
    export SCRIPT_OUTPUT_FILE_COUNT\=0
    export SCRIPT_OUTPUT_FILE_LIST_COUNT\=0
    export SDKROOT\=/Applications/Xcode.app/Contents/Developer/Platforms/iPhoneOS.platform/Developer/SDKs/iPhoneOS26.2.sdk
    export SDK_DIR\=/Applications/Xcode.app/Contents/Developer/Platforms/iPhoneOS.platform/Developer/SDKs/iPhoneOS26.2.sdk
    export SDK_DIR_iphoneos\=/Applications/Xcode.app/Contents/Developer/Platforms/iPhoneOS.platform/Developer/SDKs/iPhoneOS26.2.sdk
    export SDK_DIR_iphoneos26_2\=/Applications/Xcode.app/Contents/Developer/Platforms/iPhoneOS.platform/Developer/SDKs/iPhoneOS26.2.sdk
    export SDK_NAME\=iphoneos26.2
    export SDK_NAMES\=iphoneos26.2
    export SDK_PRODUCT_BUILD_VERSION\=23C53
    export SDK_STAT_CACHE_DIR\=/Users/viveksarkar/Library/Developer/Xcode/DerivedData
    export SDK_STAT_CACHE_ENABLE\=YES
    export SDK_STAT_CACHE_PATH\=/Users/viveksarkar/Library/Developer/Xcode/DerivedData/SDKStatCaches.noindex/iphoneos26.2-23C53-3794476bd08197c3e2abd9bb477ef7f7.sdkstatcache
    export SDK_VERSION\=26.2
    export SDK_VERSION_ACTUAL\=260200
    export SDK_VERSION_MAJOR\=260000
    export SDK_VERSION_MINOR\=260200
    export SED\=/usr/bin/sed
    export SEPARATE_STRIP\=NO
    export SEPARATE_SYMBOL_EDIT\=NO
    export SET_DIR_MODE_OWNER_GROUP\=YES
    export SET_FILE_MODE_OWNER_GROUP\=NO
    export SHALLOW_BUNDLE\=NO
    export SHARED_DERIVED_FILE_DIR\=/Users/viveksarkar/Library/Developer/Xcode/DerivedData/Hatari-crnaywjepgfrrcdspvkwustrehyb/Build/Products/Debug-iphoneos/react-native-maps/DerivedSources
    export SHARED_PRECOMPS_DIR\=/Users/viveksarkar/Library/Developer/Xcode/DerivedData/Hatari-crnaywjepgfrrcdspvkwustrehyb/Build/Intermediates.noindex/PrecompiledHeaders
    export SKIP_INSTALL\=YES
    export SOURCE_ROOT\=/Users/viveksarkar/Desktop/Hatari_app/ios/Pods
    export SRCROOT\=/Users/viveksarkar/Desktop/Hatari_app/ios/Pods
    export STRINGSDATA_DIR\=/Users/viveksarkar/Library/Developer/Xcode/DerivedData/Hatari-crnaywjepgfrrcdspvkwustrehyb/Build/Intermediates.noindex/Pods.build/Debug-iphoneos/react-native-maps.build/Objects-normal/undefined_arch
    export STRINGSDATA_ROOT\=/Users/viveksarkar/Library/Developer/Xcode/DerivedData/Hatari-crnaywjepgfrrcdspvkwustrehyb/Build/Intermediates.noindex/Pods.build/Debug-iphoneos/react-native-maps.build
    export STRINGS_FILE_INFOPLIST_RENAME\=YES
    export STRINGS_FILE_OUTPUT_ENCODING\=binary
    export STRING_CATALOG_GENERATE_SYMBOLS\=NO
    export STRIP_BITCODE_FROM_COPIED_FILES\=YES
    export STRIP_INSTALLED_PRODUCT\=NO
    export STRIP_STYLE\=debugging
    export STRIP_SWIFT_SYMBOLS\=YES
    export SUPPORTED_DEVICE_FAMILIES\=1,2
    export SUPPORTED_PLATFORMS\=iphoneos\ iphonesimulator
    export SUPPORTS_MACCATALYST\=YES
    export SUPPORTS_MAC_DESIGNED_FOR_IPHONE_IPAD\=YES
    export SUPPORTS_TEXT_BASED_API\=NO
    export SUPPORTS_XR_DESIGNED_FOR_IPHONE_IPAD\=YES
    export SUPPRESS_WARNINGS\=NO
    export SWIFT_ACTIVE_COMPILATION_CONDITIONS\=\ DEBUG\ 
    export SWIFT_EMIT_CONST_VALUE_PROTOCOLS\=AppIntent\ EntityQuery\ AppEntity\ TransientEntity\ AppEnum\ AppShortcutProviding\ AppShortcutsProvider\ AnyResolverProviding\ AppIntentsPackage\ DynamicOptionsProvider\ _IntentValueRepresentable\ _AssistantIntentsProvider\ _GenerativeFunctionExtractable\ IntentValueQuery\ Resolver\ AppExtension\ ExtensionPointDefining
    export SWIFT_EMIT_LOC_STRINGS\=NO
    export SWIFT_ENABLE_EXPLICIT_MODULES\=YES
    export SWIFT_INSTALL_OBJC_HEADER\=YES
    export SWIFT_OPTIMIZATION_LEVEL\=-Onone
    export SWIFT_PLATFORM_TARGET_PREFIX\=ios
    export SWIFT_RESPONSE_FILE_PATH_normal_arm64\=/Users/viveksarkar/Library/Developer/Xcode/DerivedData/Hatari-crnaywjepgfrrcdspvkwustrehyb/Build/Intermediates.noindex/Pods.build/Debug-iphoneos/react-native-maps.build/Objects-normal/arm64/react-native-maps.SwiftFileList
    export SWIFT_VERSION\=5.0
    export SYMROOT\=/Users/viveksarkar/Library/Developer/Xcode/DerivedData/Hatari-crnaywjepgfrrcdspvkwustrehyb/Build/Products
    export SYSTEM_ADMIN_APPS_DIR\=/Applications/Utilities
    export SYSTEM_APPS_DIR\=/Applications
    export SYSTEM_CORE_SERVICES_DIR\=/System/Library/CoreServices
    export SYSTEM_DEMOS_DIR\=/Applications/Extras
    export SYSTEM_DEVELOPER_APPS_DIR\=/Applications/Xcode.app/Contents/Developer/Applications
    export SYSTEM_DEVELOPER_BIN_DIR\=/Applications/Xcode.app/Contents/Developer/usr/bin
    export SYSTEM_DEVELOPER_DEMOS_DIR\=/Applications/Xcode.app/Contents/Developer/Applications/Utilities/Built\ Examples
    export SYSTEM_DEVELOPER_DIR\=/Applications/Xcode.app/Contents/Developer
    export SYSTEM_DEVELOPER_DOC_DIR\=/Applications/Xcode.app/Contents/Developer/ADC\ Reference\ Library
    export SYSTEM_DEVELOPER_GRAPHICS_TOOLS_DIR\=/Applications/Xcode.app/Contents/Developer/Applications/Graphics\ Tools
    export SYSTEM_DEVELOPER_JAVA_TOOLS_DIR\=/Applications/Xcode.app/Contents/Developer/Applications/Java\ Tools
    export SYSTEM_DEVELOPER_PERFORMANCE_TOOLS_DIR\=/Applications/Xcode.app/Contents/Developer/Applications/Performance\ Tools
    export SYSTEM_DEVELOPER_RELEASENOTES_DIR\=/Applications/Xcode.app/Contents/Developer/ADC\ Reference\ Library/releasenotes
    export SYSTEM_DEVELOPER_TOOLS\=/Applications/Xcode.app/Contents/Developer/Tools
    export SYSTEM_DEVELOPER_TOOLS_DOC_DIR\=/Applications/Xcode.app/Contents/Developer/ADC\ Reference\ Library/documentation/DeveloperTools
    export SYSTEM_DEVELOPER_TOOLS_RELEASENOTES_DIR\=/Applications/Xcode.app/Contents/Developer/ADC\ Reference\ Library/releasenotes/DeveloperTools
    export SYSTEM_DEVELOPER_USR_DIR\=/Applications/Xcode.app/Contents/Developer/usr
    export SYSTEM_DEVELOPER_UTILITIES_DIR\=/Applications/Xcode.app/Contents/Developer/Applications/Utilities
    export SYSTEM_DEXT_INSTALL_PATH\=/System/Library/DriverExtensions
    export SYSTEM_DOCUMENTATION_DIR\=/Library/Documentation
    export SYSTEM_KEXT_INSTALL_PATH\=/System/Library/Extensions
    export SYSTEM_LIBRARY_DIR\=/System/Library
    export TAPI_DEMANGLE\=YES
    export TAPI_ENABLE_PROJECT_HEADERS\=NO
    export TAPI_LANGUAGE\=objective-c
    export TAPI_LANGUAGE_STANDARD\=compiler-default
    export TAPI_USE_SRCROOT\=YES
    export TAPI_VERIFY_MODE\=Pedantic
    export TARGETED_DEVICE_FAMILY\=1,2
    export TARGETNAME\=react-native-maps
    export TARGET_BUILD_DIR\=/Users/viveksarkar/Library/Developer/Xcode/DerivedData/Hatari-crnaywjepgfrrcdspvkwustrehyb/Build/Products/Debug-iphoneos/react-native-maps
    export TARGET_NAME\=react-native-maps
    export TARGET_TEMP_DIR\=/Users/viveksarkar/Library/Developer/Xcode/DerivedData/Hatari-crnaywjepgfrrcdspvkwustrehyb/Build/Intermediates.noindex/Pods.build/Debug-iphoneos/react-native-maps.build
    export TEMP_DIR\=/Users/viveksarkar/Library/Developer/Xcode/DerivedData/Hatari-crnaywjepgfrrcdspvkwustrehyb/Build/Intermediates.noindex/Pods.build/Debug-iphoneos/react-native-maps.build
    export TEMP_FILES_DIR\=/Users/viveksarkar/Library/Developer/Xcode/DerivedData/Hatari-crnaywjepgfrrcdspvkwustrehyb/Build/Intermediates.noindex/Pods.build/Debug-iphoneos/react-native-maps.build
    export TEMP_FILE_DIR\=/Users/viveksarkar/Library/Developer/Xcode/DerivedData/Hatari-crnaywjepgfrrcdspvkwustrehyb/Build/Intermediates.noindex/Pods.build/Debug-iphoneos/react-native-maps.build
    export TEMP_ROOT\=/Users/viveksarkar/Library/Developer/Xcode/DerivedData/Hatari-crnaywjepgfrrcdspvkwustrehyb/Build/Intermediates.noindex
    export TEMP_SANDBOX_DIR\=/Users/viveksarkar/Library/Developer/Xcode/DerivedData/Hatari-crnaywjepgfrrcdspvkwustrehyb/Build/Intermediates.noindex/TemporaryTaskSandboxes
    export TEST_FRAMEWORK_SEARCH_PATHS\=\ /Applications/Xcode.app/Contents/Developer/Platforms/iPhoneOS.platform/Developer/Library/Frameworks\ /Applications/Xcode.app/Contents/Developer/Platforms/iPhoneOS.platform/Developer/SDKs/iPhoneOS26.2.sdk/Developer/Library/Frameworks
    export TEST_LIBRARY_SEARCH_PATHS\=\ /Applications/Xcode.app/Contents/Developer/Platforms/iPhoneOS.platform/Developer/usr/lib
    export TOOLCHAINS\=com.apple.dt.toolchain.XcodeDefault
    export TOOLCHAIN_DIR\=/Applications/Xcode.app/Contents/Developer/Toolchains/XcodeDefault.xctoolchain
    export TREAT_MISSING_BASELINES_AS_TEST_FAILURES\=NO
    export TREAT_MISSING_SCRIPT_PHASE_OUTPUTS_AS_ERRORS\=NO
    export UID\=501
    export UNINSTALLED_PRODUCTS_DIR\=/Users/viveksarkar/Library/Developer/Xcode/DerivedData/Hatari-crnaywjepgfrrcdspvkwustrehyb/Build/Intermediates.noindex/UninstalledProducts
    export UNSTRIPPED_PRODUCT\=NO
    export USER\=viveksarkar
    export USER_APPS_DIR\=/Users/viveksarkar/Applications
    export USER_LIBRARY_DIR\=/Users/viveksarkar/Library
    export USE_DYNAMIC_NO_PIC\=YES
    export USE_HEADERMAP\=YES
    export USE_HEADER_SYMLINKS\=NO
    export USE_HERMES\=true
    export USE_RECURSIVE_SCRIPT_INPUTS_IN_SCRIPT_PHASES\=YES
    export VALIDATE_DEVELOPMENT_ASSET_PATHS\=YES_ERROR
    export VALIDATE_PRODUCT\=NO
    export VALID_ARCHS\=arm64\ arm64e\ armv7\ armv7s
    export VERBOSE_PBXCP\=NO
    export VERSION_INFO_BUILDER\=viveksarkar
    export VERSION_INFO_FILE\=react-native-maps_vers.c
    export VERSION_INFO_STRING\=\"@\(\#\)PROGRAM:react-native-maps\ \ PROJECT:Pods-\"
    export WORKSPACE_DIR\=/Users/viveksarkar/Desktop/Hatari_app/ios
    export WRAP_ASSET_PACKS_IN_SEPARATE_DIRECTORIES\=NO
    export XCODE_APP_SUPPORT_DIR\=/Applications/Xcode.app/Contents/Developer/Library/Xcode
    export XCODE_PRODUCT_BUILD_VERSION\=17C52
    export XCODE_VERSION_ACTUAL\=2620
    export XCODE_VERSION_MAJOR\=2600
    export XCODE_VERSION_MINOR\=2620
    export XPCSERVICES_FOLDER_PATH\=/XPCServices
    export YACC\=yacc
    export _DISCOVER_COMMAND_LINE_LINKER_INPUTS\=YES
    export _DISCOVER_COMMAND_LINE_LINKER_INPUTS_INCLUDE_WL\=YES
    export _LD_MULTIARCH\=YES
    export __DIAGNOSE_DEPRECATED_ARCHS\=YES
    export arch\=undefined_arch
    export variant\=normal
    /bin/sh -c /Users/viveksarkar/Library/Developer/Xcode/DerivedData/Hatari-crnaywjepgfrrcdspvkwustrehyb/Build/Intermediates.noindex/Pods.build/Debug-iphoneos/react-native-maps.build/Script-46EB2E00020820.sh
+ echo 'Running Google Maps detection script...'
Running Google Maps detection script...
+ DEFINES_DIR=/Users/viveksarkar/Desktop/Hatari_app/ios/Pods/../../node_modules/react-native-maps/ios/AirMaps
+ DEFINES_FILE=/Users/viveksarkar/Desktop/Hatari_app/ios/Pods/../../node_modules/react-native-maps/ios/AirMaps/RNMapsDefines.h
+ mkdir -p /Users/viveksarkar/Desktop/Hatari_app/ios/Pods/../../node_modules/react-native-maps/ios/AirMaps
+ '[' -d /Users/viveksarkar/Desktop/Hatari_app/ios/Pods/GoogleMaps ']'
+ echo '#define HAVE_GOOGLE_MAPS 0'
+ echo '❌ Google Maps libraries NOT detected. HAVE_GOOGLE_MAPS set to 0.'
❌ Google Maps libraries NOT detected. HAVE_GOOGLE_MAPS set to 0.
+ '[' -f /Users/viveksarkar/Desktop/Hatari_app/ios/Pods/../../node_modules/react-native-maps/ios/AirMaps/RNMapsDefines.h ']'
+ echo '✅ Successfully wrote to /Users/viveksarkar/Desktop/Hatari_app/ios/Pods/../../node_modules/react-native-maps/ios/AirMaps/RNMapsDefines.h'
✅ Successfully wrote to /Users/viveksarkar/Desktop/Hatari_app/ios/Pods/../../node_modules/react-native-maps/ios/AirMaps/RNMapsDefines.h
+ cat /Users/viveksarkar/Desktop/Hatari_app/ios/Pods/../../node_modules/react-native-maps/ios/AirMaps/RNMapsDefines.h
#define HAVE_GOOGLE_MAPS 0
+ set -e
+ echo '🔧 Patching @import GoogleMaps...'
🔧 Patching @import GoogleMaps...
+ FILES=("$PODS_ROOT/Google-Maps-iOS-Utils/Sources/GoogleMapsUtilsObjC/include/GMSMarker+GMUClusteritem.h" "$PODS_ROOT/Google-Maps-iOS-Utils/Sources/GoogleMapsUtilsObjC/include/GMUGeoJSONParser.h" "$PODS_ROOT/Google-Maps-iOS-Utils/Sources/GoogleMapsUtilsObjC/include/GMUPolygon.h" "$PODS_ROOT/Google-Maps-iOS-Utils/Sources/GoogleMapsUtilsObjC/include/GMUWeightedLatLng.h" "$PODS_ROOT/GoogleMaps/Maps/Sources/GMSEmpty.h")
+ for file in '"${FILES[@]}"'
+ '[' -f /Users/viveksarkar/Desktop/Hatari_app/ios/Pods/Google-Maps-iOS-Utils/Sources/GoogleMapsUtilsObjC/include/GMSMarker+GMUClusteritem.h ']'
+ echo '⚠️ Not found: /Users/viveksarkar/Desktop/Hatari_app/ios/Pods/Google-Maps-iOS-Utils/Sources/GoogleMapsUtilsObjC/include/GMSMarker+GMUClusteritem.h'
⚠️ Not found: /Users/viveksarkar/Desktop/Hatari_app/ios/Pods/Google-Maps-iOS-Utils/Sources/GoogleMapsUtilsObjC/include/GMSMarker+GMUClusteritem.h
+ for file in '"${FILES[@]}"'
+ '[' -f /Users/viveksarkar/Desktop/Hatari_app/ios/Pods/Google-Maps-iOS-Utils/Sources/GoogleMapsUtilsObjC/include/GMUGeoJSONParser.h ']'
+ echo '⚠️ Not found: /Users/viveksarkar/Desktop/Hatari_app/ios/Pods/Google-Maps-iOS-Utils/Sources/GoogleMapsUtilsObjC/include/GMUGeoJSONParser.h'
⚠️ Not found: /Users/viveksarkar/Desktop/Hatari_app/ios/Pods/Google-Maps-iOS-Utils/Sources/GoogleMapsUtilsObjC/include/GMUGeoJSONParser.h
+ for file in '"${FILES[@]}"'
+ '[' -f /Users/viveksarkar/Desktop/Hatari_app/ios/Pods/Google-Maps-iOS-Utils/Sources/GoogleMapsUtilsObjC/include/GMUPolygon.h ']'
+ echo '⚠️ Not found: /Users/viveksarkar/Desktop/Hatari_app/ios/Pods/Google-Maps-iOS-Utils/Sources/GoogleMapsUtilsObjC/include/GMUPolygon.h'
⚠️ Not found: /Users/viveksarkar/Desktop/Hatari_app/ios/Pods/Google-Maps-iOS-Utils/Sources/GoogleMapsUtilsObjC/include/GMUPolygon.h
+ for file in '"${FILES[@]}"'
+ '[' -f /Users/viveksarkar/Desktop/Hatari_app/ios/Pods/Google-Maps-iOS-Utils/Sources/GoogleMapsUtilsObjC/include/GMUWeightedLatLng.h ']'
+ echo '⚠️ Not found: /Users/viveksarkar/Desktop/Hatari_app/ios/Pods/Google-Maps-iOS-Utils/Sources/GoogleMapsUtilsObjC/include/GMUWeightedLatLng.h'
⚠️ Not found: /Users/viveksarkar/Desktop/Hatari_app/ios/Pods/Google-Maps-iOS-Utils/Sources/GoogleMapsUtilsObjC/include/GMUWeightedLatLng.h
+ for file in '"${FILES[@]}"'
+ '[' -f /Users/viveksarkar/Desktop/Hatari_app/ios/Pods/GoogleMaps/Maps/Sources/GMSEmpty.h ']'
+ echo '⚠️ Not found: /Users/viveksarkar/Desktop/Hatari_app/ios/Pods/GoogleMaps/Maps/Sources/GMSEmpty.h'
⚠️ Not found: /Users/viveksarkar/Desktop/Hatari_app/ios/Pods/GoogleMaps/Maps/Sources/GMSEmpty.h

Libtool /Users/viveksarkar/Library/Developer/Xcode/DerivedData/Hatari-crnaywjepgfrrcdspvkwustrehyb/Build/Products/Debug-iphoneos/ReactAppDependencyProvider/libReactAppDependencyProvider.a normal (in target 'ReactAppDependencyProvider' from project 'Pods')
    cd /Users/viveksarkar/Desktop/Hatari_app/ios/Pods
    /Applications/Xcode.app/Contents/Developer/Toolchains/XcodeDefault.xctoolchain/usr/bin/libtool -static -arch_only arm64 -D -syslibroot /Applications/Xcode.app/Contents/Developer/Platforms/iPhoneOS.platform/Developer/SDKs/iPhoneOS26.2.sdk -L/Users/viveksarkar/Library/Developer/Xcode/DerivedData/Hatari-crnaywjepgfrrcdspvkwustrehyb/Build/Products/Debug-iphoneos/ReactAppDependencyProvider -filelist /Users/viveksarkar/Library/Developer/Xcode/DerivedData/Hatari-crnaywjepgfrrcdspvkwustrehyb/Build/Intermediates.noindex/Pods.build/Debug-iphoneos/ReactAppDependencyProvider.build/Objects-normal/arm64/ReactAppDependencyProvider.LinkFileList -dependency_info /Users/viveksarkar/Library/Developer/Xcode/DerivedData/Hatari-crnaywjepgfrrcdspvkwustrehyb/Build/Intermediates.noindex/Pods.build/Debug-iphoneos/ReactAppDependencyProvider.build/Objects-normal/arm64/ReactAppDependencyProvider_libtool_dependency_info.dat -o /Users/viveksarkar/Library/Developer/Xcode/DerivedData/Hatari-crnaywjepgfrrcdspvkwustrehyb/Build/Products/Debug-iphoneos/ReactAppDependencyProvider/libReactAppDependencyProvider.a

CompileC /Users/viveksarkar/Library/Developer/Xcode/DerivedData/Hatari-crnaywjepgfrrcdspvkwustrehyb/Build/Intermediates.noindex/Pods.build/Debug-iphoneos/react-native-maps.build/Objects-normal/arm64/AIRMap.o /Users/viveksarkar/Desktop/Hatari_app/node_modules/react-native-maps/ios/AirMaps/AIRMap.mm normal arm64 objective-c++ com.apple.compilers.llvm.clang.1_0.compiler (in target 'react-native-maps' from project 'Pods')
    cd /Users/viveksarkar/Desktop/Hatari_app/ios/Pods
    
    Using response file: /Users/viveksarkar/Library/Developer/Xcode/DerivedData/Hatari-crnaywjepgfrrcdspvkwustrehyb/Build/Intermediates.noindex/Pods.build/Debug-iphoneos/react-native-maps.build/Objects-normal/arm64/af3fcb34312c57c0f52879cdce924b91-common-args.resp
    
    /Applications/Xcode.app/Contents/Developer/Toolchains/XcodeDefault.xctoolchain/usr/bin/clang -x objective-c++ -ivfsstatcache /Users/viveksarkar/Library/Developer/Xcode/DerivedData/SDKStatCaches.noindex/iphoneos26.2-23C53-3794476bd08197c3e2abd9bb477ef7f7.sdkstatcache -fmessage-length\=0 -fdiagnostics-show-note-include-stack -fmacro-backtrace-limit\=0 -fno-color-diagnostics -fmodules-prune-interval\=86400 -fmodules-prune-after\=345600 -fbuild-session-file\=/Users/viveksarkar/Library/Developer/Xcode/DerivedData/ModuleCache.noindex/Session.modulevalidation -fmodules-validate-once-per-build-session -Wno-trigraphs -Wno-missing-field-initializers -Wno-missing-prototypes -Werror\=return-type -Wdocumentation -Wunreachable-code -Wno-implicit-atomic-properties -Werror\=deprecated-objc-isa-usage -Wno-objc-interface-ivars -Werror\=objc-root-class -Wno-arc-repeated-use-of-weak -Wimplicit-retain-self -Wno-non-virtual-dtor -Wno-overloaded-virtual -Wno-exit-time-destructors -Wduplicate-method-match -Wno-missing-braces -Wparentheses -Wswitch -Wunused-function -Wno-unused-label -Wno-unused-parameter -Wunused-variable -Wunused-value -Wempty-body -Wuninitialized -Wconditional-uninitialized -Wno-unknown-pragmas -Wno-shadow -Wno-four-char-constants -Wno-conversion -Wconstant-conversion -Wint-conversion -Wbool-conversion -Wenum-conversion -Wno-float-conversion -Wnon-literal-null-conversion -Wobjc-literal-conversion -Wshorten-64-to-32 -Wno-newline-eof -Wno-selector -Wno-strict-selector-match -Wundeclared-selector -Wdeprecated-implementations -Wno-c++11-extensions -Wno-implicit-fallthrough -fstrict-aliasing -Wprotocol -Wdeprecated-declarations -Winvalid-offsetof -Wno-sign-conversion -Winfinite-recursion -Wmove -Wcomma -Wblock-capture-autoreleasing -Wstrict-prototypes -Wrange-loop-analysis -Wno-semicolon-before-method-body -Wunguarded-availability -Wno-comma -Wno-shorten-64-to-32 @/Users/viveksarkar/Library/Developer/Xcode/DerivedData/Hatari-crnaywjepgfrrcdspvkwustrehyb/Build/Intermediates.noindex/Pods.build/Debug-iphoneos/react-native-maps.build/Objects-normal/arm64/af3fcb34312c57c0f52879cdce924b91-common-args.resp -DFOLLY_NO_CONFIG -DFOLLY_MOBILE\=1 -DFOLLY_USE_LIBCPP\=1 -DFOLLY_CFG_NO_COROUTINES\=1 -DFOLLY_HAVE_CLOCK_GETTIME\=1 -Wno-comma -Wno-shorten-64-to-32 -DFOLLY_NO_CONFIG -DFOLLY_MOBILE\=1 -DFOLLY_USE_LIBCPP\=1 -DFOLLY_CFG_NO_COROUTINES\=1 -DFOLLY_HAVE_CLOCK_GETTIME\=1 -Wno-comma -Wno-shorten-64-to-32 -include /Users/viveksarkar/Desktop/Hatari_app/ios/Pods/Target\ Support\ Files/react-native-maps/react-native-maps-prefix.pch -MMD -MT dependencies -MF /Users/viveksarkar/Library/Developer/Xcode/DerivedData/Hatari-crnaywjepgfrrcdspvkwustrehyb/Build/Intermediates.noindex/Pods.build/Debug-iphoneos/react-native-maps.build/Objects-normal/arm64/AIRMap.d --serialize-diagnostics /Users/viveksarkar/Library/Developer/Xcode/DerivedData/Hatari-crnaywjepgfrrcdspvkwustrehyb/Build/Intermediates.noindex/Pods.build/Debug-iphoneos/react-native-maps.build/Objects-normal/arm64/AIRMap.dia -c /Users/viveksarkar/Desktop/Hatari_app/node_modules/react-native-maps/ios/AirMaps/AIRMap.mm -o /Users/viveksarkar/Library/Developer/Xcode/DerivedData/Hatari-crnaywjepgfrrcdspvkwustrehyb/Build/Intermediates.noindex/Pods.build/Debug-iphoneos/react-native-maps.build/Objects-normal/arm64/AIRMap.o
/Users/viveksarkar/Desktop/Hatari_app/node_modules/react-native-maps/ios/AirMaps/AIRMap.mm:217:47: warning: variable length arrays in C++ are a Clang extension [-Wvla-cxx-extension]
  217 |     CLLocationCoordinate2D coords[coordinates.count];
      |                                   ~~~~~~~~~~~~^~~~~
/Users/viveksarkar/Desktop/Hatari_app/node_modules/react-native-maps/ios/AirMaps/AIRMap.mm:269:61: warning: 'windows' is deprecated: first deprecated in iOS 15.0 - Use UIWindowScene.windows on a relevant window scene instead [-Wdeprecated-declarations]
  269 |         UIWindow* win = [[[UIApplication sharedApplication] windows] firstObject];
      |                                                             ^
In file included from <built-in>:1:
In file included from /Users/viveksarkar/Desktop/Hatari_app/ios/Pods/Target Support Files/react-native-maps/react-native-maps-prefix.pch:2:
In file included from /Applications/Xcode.app/Contents/Developer/Platforms/iPhoneOS.platform/Developer/SDKs/iPhoneOS26.2.sdk/System/Library/Frameworks/UIKit.framework/Headers/UIKit.h:9:
In file included from /Applications/Xcode.app/Contents/Developer/Platforms/iPhoneOS.platform/Developer/SDKs/iPhoneOS26.2.sdk/System/Library/Frameworks/UIKit.framework/Headers/UIKitCore.h:34:
In file included from /Applications/Xcode.app/Contents/Developer/Platforms/iPhoneOS.platform/Developer/SDKs/iPhoneOS26.2.sdk/System/Library/Frameworks/UIKit.framework/Headers/UIAccessibility.h:20:
In file included from /Applications/Xcode.app/Contents/Developer/Platforms/iPhoneOS.platform/Developer/SDKs/iPhoneOS26.2.sdk/System/Library/Frameworks/UIKit.framework/Headers/UIAccessibilityElement.h:12:
In file included from /Applications/Xcode.app/Contents/Developer/Platforms/iPhoneOS.platform/Developer/SDKs/iPhoneOS26.2.sdk/System/Library/Frameworks/UIKit.framework/Headers/UIAccessibilityIdentification.h:13:
In file included from /Applications/Xcode.app/Contents/Developer/Platforms/iPhoneOS.platform/Developer/SDKs/iPhoneOS26.2.sdk/System/Library/Frameworks/UIKit.framework/Headers/UIAlertController.h:9:
In file included from /Applications/Xcode.app/Contents/Developer/Platforms/iPhoneOS.platform/Developer/SDKs/iPhoneOS26.2.sdk/System/Library/Frameworks/UIKit.framework/Headers/UIViewController.h:12:
/Applications/Xcode.app/Contents/Developer/Platforms/iPhoneOS.platform/Developer/SDKs/iPhoneOS26.2.sdk/System/Library/Frameworks/UIKit.framework/Headers/UIApplication.h:109:62: note: property 'windows' is declared deprecated here
  109 | @property(nonatomic,readonly) NSArray<__kindof UIWindow *>  *windows API_DEPRECATED("Use UIWindowScene.windows on a relevant window scene instead", ios(2.0, 15.0), visionos(1.0, 1.0)) API_UNAVAILABLE(watchos);
      |                                                              ^
/Applications/Xcode.app/Contents/Developer/Platforms/iPhoneOS.platform/Developer/SDKs/iPhoneOS26.2.sdk/System/Library/Frameworks/UIKit.framework/Headers/UIApplication.h:109:62: note: 'windows' has been explicitly marked deprecated here
/Users/viveksarkar/Desktop/Hatari_app/node_modules/react-native-maps/ios/AirMaps/AIRMap.mm:669:14: warning: 'showsPointsOfInterest' is deprecated: first deprecated in iOS 13.0 - Use pointOfInterestFilter [-Wdeprecated-declarations]
  669 |         self.showsPointsOfInterest = showsPointsOfInterests;
      |              ^
In file included from /Users/viveksarkar/Desktop/Hatari_app/node_modules/react-native-maps/ios/AirMaps/AIRMap.mm:10:
In file included from /Users/viveksarkar/Desktop/Hatari_app/node_modules/react-native-maps/ios/AirMaps/AIRMap.h:10:
In file included from /Applications/Xcode.app/Contents/Developer/Platforms/iPhoneOS.platform/Developer/SDKs/iPhoneOS26.2.sdk/System/Library/Frameworks/MapKit.framework/Headers/MapKit.h:34:
In file included from /Applications/Xcode.app/Contents/Developer/Platforms/iPhoneOS.platform/Developer/SDKs/iPhoneOS26.2.sdk/System/Library/Frameworks/MapKit.framework/Headers/MKMapSnapshotOptions.h:14:
/Applications/Xcode.app/Contents/Developer/Platforms/iPhoneOS.platform/Developer/SDKs/iPhoneOS26.2.sdk/System/Library/Frameworks/MapKit.framework/Headers/MKMapView.h:156:28: note: 'showsPointsOfInterest' has been explicitly marked deprecated here
  156 | @property (nonatomic) BOOL showsPointsOfInterest
      |                            ^
/Users/viveksarkar/Desktop/Hatari_app/node_modules/react-native-maps/ios/AirMaps/AIRMap.mm:919:98: warning: 'UIActivityIndicatorViewStyleGray' is deprecated: first deprecated in iOS 13.0 [-Wdeprecated-declarations]
  919 |         _activityIndicatorView = [[UIActivityIndicatorView alloc] initWithActivityIndicatorStyle:UIActivityIndicatorViewStyleGray];
      |                                                                                                  ^~~~~~~~~~~~~~~~~~~~~~~~~~~~~~~~
      |                                                                                                  UIActivityIndicatorViewStyleMedium
In file included from <built-in>:1:
In file included from /Users/viveksarkar/Desktop/Hatari_app/ios/Pods/Target Support Files/react-native-maps/react-native-maps-prefix.pch:2:
In file included from /Applications/Xcode.app/Contents/Developer/Platforms/iPhoneOS.platform/Developer/SDKs/iPhoneOS26.2.sdk/System/Library/Frameworks/UIKit.framework/Headers/UIKit.h:9:
In file included from /Applications/Xcode.app/Contents/Developer/Platforms/iPhoneOS.platform/Developer/SDKs/iPhoneOS26.2.sdk/System/Library/Frameworks/UIKit.framework/Headers/UIKitCore.h:38:
/Applications/Xcode.app/Contents/Developer/Platforms/iPhoneOS.platform/Developer/SDKs/iPhoneOS26.2.sdk/System/Library/Frameworks/UIKit.framework/Headers/UIActivityIndicatorView.h:20:5: note: 'UIActivityIndicatorViewStyleGray' has been explicitly marked deprecated here
   20 |     UIActivityIndicatorViewStyleGray API_DEPRECATED_WITH_REPLACEMENT("UIActivityIndicatorViewStyleMedium", ios(2.0, 13.0)) API_UNAVAILABLE(tvos, visionos, watchos) = 2,
      |     ^
4 warnings generated.

Libtool /Users/viveksarkar/Library/Developer/Xcode/DerivedData/Hatari-crnaywjepgfrrcdspvkwustrehyb/Build/Products/Debug-iphoneos/react-native-maps/libreact-native-maps.a normal (in target 'react-native-maps' from project 'Pods')
    cd /Users/viveksarkar/Desktop/Hatari_app/ios/Pods
    /Applications/Xcode.app/Contents/Developer/Toolchains/XcodeDefault.xctoolchain/usr/bin/libtool -static -arch_only arm64 -D -syslibroot /Applications/Xcode.app/Contents/Developer/Platforms/iPhoneOS.platform/Developer/SDKs/iPhoneOS26.2.sdk -L/Users/viveksarkar/Library/Developer/Xcode/DerivedData/Hatari-crnaywjepgfrrcdspvkwustrehyb/Build/Products/Debug-iphoneos/react-native-maps -filelist /Users/viveksarkar/Library/Developer/Xcode/DerivedData/Hatari-crnaywjepgfrrcdspvkwustrehyb/Build/Intermediates.noindex/Pods.build/Debug-iphoneos/react-native-maps.build/Objects-normal/arm64/react-native-maps.LinkFileList -dependency_info /Users/viveksarkar/Library/Developer/Xcode/DerivedData/Hatari-crnaywjepgfrrcdspvkwustrehyb/Build/Intermediates.noindex/Pods.build/Debug-iphoneos/react-native-maps.build/Objects-normal/arm64/react-native-maps_libtool_dependency_info.dat -o /Users/viveksarkar/Library/Developer/Xcode/DerivedData/Hatari-crnaywjepgfrrcdspvkwustrehyb/Build/Products/Debug-iphoneos/react-native-maps/libreact-native-maps.a

Libtool /Users/viveksarkar/Library/Developer/Xcode/DerivedData/Hatari-crnaywjepgfrrcdspvkwustrehyb/Build/Products/Debug-iphoneos/libPods-Hatari.a normal (in target 'Pods-Hatari' from project 'Pods')
    cd /Users/viveksarkar/Desktop/Hatari_app/ios/Pods
    /Applications/Xcode.app/Contents/Developer/Toolchains/XcodeDefault.xctoolchain/usr/bin/libtool -static -arch_only arm64 -D -syslibroot /Applications/Xcode.app/Contents/Developer/Platforms/iPhoneOS.platform/Developer/SDKs/iPhoneOS26.2.sdk -L/Users/viveksarkar/Library/Developer/Xcode/DerivedData/Hatari-crnaywjepgfrrcdspvkwustrehyb/Build/Products/Debug-iphoneos -L/Users/viveksarkar/Library/Developer/Xcode/DerivedData/Hatari-crnaywjepgfrrcdspvkwustrehyb/Build/Products/Debug-iphoneos/BVLinearGradient -L/Users/viveksarkar/Library/Developer/Xcode/DerivedData/Hatari-crnaywjepgfrrcdspvkwustrehyb/Build/Products/Debug-iphoneos/DoubleConversion -L/Users/viveksarkar/Library/Developer/Xcode/DerivedData/Hatari-crnaywjepgfrrcdspvkwustrehyb/Build/Products/Debug-iphoneos/RCT-Folly -L/Users/viveksarkar/Library/Developer/Xcode/DerivedData/Hatari-crnaywjepgfrrcdspvkwustrehyb/Build/Products/Debug-iphoneos/RCTDeprecation -L/Users/viveksarkar/Library/Developer/Xcode/DerivedData/Hatari-crnaywjepgfrrcdspvkwustrehyb/Build/Products/Debug-iphoneos/RCTTypeSafety -L/Users/viveksarkar/Library/Developer/Xcode/DerivedData/Hatari-crnaywjepgfrrcdspvkwustrehyb/Build/Products/Debug-iphoneos/RNCAsyncStorage -L/Users/viveksarkar/Library/Developer/Xcode/DerivedData/Hatari-crnaywjepgfrrcdspvkwustrehyb/Build/Products/Debug-iphoneos/RNDateTimePicker -L/Users/viveksarkar/Library/Developer/Xcode/DerivedData/Hatari-crnaywjepgfrrcdspvkwustrehyb/Build/Products/Debug-iphoneos/RNGestureHandler -L/Users/viveksarkar/Library/Developer/Xcode/DerivedData/Hatari-crnaywjepgfrrcdspvkwustrehyb/Build/Products/Debug-iphoneos/RNPermissions -L/Users/viveksarkar/Library/Developer/Xcode/DerivedData/Hatari-crnaywjepgfrrcdspvkwustrehyb/Build/Products/Debug-iphoneos/RNSVG -L/Users/viveksarkar/Library/Developer/Xcode/DerivedData/Hatari-crnaywjepgfrrcdspvkwustrehyb/Build/Products/Debug-iphoneos/RNScreens -L/Users/viveksarkar/Library/Developer/Xcode/DerivedData/Hatari-crnaywjepgfrrcdspvkwustrehyb/Build/Products/Debug-iphoneos/RNVectorIcons -L/Users/viveksarkar/Library/Developer/Xcode/DerivedData/Hatari-crnaywjepgfrrcdspvkwustrehyb/Build/Products/Debug-iphoneos/React-Core -L/Users/viveksarkar/Library/Developer/Xcode/DerivedData/Hatari-crnaywjepgfrrcdspvkwustrehyb/Build/Products/Debug-iphoneos/React-CoreModules -L/Users/viveksarkar/Library/Developer/Xcode/DerivedData/Hatari-crnaywjepgfrrcdspvkwustrehyb/Build/Products/Debug-iphoneos/React-Fabric -L/Users/viveksarkar/Library/Developer/Xcode/DerivedData/Hatari-crnaywjepgfrrcdspvkwustrehyb/Build/Products/Debug-iphoneos/React-FabricComponents -L/Users/viveksarkar/Library/Developer/Xcode/DerivedData/Hatari-crnaywjepgfrrcdspvkwustrehyb/Build/Products/Debug-iphoneos/React-FabricImage -L/Users/viveksarkar/Library/Developer/Xcode/DerivedData/Hatari-crnaywjepgfrrcdspvkwustrehyb/Build/Products/Debug-iphoneos/React-ImageManager -L/Users/viveksarkar/Library/Developer/Xcode/DerivedData/Hatari-crnaywjepgfrrcdspvkwustrehyb/Build/Products/Debug-iphoneos/React-Mapbuffer -L/Users/viveksarkar/Library/Developer/Xcode/DerivedData/Hatari-crnaywjepgfrrcdspvkwustrehyb/Build/Products/Debug-iphoneos/React-NativeModulesApple -L/Users/viveksarkar/Library/Developer/Xcode/DerivedData/Hatari-crnaywjepgfrrcdspvkwustrehyb/Build/Products/Debug-iphoneos/React-RCTAnimation -L/Users/viveksarkar/Library/Developer/Xcode/DerivedData/Hatari-crnaywjepgfrrcdspvkwustrehyb/Build/Products/Debug-iphoneos/React-RCTAppDelegate -L/Users/viveksarkar/Library/Developer/Xcode/DerivedData/Hatari-crnaywjepgfrrcdspvkwustrehyb/Build/Products/Debug-iphoneos/React-RCTBlob -L/Users/viveksarkar/Library/Developer/Xcode/DerivedData/Hatari-crnaywjepgfrrcdspvkwustrehyb/Build/Products/Debug-iphoneos/React-RCTFBReactNativeSpec -L/Users/viveksarkar/Library/Developer/Xcode/DerivedData/Hatari-crnaywjepgfrrcdspvkwustrehyb/Build/Products/Debug-iphoneos/React-RCTFabric -L/Users/viveksarkar/Library/Developer/Xcode/DerivedData/Hatari-crnaywjepgfrrcdspvkwustrehyb/Build/Products/Debug-iphoneos/React-RCTImage -L/Users/viveksarkar/Library/Developer/Xcode/DerivedData/Hatari-crnaywjepgfrrcdspvkwustrehyb/Build/Products/Debug-iphoneos/React-RCTLinking -L/Users/viveksarkar/Library/Developer/Xcode/DerivedData/Hatari-crnaywjepgfrrcdspvkwustrehyb/Build/Products/Debug-iphoneos/React-RCTNetwork -L/Users/viveksarkar/Library/Developer/Xcode/DerivedData/Hatari-crnaywjepgfrrcdspvkwustrehyb/Build/Products/Debug-iphoneos/React-RCTRuntime -L/Users/viveksarkar/Library/Developer/Xcode/DerivedData/Hatari-crnaywjepgfrrcdspvkwustrehyb/Build/Products/Debug-iphoneos/React-RCTSettings -L/Users/viveksarkar/Library/Developer/Xcode/DerivedData/Hatari-crnaywjepgfrrcdspvkwustrehyb/Build/Products/Debug-iphoneos/React-RCTText -L/Users/viveksarkar/Library/Developer/Xcode/DerivedData/Hatari-crnaywjepgfrrcdspvkwustrehyb/Build/Products/Debug-iphoneos/React-RCTVibration -L/Users/viveksarkar/Library/Developer/Xcode/DerivedData/Hatari-crnaywjepgfrrcdspvkwustrehyb/Build/Products/Debug-iphoneos/React-RuntimeApple -L/Users/viveksarkar/Library/Developer/Xcode/DerivedData/Hatari-crnaywjepgfrrcdspvkwustrehyb/Build/Products/Debug-iphoneos/React-RuntimeCore -L/Users/viveksarkar/Library/Developer/Xcode/DerivedData/Hatari-crnaywjepgfrrcdspvkwustrehyb/Build/Products/Debug-iphoneos/React-RuntimeHermes -L/Users/viveksarkar/Library/Developer/Xcode/DerivedData/Hatari-crnaywjepgfrrcdspvkwustrehyb/Build/Products/Debug-iphoneos/React-cxxreact -L/Users/viveksarkar/Library/Developer/Xcode/DerivedData/Hatari-crnaywjepgfrrcdspvkwustrehyb/Build/Products/Debug-iphoneos/React-debug -L/Users/viveksarkar/Library/Developer/Xcode/DerivedData/Hatari-crnaywjepgfrrcdspvkwustrehyb/Build/Products/Debug-iphoneos/React-defaultsnativemodule -L/Users/viveksarkar/Library/Developer/Xcode/DerivedData/Hatari-crnaywjepgfrrcdspvkwustrehyb/Build/Products/Debug-iphoneos/React-domnativemodule -L/Users/viveksarkar/Library/Developer/Xcode/DerivedData/Hatari-crnaywjepgfrrcdspvkwustrehyb/Build/Products/Debug-iphoneos/React-featureflags -L/Users/viveksarkar/Library/Developer/Xcode/DerivedData/Hatari-crnaywjepgfrrcdspvkwustrehyb/Build/Products/Debug-iphoneos/React-featureflagsnativemodule -L/Users/viveksarkar/Library/Developer/Xcode/DerivedData/Hatari-crnaywjepgfrrcdspvkwustrehyb/Build/Products/Debug-iphoneos/React-graphics -L/Users/viveksarkar/Library/Developer/Xcode/DerivedData/Hatari-crnaywjepgfrrcdspvkwustrehyb/Build/Products/Debug-iphoneos/React-hermes -L/Users/viveksarkar/Library/Developer/Xcode/DerivedData/Hatari-crnaywjepgfrrcdspvkwustrehyb/Build/Products/Debug-iphoneos/React-idlecallbacksnativemodule -L/Users/viveksarkar/Library/Developer/Xcode/DerivedData/Hatari-crnaywjepgfrrcdspvkwustrehyb/Build/Products/Debug-iphoneos/React-jserrorhandler -L/Users/viveksarkar/Library/Developer/Xcode/DerivedData/Hatari-crnaywjepgfrrcdspvkwustrehyb/Build/Products/Debug-iphoneos/React-jsi -L/Users/viveksarkar/Library/Developer/Xcode/DerivedData/Hatari-crnaywjepgfrrcdspvkwustrehyb/Build/Products/Debug-iphoneos/React-jsiexecutor -L/Users/viveksarkar/Library/Developer/Xcode/DerivedData/Hatari-crnaywjepgfrrcdspvkwustrehyb/Build/Products/Debug-iphoneos/React-jsinspector -L/Users/viveksarkar/Library/Developer/Xcode/DerivedData/Hatari-crnaywjepgfrrcdspvkwustrehyb/Build/Products/Debug-iphoneos/React-jsinspectortracing -L/Users/viveksarkar/Library/Developer/Xcode/DerivedData/Hatari-crnaywjepgfrrcdspvkwustrehyb/Build/Products/Debug-iphoneos/React-jsitooling -L/Users/viveksarkar/Library/Developer/Xcode/DerivedData/Hatari-crnaywjepgfrrcdspvkwustrehyb/Build/Products/Debug-iphoneos/React-logger -L/Users/viveksarkar/Library/Developer/Xcode/DerivedData/Hatari-crnaywjepgfrrcdspvkwustrehyb/Build/Products/Debug-iphoneos/React-microtasksnativemodule -L/Users/viveksarkar/Library/Developer/Xcode/DerivedData/Hatari-crnaywjepgfrrcdspvkwustrehyb/Build/Products/Debug-iphoneos/React-oscompat -L/Users/viveksarkar/Library/Developer/Xcode/DerivedData/Hatari-crnaywjepgfrrcdspvkwustrehyb/Build/Products/Debug-iphoneos/React-perflogger -L/Users/viveksarkar/Library/Developer/Xcode/DerivedData/Hatari-crnaywjepgfrrcdspvkwustrehyb/Build/Products/Debug-iphoneos/React-performancetimeline -L/Users/viveksarkar/Library/Developer/Xcode/DerivedData/Hatari-crnaywjepgfrrcdspvkwustrehyb/Build/Products/Debug-iphoneos/React-rendererconsistency -L/Users/viveksarkar/Library/Developer/Xcode/DerivedData/Hatari-crnaywjepgfrrcdspvkwustrehyb/Build/Products/Debug-iphoneos/React-renderercss -L/Users/viveksarkar/Library/Developer/Xcode/DerivedData/Hatari-crnaywjepgfrrcdspvkwustrehyb/Build/Products/Debug-iphoneos/React-rendererdebug -L/Users/viveksarkar/Library/Developer/Xcode/DerivedData/Hatari-crnaywjepgfrrcdspvkwustrehyb/Build/Products/Debug-iphoneos/React-runtimescheduler -L/Users/viveksarkar/Library/Developer/Xcode/DerivedData/Hatari-crnaywjepgfrrcdspvkwustrehyb/Build/Products/Debug-iphoneos/React-utils -L/Users/viveksarkar/Library/Developer/Xcode/DerivedData/Hatari-crnaywjepgfrrcdspvkwustrehyb/Build/Products/Debug-iphoneos/ReactAppDependencyProvider -L/Users/viveksarkar/Library/Developer/Xcode/DerivedData/Hatari-crnaywjepgfrrcdspvkwustrehyb/Build/Products/Debug-iphoneos/ReactCodegen -L/Users/viveksarkar/Library/Developer/Xcode/DerivedData/Hatari-crnaywjepgfrrcdspvkwustrehyb/Build/Products/Debug-iphoneos/ReactCommon -L/Users/viveksarkar/Library/Developer/Xcode/DerivedData/Hatari-crnaywjepgfrrcdspvkwustrehyb/Build/Products/Debug-iphoneos/SocketRocket -L/Users/viveksarkar/Library/Developer/Xcode/DerivedData/Hatari-crnaywjepgfrrcdspvkwustrehyb/Build/Products/Debug-iphoneos/Yoga -L/Users/viveksarkar/Library/Developer/Xcode/DerivedData/Hatari-crnaywjepgfrrcdspvkwustrehyb/Build/Products/Debug-iphoneos/fmt -L/Users/viveksarkar/Library/Developer/Xcode/DerivedData/Hatari-crnaywjepgfrrcdspvkwustrehyb/Build/Products/Debug-iphoneos/glog -L/Users/viveksarkar/Library/Developer/Xcode/DerivedData/Hatari-crnaywjepgfrrcdspvkwustrehyb/Build/Products/Debug-iphoneos/react-native-blur -L/Users/viveksarkar/Library/Developer/Xcode/DerivedData/Hatari-crnaywjepgfrrcdspvkwustrehyb/Build/Products/Debug-iphoneos/react-native-geolocation -L/Users/viveksarkar/Library/Developer/Xcode/DerivedData/Hatari-crnaywjepgfrrcdspvkwustrehyb/Build/Products/Debug-iphoneos/react-native-geolocation-service -L/Users/viveksarkar/Library/Developer/Xcode/DerivedData/Hatari-crnaywjepgfrrcdspvkwustrehyb/Build/Products/Debug-iphoneos/react-native-maps -L/Users/viveksarkar/Library/Developer/Xcode/DerivedData/Hatari-crnaywjepgfrrcdspvkwustrehyb/Build/Products/Debug-iphoneos/react-native-netinfo -L/Users/viveksarkar/Library/Developer/Xcode/DerivedData/Hatari-crnaywjepgfrrcdspvkwustrehyb/Build/Products/Debug-iphoneos/react-native-safe-area-context -L/Users/viveksarkar/Library/Developer/Xcode/DerivedData/Hatari-crnaywjepgfrrcdspvkwustrehyb/Build/Products/Debug-iphoneos/react-native-version-check -L/Applications/Xcode.app/Contents/Developer/Toolchains/XcodeDefault.xctoolchain/usr/lib/swift/iphoneos -L/Applications/Xcode.app/Contents/Developer/Platforms/iPhoneOS.platform/Developer/SDKs/iPhoneOS26.2.sdk/usr/lib/swift -filelist /Users/viveksarkar/Library/Developer/Xcode/DerivedData/Hatari-crnaywjepgfrrcdspvkwustrehyb/Build/Intermediates.noindex/Pods.build/Debug-iphoneos/Pods-Hatari.build/Objects-normal/arm64/Pods-Hatari.LinkFileList -dependency_info /Users/viveksarkar/Library/Developer/Xcode/DerivedData/Hatari-crnaywjepgfrrcdspvkwustrehyb/Build/Intermediates.noindex/Pods.build/Debug-iphoneos/Pods-Hatari.build/Objects-normal/arm64/Pods-Hatari_libtool_dependency_info.dat -o /Users/viveksarkar/Library/Developer/Xcode/DerivedData/Hatari-crnaywjepgfrrcdspvkwustrehyb/Build/Products/Debug-iphoneos/libPods-Hatari.a

warning: Run script build phase 'Bundle React Native code and images' will be run during every build because it does not specify any outputs. To address this issue, either add output dependencies to the script phase, or configure it to run in every build by unchecking "Based on dependency analysis" in the script phase. (in target 'Hatari' from project 'Hatari')
PhaseScriptExecution [CP]\ Check\ Pods\ Manifest.lock /Users/viveksarkar/Library/Developer/Xcode/DerivedData/Hatari-crnaywjepgfrrcdspvkwustrehyb/Build/Intermediates.noindex/Hatari.build/Debug-iphoneos/Hatari.build/Script-C38B50BA6285516D6DCD4F65.sh (in target 'Hatari' from project 'Hatari')
    cd /Users/viveksarkar/Desktop/Hatari_app/ios
    /bin/sh -c /Users/viveksarkar/Library/Developer/Xcode/DerivedData/Hatari-crnaywjepgfrrcdspvkwustrehyb/Build/Intermediates.noindex/Hatari.build/Debug-iphoneos/Hatari.build/Script-C38B50BA6285516D6DCD4F65.sh

Ld /Users/viveksarkar/Library/Developer/Xcode/DerivedData/Hatari-crnaywjepgfrrcdspvkwustrehyb/Build/Products/Debug-iphoneos/Hatari.app/__preview.dylib normal (in target 'Hatari' from project 'Hatari')
    cd /Users/viveksarkar/Desktop/Hatari_app/ios
    /Applications/Xcode.app/Contents/Developer/Toolchains/XcodeDefault.xctoolchain/usr/bin/clang -Xlinker -reproducible -target arm64-apple-ios15.1 -dynamiclib -isysroot /Applications/Xcode.app/Contents/Developer/Platforms/iPhoneOS.platform/Developer/SDKs/iPhoneOS26.2.sdk -O0 -L/Users/viveksarkar/Library/Developer/Xcode/DerivedData/Hatari-crnaywjepgfrrcdspvkwustrehyb/Build/Products/Debug-iphoneos -L/Applications/Xcode.app/Contents/Developer/Platforms/iPhoneOS.platform/Developer/SDKs/iPhoneOS26.2.sdk/usr/lib/swift -L/Applications/Xcode.app/Contents/Developer/Toolchains/XcodeDefault.xctoolchain/usr/lib/swift/iphoneos -L/Users/viveksarkar/Library/Developer/Xcode/DerivedData/Hatari-crnaywjepgfrrcdspvkwustrehyb/Build/Products/Debug-iphoneos/BVLinearGradient -L/Users/viveksarkar/Library/Developer/Xcode/DerivedData/Hatari-crnaywjepgfrrcdspvkwustrehyb/Build/Products/Debug-iphoneos/DoubleConversion -L/Users/viveksarkar/Library/Developer/Xcode/DerivedData/Hatari-crnaywjepgfrrcdspvkwustrehyb/Build/Products/Debug-iphoneos/RCT-Folly -L/Users/viveksarkar/Library/Developer/Xcode/DerivedData/Hatari-crnaywjepgfrrcdspvkwustrehyb/Build/Products/Debug-iphoneos/RCTDeprecation -L/Users/viveksarkar/Library/Developer/Xcode/DerivedData/Hatari-crnaywjepgfrrcdspvkwustrehyb/Build/Products/Debug-iphoneos/RCTTypeSafety -L/Users/viveksarkar/Library/Developer/Xcode/DerivedData/Hatari-crnaywjepgfrrcdspvkwustrehyb/Build/Products/Debug-iphoneos/RNCAsyncStorage -L/Users/viveksarkar/Library/Developer/Xcode/DerivedData/Hatari-crnaywjepgfrrcdspvkwustrehyb/Build/Products/Debug-iphoneos/RNDateTimePicker -L/Users/viveksarkar/Library/Developer/Xcode/DerivedData/Hatari-crnaywjepgfrrcdspvkwustrehyb/Build/Products/Debug-iphoneos/RNGestureHandler -L/Users/viveksarkar/Library/Developer/Xcode/DerivedData/Hatari-crnaywjepgfrrcdspvkwustrehyb/Build/Products/Debug-iphoneos/RNPermissions -L/Users/viveksarkar/Library/Developer/Xcode/DerivedData/Hatari-crnaywjepgfrrcdspvkwustrehyb/Build/Products/Debug-iphoneos/RNSVG -L/Users/viveksarkar/Library/Developer/Xcode/DerivedData/Hatari-crnaywjepgfrrcdspvkwustrehyb/Build/Products/Debug-iphoneos/RNScreens -L/Users/viveksarkar/Library/Developer/Xcode/DerivedData/Hatari-crnaywjepgfrrcdspvkwustrehyb/Build/Products/Debug-iphoneos/RNVectorIcons -L/Users/viveksarkar/Library/Developer/Xcode/DerivedData/Hatari-crnaywjepgfrrcdspvkwustrehyb/Build/Products/Debug-iphoneos/React-Core -L/Users/viveksarkar/Library/Developer/Xcode/DerivedData/Hatari-crnaywjepgfrrcdspvkwustrehyb/Build/Products/Debug-iphoneos/React-CoreModules -L/Users/viveksarkar/Library/Developer/Xcode/DerivedData/Hatari-crnaywjepgfrrcdspvkwustrehyb/Build/Products/Debug-iphoneos/React-Fabric -L/Users/viveksarkar/Library/Developer/Xcode/DerivedData/Hatari-crnaywjepgfrrcdspvkwustrehyb/Build/Products/Debug-iphoneos/React-FabricComponents -L/Users/viveksarkar/Library/Developer/Xcode/DerivedData/Hatari-crnaywjepgfrrcdspvkwustrehyb/Build/Products/Debug-iphoneos/React-FabricImage -L/Users/viveksarkar/Library/Developer/Xcode/DerivedData/Hatari-crnaywjepgfrrcdspvkwustrehyb/Build/Products/Debug-iphoneos/React-ImageManager -L/Users/viveksarkar/Library/Developer/Xcode/DerivedData/Hatari-crnaywjepgfrrcdspvkwustrehyb/Build/Products/Debug-iphoneos/React-Mapbuffer -L/Users/viveksarkar/Library/Developer/Xcode/DerivedData/Hatari-crnaywjepgfrrcdspvkwustrehyb/Build/Products/Debug-iphoneos/React-NativeModulesApple -L/Users/viveksarkar/Library/Developer/Xcode/DerivedData/Hatari-crnaywjepgfrrcdspvkwustrehyb/Build/Products/Debug-iphoneos/React-RCTAnimation -L/Users/viveksarkar/Library/Developer/Xcode/DerivedData/Hatari-crnaywjepgfrrcdspvkwustrehyb/Build/Products/Debug-iphoneos/React-RCTAppDelegate -L/Users/viveksarkar/Library/Developer/Xcode/DerivedData/Hatari-crnaywjepgfrrcdspvkwustrehyb/Build/Products/Debug-iphoneos/React-RCTBlob -L/Users/viveksarkar/Library/Developer/Xcode/DerivedData/Hatari-crnaywjepgfrrcdspvkwustrehyb/Build/Products/Debug-iphoneos/React-RCTFBReactNativeSpec -L/Users/viveksarkar/Library/Developer/Xcode/DerivedData/Hatari-crnaywjepgfrrcdspvkwustrehyb/Build/Products/Debug-iphoneos/React-RCTFabric -L/Users/viveksarkar/Library/Developer/Xcode/DerivedData/Hatari-crnaywjepgfrrcdspvkwustrehyb/Build/Products/Debug-iphoneos/React-RCTImage -L/Users/viveksarkar/Library/Developer/Xcode/DerivedData/Hatari-crnaywjepgfrrcdspvkwustrehyb/Build/Products/Debug-iphoneos/React-RCTLinking -L/Users/viveksarkar/Library/Developer/Xcode/DerivedData/Hatari-crnaywjepgfrrcdspvkwustrehyb/Build/Products/Debug-iphoneos/React-RCTNetwork -L/Users/viveksarkar/Library/Developer/Xcode/DerivedData/Hatari-crnaywjepgfrrcdspvkwustrehyb/Build/Products/Debug-iphoneos/React-RCTRuntime -L/Users/viveksarkar/Library/Developer/Xcode/DerivedData/Hatari-crnaywjepgfrrcdspvkwustrehyb/Build/Products/Debug-iphoneos/React-RCTSettings -L/Users/viveksarkar/Library/Developer/Xcode/DerivedData/Hatari-crnaywjepgfrrcdspvkwustrehyb/Build/Products/Debug-iphoneos/React-RCTText -L/Users/viveksarkar/Library/Developer/Xcode/DerivedData/Hatari-crnaywjepgfrrcdspvkwustrehyb/Build/Products/Debug-iphoneos/React-RCTVibration -L/Users/viveksarkar/Library/Developer/Xcode/DerivedData/Hatari-crnaywjepgfrrcdspvkwustrehyb/Build/Products/Debug-iphoneos/React-RuntimeApple -L/Users/viveksarkar/Library/Developer/Xcode/DerivedData/Hatari-crnaywjepgfrrcdspvkwustrehyb/Build/Products/Debug-iphoneos/React-RuntimeCore -L/Users/viveksarkar/Library/Developer/Xcode/DerivedData/Hatari-crnaywjepgfrrcdspvkwustrehyb/Build/Products/Debug-iphoneos/React-RuntimeHermes -L/Users/viveksarkar/Library/Developer/Xcode/DerivedData/Hatari-crnaywjepgfrrcdspvkwustrehyb/Build/Products/Debug-iphoneos/React-cxxreact -L/Users/viveksarkar/Library/Developer/Xcode/DerivedData/Hatari-crnaywjepgfrrcdspvkwustrehyb/Build/Products/Debug-iphoneos/React-debug -L/Users/viveksarkar/Library/Developer/Xcode/DerivedData/Hatari-crnaywjepgfrrcdspvkwustrehyb/Build/Products/Debug-iphoneos/React-defaultsnativemodule -L/Users/viveksarkar/Library/Developer/Xcode/DerivedData/Hatari-crnaywjepgfrrcdspvkwustrehyb/Build/Products/Debug-iphoneos/React-domnativemodule -L/Users/viveksarkar/Library/Developer/Xcode/DerivedData/Hatari-crnaywjepgfrrcdspvkwustrehyb/Build/Products/Debug-iphoneos/React-featureflags -L/Users/viveksarkar/Library/Developer/Xcode/DerivedData/Hatari-crnaywjepgfrrcdspvkwustrehyb/Build/Products/Debug-iphoneos/React-featureflagsnativemodule -L/Users/viveksarkar/Library/Developer/Xcode/DerivedData/Hatari-crnaywjepgfrrcdspvkwustrehyb/Build/Products/Debug-iphoneos/React-graphics -L/Users/viveksarkar/Library/Developer/Xcode/DerivedData/Hatari-crnaywjepgfrrcdspvkwustrehyb/Build/Products/Debug-iphoneos/React-hermes -L/Users/viveksarkar/Library/Developer/Xcode/DerivedData/Hatari-crnaywjepgfrrcdspvkwustrehyb/Build/Products/Debug-iphoneos/React-idlecallbacksnativemodule -L/Users/viveksarkar/Library/Developer/Xcode/DerivedData/Hatari-crnaywjepgfrrcdspvkwustrehyb/Build/Products/Debug-iphoneos/React-jserrorhandler -L/Users/viveksarkar/Library/Developer/Xcode/DerivedData/Hatari-crnaywjepgfrrcdspvkwustrehyb/Build/Products/Debug-iphoneos/React-jsi -L/Users/viveksarkar/Library/Developer/Xcode/DerivedData/Hatari-crnaywjepgfrrcdspvkwustrehyb/Build/Products/Debug-iphoneos/React-jsiexecutor -L/Users/viveksarkar/Library/Developer/Xcode/DerivedData/Hatari-crnaywjepgfrrcdspvkwustrehyb/Build/Products/Debug-iphoneos/React-jsinspector -L/Users/viveksarkar/Library/Developer/Xcode/DerivedData/Hatari-crnaywjepgfrrcdspvkwustrehyb/Build/Products/Debug-iphoneos/React-jsinspectortracing -L/Users/viveksarkar/Library/Developer/Xcode/DerivedData/Hatari-crnaywjepgfrrcdspvkwustrehyb/Build/Products/Debug-iphoneos/React-jsitooling -L/Users/viveksarkar/Library/Developer/Xcode/DerivedData/Hatari-crnaywjepgfrrcdspvkwustrehyb/Build/Products/Debug-iphoneos/React-logger -L/Users/viveksarkar/Library/Developer/Xcode/DerivedData/Hatari-crnaywjepgfrrcdspvkwustrehyb/Build/Products/Debug-iphoneos/React-microtasksnativemodule -L/Users/viveksarkar/Library/Developer/Xcode/DerivedData/Hatari-crnaywjepgfrrcdspvkwustrehyb/Build/Products/Debug-iphoneos/React-oscompat -L/Users/viveksarkar/Library/Developer/Xcode/DerivedData/Hatari-crnaywjepgfrrcdspvkwustrehyb/Build/Products/Debug-iphoneos/React-perflogger -L/Users/viveksarkar/Library/Developer/Xcode/DerivedData/Hatari-crnaywjepgfrrcdspvkwustrehyb/Build/Products/Debug-iphoneos/React-performancetimeline -L/Users/viveksarkar/Library/Developer/Xcode/DerivedData/Hatari-crnaywjepgfrrcdspvkwustrehyb/Build/Products/Debug-iphoneos/React-rendererconsistency -L/Users/viveksarkar/Library/Developer/Xcode/DerivedData/Hatari-crnaywjepgfrrcdspvkwustrehyb/Build/Products/Debug-iphoneos/React-renderercss -L/Users/viveksarkar/Library/Developer/Xcode/DerivedData/Hatari-crnaywjepgfrrcdspvkwustrehyb/Build/Products/Debug-iphoneos/React-rendererdebug -L/Users/viveksarkar/Library/Developer/Xcode/DerivedData/Hatari-crnaywjepgfrrcdspvkwustrehyb/Build/Products/Debug-iphoneos/React-runtimescheduler -L/Users/viveksarkar/Library/Developer/Xcode/DerivedData/Hatari-crnaywjepgfrrcdspvkwustrehyb/Build/Products/Debug-iphoneos/React-utils -L/Users/viveksarkar/Library/Developer/Xcode/DerivedData/Hatari-crnaywjepgfrrcdspvkwustrehyb/Build/Products/Debug-iphoneos/ReactAppDependencyProvider -L/Users/viveksarkar/Library/Developer/Xcode/DerivedData/Hatari-crnaywjepgfrrcdspvkwustrehyb/Build/Products/Debug-iphoneos/ReactCodegen -L/Users/viveksarkar/Library/Developer/Xcode/DerivedData/Hatari-crnaywjepgfrrcdspvkwustrehyb/Build/Products/Debug-iphoneos/ReactCommon -L/Users/viveksarkar/Library/Developer/Xcode/DerivedData/Hatari-crnaywjepgfrrcdspvkwustrehyb/Build/Products/Debug-iphoneos/SocketRocket -L/Users/viveksarkar/Library/Developer/Xcode/DerivedData/Hatari-crnaywjepgfrrcdspvkwustrehyb/Build/Products/Debug-iphoneos/Yoga -L/Users/viveksarkar/Library/Developer/Xcode/DerivedData/Hatari-crnaywjepgfrrcdspvkwustrehyb/Build/Products/Debug-iphoneos/fmt -L/Users/viveksarkar/Library/Developer/Xcode/DerivedData/Hatari-crnaywjepgfrrcdspvkwustrehyb/Build/Products/Debug-iphoneos/glog -L/Users/viveksarkar/Library/Developer/Xcode/DerivedData/Hatari-crnaywjepgfrrcdspvkwustrehyb/Build/Products/Debug-iphoneos/react-native-blur -L/Users/viveksarkar/Library/Developer/Xcode/DerivedData/Hatari-crnaywjepgfrrcdspvkwustrehyb/Build/Products/Debug-iphoneos/react-native-geolocation -L/Users/viveksarkar/Library/Developer/Xcode/DerivedData/Hatari-crnaywjepgfrrcdspvkwustrehyb/Build/Products/Debug-iphoneos/react-native-geolocation-service -L/Users/viveksarkar/Library/Developer/Xcode/DerivedData/Hatari-crnaywjepgfrrcdspvkwustrehyb/Build/Products/Debug-iphoneos/react-native-maps -L/Users/viveksarkar/Library/Developer/Xcode/DerivedData/Hatari-crnaywjepgfrrcdspvkwustrehyb/Build/Products/Debug-iphoneos/react-native-netinfo -L/Users/viveksarkar/Library/Developer/Xcode/DerivedData/Hatari-crnaywjepgfrrcdspvkwustrehyb/Build/Products/Debug-iphoneos/react-native-safe-area-context -L/Users/viveksarkar/Library/Developer/Xcode/DerivedData/Hatari-crnaywjepgfrrcdspvkwustrehyb/Build/Products/Debug-iphoneos/react-native-version-check -L/Applications/Xcode.app/Contents/Developer/Toolchains/XcodeDefault.xctoolchain/usr/lib/swift/iphoneos -L/Applications/Xcode.app/Contents/Developer/Platforms/iPhoneOS.platform/Developer/SDKs/iPhoneOS26.2.sdk/usr/lib/swift -F/Users/viveksarkar/Library/Developer/Xcode/DerivedData/Hatari-crnaywjepgfrrcdspvkwustrehyb/Build/Products/Debug-iphoneos -F/Users/viveksarkar/Desktop/Hatari_app/ios/Pods/hermes-engine/destroot/Library/Frameworks/universal -F/Users/viveksarkar/Library/Developer/Xcode/DerivedData/Hatari-crnaywjepgfrrcdspvkwustrehyb/Build/Products/Debug-iphoneos/XCFrameworkIntermediates/hermes-engine/Pre-built -install_name @rpath/Hatari.debug.dylib -dead_strip -rdynamic -Xlinker -no_deduplicate -Xlinker -dependency_info -Xlinker /Users/viveksarkar/Library/Developer/Xcode/DerivedData/Hatari-crnaywjepgfrrcdspvkwustrehyb/Build/Intermediates.noindex/Hatari.build/Debug-iphoneos/Hatari.build/Objects-normal/arm64/Hatari_dependency_info.dat -Xlinker -no_adhoc_codesign -o /Users/viveksarkar/Library/Developer/Xcode/DerivedData/Hatari-crnaywjepgfrrcdspvkwustrehyb/Build/Products/Debug-iphoneos/Hatari.app/__preview.dylib

MkDir /Users/viveksarkar/Library/Developer/Xcode/DerivedData/Hatari-crnaywjepgfrrcdspvkwustrehyb/Build/Intermediates.noindex/Hatari.build/Debug-iphoneos/Hatari.build/assetcatalog_output/thinned (in target 'Hatari' from project 'Hatari')
    cd /Users/viveksarkar/Desktop/Hatari_app/ios
    /bin/mkdir -p /Users/viveksarkar/Library/Developer/Xcode/DerivedData/Hatari-crnaywjepgfrrcdspvkwustrehyb/Build/Intermediates.noindex/Hatari.build/Debug-iphoneos/Hatari.build/assetcatalog_output/thinned

MkDir /Users/viveksarkar/Library/Developer/Xcode/DerivedData/Hatari-crnaywjepgfrrcdspvkwustrehyb/Build/Intermediates.noindex/Hatari.build/Debug-iphoneos/Hatari.build/assetcatalog_output/unthinned (in target 'Hatari' from project 'Hatari')
    cd /Users/viveksarkar/Desktop/Hatari_app/ios
    /bin/mkdir -p /Users/viveksarkar/Library/Developer/Xcode/DerivedData/Hatari-crnaywjepgfrrcdspvkwustrehyb/Build/Intermediates.noindex/Hatari.build/Debug-iphoneos/Hatari.build/assetcatalog_output/unthinned

CopyPlistFile /Users/viveksarkar/Library/Developer/Xcode/DerivedData/Hatari-crnaywjepgfrrcdspvkwustrehyb/Build/Products/Debug-iphoneos/Hatari.app/PrivacyInfo.xcprivacy /Users/viveksarkar/Desktop/Hatari_app/ios/Hatari/PrivacyInfo.xcprivacy (in target 'Hatari' from project 'Hatari')
    cd /Users/viveksarkar/Desktop/Hatari_app/ios
    builtin-copyPlist --convert binary1 --outdir /Users/viveksarkar/Library/Developer/Xcode/DerivedData/Hatari-crnaywjepgfrrcdspvkwustrehyb/Build/Products/Debug-iphoneos/Hatari.app -- /Users/viveksarkar/Desktop/Hatari_app/ios/Hatari/PrivacyInfo.xcprivacy

GenerateAssetSymbols /Users/viveksarkar/Desktop/Hatari_app/ios/Hatari/Images.xcassets (in target 'Hatari' from project 'Hatari')
    cd /Users/viveksarkar/Desktop/Hatari_app/ios
    /Applications/Xcode.app/Contents/Developer/usr/bin/actool /Users/viveksarkar/Desktop/Hatari_app/ios/Hatari/Images.xcassets --compile /Users/viveksarkar/Library/Developer/Xcode/DerivedData/Hatari-crnaywjepgfrrcdspvkwustrehyb/Build/Products/Debug-iphoneos/Hatari.app --output-format human-readable-text --notices --warnings --export-dependency-info /Users/viveksarkar/Library/Developer/Xcode/DerivedData/Hatari-crnaywjepgfrrcdspvkwustrehyb/Build/Intermediates.noindex/Hatari.build/Debug-iphoneos/Hatari.build/assetcatalog_dependencies --output-partial-info-plist /Users/viveksarkar/Library/Developer/Xcode/DerivedData/Hatari-crnaywjepgfrrcdspvkwustrehyb/Build/Intermediates.noindex/Hatari.build/Debug-iphoneos/Hatari.build/assetcatalog_generated_info.plist --app-icon AppIcon --compress-pngs --enable-on-demand-resources YES --development-region en --target-device iphone --minimum-deployment-target 15.1 --platform iphoneos --bundle-identifier com.hatari.restaurant.v1 --generate-swift-asset-symbol-extensions NO --generate-swift-asset-symbols /Users/viveksarkar/Library/Developer/Xcode/DerivedData/Hatari-crnaywjepgfrrcdspvkwustrehyb/Build/Intermediates.noindex/Hatari.build/Debug-iphoneos/Hatari.build/DerivedSources/GeneratedAssetSymbols.swift --generate-objc-asset-symbols /Users/viveksarkar/Library/Developer/Xcode/DerivedData/Hatari-crnaywjepgfrrcdspvkwustrehyb/Build/Intermediates.noindex/Hatari.build/Debug-iphoneos/Hatari.build/DerivedSources/GeneratedAssetSymbols.h --generate-asset-symbol-index /Users/viveksarkar/Library/Developer/Xcode/DerivedData/Hatari-crnaywjepgfrrcdspvkwustrehyb/Build/Intermediates.noindex/Hatari.build/Debug-iphoneos/Hatari.build/DerivedSources/GeneratedAssetSymbols-Index.plist
/* com.apple.actool.compilation-results */
/Users/viveksarkar/Library/Developer/Xcode/DerivedData/Hatari-crnaywjepgfrrcdspvkwustrehyb/Build/Intermediates.noindex/Hatari.build/Debug-iphoneos/Hatari.build/DerivedSources/GeneratedAssetSymbols-Index.plist
/Users/viveksarkar/Library/Developer/Xcode/DerivedData/Hatari-crnaywjepgfrrcdspvkwustrehyb/Build/Intermediates.noindex/Hatari.build/Debug-iphoneos/Hatari.build/DerivedSources/GeneratedAssetSymbols.h
/Users/viveksarkar/Library/Developer/Xcode/DerivedData/Hatari-crnaywjepgfrrcdspvkwustrehyb/Build/Intermediates.noindex/Hatari.build/Debug-iphoneos/Hatari.build/DerivedSources/GeneratedAssetSymbols.swift


CompileStoryboard /Users/viveksarkar/Desktop/Hatari_app/ios/Hatari/LaunchScreen.storyboard (in target 'Hatari' from project 'Hatari')
    cd /Users/viveksarkar/Desktop/Hatari_app/ios
    /Applications/Xcode.app/Contents/Developer/usr/bin/ibtool --errors --warnings --notices --module Hatari --output-partial-info-plist /Users/viveksarkar/Library/Developer/Xcode/DerivedData/Hatari-crnaywjepgfrrcdspvkwustrehyb/Build/Intermediates.noindex/Hatari.build/Debug-iphoneos/Hatari.build/LaunchScreen-SBPartialInfo.plist --auto-activate-custom-fonts --target-device iphone --minimum-deployment-target 15.1 --output-format human-readable-text /Users/viveksarkar/Desktop/Hatari_app/ios/Hatari/LaunchScreen.storyboard --compilation-directory /Users/viveksarkar/Library/Developer/Xcode/DerivedData/Hatari-crnaywjepgfrrcdspvkwustrehyb/Build/Intermediates.noindex/Hatari.build/Debug-iphoneos/Hatari.build

CompileAssetCatalogVariant thinned /Users/viveksarkar/Library/Developer/Xcode/DerivedData/Hatari-crnaywjepgfrrcdspvkwustrehyb/Build/Products/Debug-iphoneos/Hatari.app /Users/viveksarkar/Desktop/Hatari_app/ios/Hatari/Images.xcassets (in target 'Hatari' from project 'Hatari')
    cd /Users/viveksarkar/Desktop/Hatari_app/ios
    /Applications/Xcode.app/Contents/Developer/usr/bin/actool /Users/viveksarkar/Desktop/Hatari_app/ios/Hatari/Images.xcassets --compile /Users/viveksarkar/Library/Developer/Xcode/DerivedData/Hatari-crnaywjepgfrrcdspvkwustrehyb/Build/Intermediates.noindex/Hatari.build/Debug-iphoneos/Hatari.build/assetcatalog_output/thinned --output-format human-readable-text --notices --warnings --export-dependency-info /Users/viveksarkar/Library/Developer/Xcode/DerivedData/Hatari-crnaywjepgfrrcdspvkwustrehyb/Build/Intermediates.noindex/Hatari.build/Debug-iphoneos/Hatari.build/assetcatalog_dependencies_thinned --output-partial-info-plist /Users/viveksarkar/Library/Developer/Xcode/DerivedData/Hatari-crnaywjepgfrrcdspvkwustrehyb/Build/Intermediates.noindex/Hatari.build/Debug-iphoneos/Hatari.build/assetcatalog_generated_info.plist_thinned --app-icon AppIcon --compress-pngs --enable-on-demand-resources YES --development-region en --target-device iphone --minimum-deployment-target 15.1 --platform iphoneos
/* com.apple.actool.compilation-results */
/Users/viveksarkar/Library/Developer/Xcode/DerivedData/Hatari-crnaywjepgfrrcdspvkwustrehyb/Build/Intermediates.noindex/Hatari.build/Debug-iphoneos/Hatari.build/assetcatalog_generated_info.plist_thinned
/Users/viveksarkar/Library/Developer/Xcode/DerivedData/Hatari-crnaywjepgfrrcdspvkwustrehyb/Build/Intermediates.noindex/Hatari.build/Debug-iphoneos/Hatari.build/assetcatalog_output/thinned/AppIcon60x60@2x.png
/Users/viveksarkar/Library/Developer/Xcode/DerivedData/Hatari-crnaywjepgfrrcdspvkwustrehyb/Build/Intermediates.noindex/Hatari.build/Debug-iphoneos/Hatari.build/assetcatalog_output/thinned/Assets.car


SwiftDriver Hatari normal arm64 com.apple.xcode.tools.swift.compiler (in target 'Hatari' from project 'Hatari')
    cd /Users/viveksarkar/Desktop/Hatari_app/ios
    builtin-SwiftDriver -- /Applications/Xcode.app/Contents/Developer/Toolchains/XcodeDefault.xctoolchain/usr/bin/swiftc -module-name Hatari -Onone -enforce-exclusivity\=checked @/Users/viveksarkar/Library/Developer/Xcode/DerivedData/Hatari-crnaywjepgfrrcdspvkwustrehyb/Build/Intermediates.noindex/Hatari.build/Debug-iphoneos/Hatari.build/Objects-normal/arm64/Hatari.SwiftFileList -DDEBUG -D COCOAPODS -Xcc -fmodule-map-file\=/Users/viveksarkar/Library/Developer/Xcode/DerivedData/Hatari-crnaywjepgfrrcdspvkwustrehyb/Build/Products/Debug-iphoneos/react-native-geolocation-service/react_native_geolocation_service.modulemap -Xcc -fmodule-map-file\=/Users/viveksarkar/Desktop/Hatari_app/ios/Pods/Headers/Public/DoubleConversion/DoubleConversion.modulemap -Xcc -fmodule-map-file\=/Users/viveksarkar/Desktop/Hatari_app/ios/Pods/Headers/Public/RCTDeprecation/RCTDeprecation.modulemap -Xcc -fmodule-map-file\=/Users/viveksarkar/Desktop/Hatari_app/ios/Pods/Headers/Public/RCTFabric/React-RCTFabric.modulemap -Xcc -fmodule-map-file\=/Users/viveksarkar/Desktop/Hatari_app/ios/Pods/Headers/Public/RCTRuntime/React-RCTRuntime.modulemap -Xcc -fmodule-map-file\=/Users/viveksarkar/Desktop/Hatari_app/ios/Pods/Headers/Public/RCTTypeSafety/RCTTypeSafety.modulemap -Xcc -fmodule-map-file\=/Users/viveksarkar/Desktop/Hatari_app/ios/Pods/Headers/Public/React/React-Core.modulemap -Xcc -fmodule-map-file\=/Users/viveksarkar/Desktop/Hatari_app/ios/Pods/Headers/Public/ReactAppDependencyProvider/ReactAppDependencyProvider.modulemap -Xcc -fmodule-map-file\=/Users/viveksarkar/Desktop/Hatari_app/ios/Pods/Headers/Public/ReactCodegen/ReactCodegen.modulemap -Xcc -fmodule-map-file\=/Users/viveksarkar/Desktop/Hatari_app/ios/Pods/Headers/Public/ReactCommon/ReactCommon.modulemap -Xcc -fmodule-map-file\=/Users/viveksarkar/Desktop/Hatari_app/ios/Pods/Headers/Public/React_Fabric/React-Fabric.modulemap -Xcc -fmodule-map-file\=/Users/viveksarkar/Desktop/Hatari_app/ios/Pods/Headers/Public/React_FabricComponents/React-FabricComponents.modulemap -Xcc -fmodule-map-file\=/Users/viveksarkar/Desktop/Hatari_app/ios/Pods/Headers/Public/React_NativeModulesApple/React-NativeModulesApple.modulemap -Xcc -fmodule-map-file\=/Users/viveksarkar/Desktop/Hatari_app/ios/Pods/Headers/Public/React_RCTAppDelegate/React-RCTAppDelegate.modulemap -Xcc -fmodule-map-file\=/Users/viveksarkar/Desktop/Hatari_app/ios/Pods/Headers/Public/folly/RCT-Folly.modulemap -Xcc -fmodule-map-file\=/Users/viveksarkar/Desktop/Hatari_app/ios/Pods/Headers/Public/glog/glog.modulemap -Xcc -fmodule-map-file\=/Users/viveksarkar/Desktop/Hatari_app/ios/Pods/Headers/Public/jsi/React-jsi.modulemap -Xcc -fmodule-map-file\=/Users/viveksarkar/Desktop/Hatari_app/ios/Pods/Headers/Public/jsinspector_modern/React-jsinspector.modulemap -Xcc -fmodule-map-file\=/Users/viveksarkar/Desktop/Hatari_app/ios/Pods/Headers/Public/jsinspector_modern_tracing/React-jsinspectortracing.modulemap -Xcc -fmodule-map-file\=/Users/viveksarkar/Desktop/Hatari_app/ios/Pods/Headers/Public/react_debug/React-debug.modulemap -Xcc -fmodule-map-file\=/Users/viveksarkar/Desktop/Hatari_app/ios/Pods/Headers/Public/react_featureflags/React-featureflags.modulemap -Xcc -fmodule-map-file\=/Users/viveksarkar/Desktop/Hatari_app/ios/Pods/Headers/Public/react_nativemodule_defaults/React-defaultsnativemodule.modulemap -Xcc -fmodule-map-file\=/Users/viveksarkar/Desktop/Hatari_app/ios/Pods/Headers/Public/react_nativemodule_dom/React-domnativemodule.modulemap -Xcc -fmodule-map-file\=/Users/viveksarkar/Desktop/Hatari_app/ios/Pods/Headers/Public/react_nativemodule_featureflags/React-featureflagsnativemodule.modulemap -Xcc -fmodule-map-file\=/Users/viveksarkar/Desktop/Hatari_app/ios/Pods/Headers/Public/react_nativemodule_idlecallbacks/React-idlecallbacksnativemodule.modulemap -Xcc -fmodule-map-file\=/Users/viveksarkar/Desktop/Hatari_app/ios/Pods/Headers/Public/react_nativemodule_microtasks/React-microtasksnativemodule.modulemap -Xcc -fmodule-map-file\=/Users/viveksarkar/Desktop/Hatari_app/ios/Pods/Headers/Public/react_renderer_css/React-renderercss.modulemap -Xcc -fmodule-map-file\=/Users/viveksarkar/Desktop/Hatari_app/ios/Pods/Headers/Public/react_renderer_debug/React-rendererdebug.modulemap -Xcc -fmodule-map-file\=/Users/viveksarkar/Desktop/Hatari_app/ios/Pods/Headers/Public/react_renderer_graphics/React-graphics.modulemap -Xcc -fmodule-map-file\=/Users/viveksarkar/Desktop/Hatari_app/ios/Pods/Headers/Public/react_renderer_imagemanager/React-ImageManager.modulemap -Xcc -fmodule-map-file\=/Users/viveksarkar/Desktop/Hatari_app/ios/Pods/Headers/Public/react_runtime/React-jsitooling.modulemap -Xcc -fmodule-map-file\=/Users/viveksarkar/Desktop/Hatari_app/ios/Pods/Headers/Public/react_utils/React-utils.modulemap -Xcc -fmodule-map-file\=/Users/viveksarkar/Desktop/Hatari_app/ios/Pods/Headers/Public/reacthermes/React-hermes.modulemap -Xcc -fmodule-map-file\=/Users/viveksarkar/Desktop/Hatari_app/ios/Pods/Headers/Public/yoga/Yoga.modulemap -enable-bare-slash-regex -enable-experimental-feature DebugDescriptionMacro -sdk /Applications/Xcode.app/Contents/Developer/Platforms/iPhoneOS.platform/Developer/SDKs/iPhoneOS26.2.sdk -target arm64-apple-ios15.1 -g -module-cache-path /Users/viveksarkar/Library/Developer/Xcode/DerivedData/ModuleCache.noindex -Xfrontend -serialize-debugging-options -enable-testing -Xcc -D_LIBCPP_HARDENING_MODE\=_LIBCPP_HARDENING_MODE_DEBUG -swift-version 5 -I /Users/viveksarkar/Library/Developer/Xcode/DerivedData/Hatari-crnaywjepgfrrcdspvkwustrehyb/Build/Products/Debug-iphoneos -I /Users/viveksarkar/Library/Developer/Xcode/DerivedData/Hatari-crnaywjepgfrrcdspvkwustrehyb/Build/Products/Debug-iphoneos/react-native-geolocation-service -F /Users/viveksarkar/Library/Developer/Xcode/DerivedData/Hatari-crnaywjepgfrrcdspvkwustrehyb/Build/Products/Debug-iphoneos -F /Users/viveksarkar/Desktop/Hatari_app/ios/Pods/hermes-engine/destroot/Library/Frameworks/universal -F /Users/viveksarkar/Library/Developer/Xcode/DerivedData/Hatari-crnaywjepgfrrcdspvkwustrehyb/Build/Products/Debug-iphoneos/XCFrameworkIntermediates/hermes-engine/Pre-built -c -j8 -enable-batch-mode -incremental -Xcc -ivfsstatcache -Xcc /Users/viveksarkar/Library/Developer/Xcode/DerivedData/SDKStatCaches.noindex/iphoneos26.2-23C53-3794476bd08197c3e2abd9bb477ef7f7.sdkstatcache -output-file-map /Users/viveksarkar/Library/Developer/Xcode/DerivedData/Hatari-crnaywjepgfrrcdspvkwustrehyb/Build/Intermediates.noindex/Hatari.build/Debug-iphoneos/Hatari.build/Objects-normal/arm64/Hatari-OutputFileMap.json -use-frontend-parseable-output -save-temps -no-color-diagnostics -explicit-module-build -module-cache-path /Users/viveksarkar/Library/Developer/Xcode/DerivedData/Hatari-crnaywjepgfrrcdspvkwustrehyb/Build/Intermediates.noindex/SwiftExplicitPrecompiledModules -clang-scanner-module-cache-path /Users/viveksarkar/Library/Developer/Xcode/DerivedData/ModuleCache.noindex -sdk-module-cache-path /Users/viveksarkar/Library/Developer/Xcode/DerivedData/ModuleCache.noindex -serialize-diagnostics -emit-dependencies -emit-module -emit-module-path /Users/viveksarkar/Library/Developer/Xcode/DerivedData/Hatari-crnaywjepgfrrcdspvkwustrehyb/Build/Intermediates.noindex/Hatari.build/Debug-iphoneos/Hatari.build/Objects-normal/arm64/Hatari.swiftmodule -validate-clang-modules-once -clang-build-session-file /Users/viveksarkar/Library/Developer/Xcode/DerivedData/ModuleCache.noindex/Session.modulevalidation -Xcc -I/Users/viveksarkar/Library/Developer/Xcode/DerivedData/Hatari-crnaywjepgfrrcdspvkwustrehyb/Build/Intermediates.noindex/Hatari.build/Debug-iphoneos/Hatari.build/swift-overrides.hmap -emit-const-values -Xfrontend -const-gather-protocols-file -Xfrontend /Users/viveksarkar/Library/Developer/Xcode/DerivedData/Hatari-crnaywjepgfrrcdspvkwustrehyb/Build/Intermediates.noindex/Hatari.build/Debug-iphoneos/Hatari.build/Objects-normal/arm64/Hatari_const_extract_protocols.json -Xcc -iquote -Xcc /Users/viveksarkar/Library/Developer/Xcode/DerivedData/Hatari-crnaywjepgfrrcdspvkwustrehyb/Build/Intermediates.noindex/Hatari.build/Debug-iphoneos/Hatari.build/Hatari-generated-files.hmap -Xcc -I/Users/viveksarkar/Library/Developer/Xcode/DerivedData/Hatari-crnaywjepgfrrcdspvkwustrehyb/Build/Intermediates.noindex/Hatari.build/Debug-iphoneos/Hatari.build/Hatari-own-target-headers.hmap -Xcc -I/Users/viveksarkar/Library/Developer/Xcode/DerivedData/Hatari-crnaywjepgfrrcdspvkwustrehyb/Build/Intermediates.noindex/Hatari.build/Debug-iphoneos/Hatari.build/Hatari-all-non-framework-target-headers.hmap -Xcc -ivfsoverlay -Xcc /Users/viveksarkar/Library/Developer/Xcode/DerivedData/Hatari-crnaywjepgfrrcdspvkwustrehyb/Build/Intermediates.noindex/Hatari.build/Debug-iphoneos/Hatari-7b8eb6a7c5ef25999894b111a6bb7033-VFS-iphoneos/all-product-headers.yaml -Xcc -iquote -Xcc /Users/viveksarkar/Library/Developer/Xcode/DerivedData/Hatari-crnaywjepgfrrcdspvkwustrehyb/Build/Intermediates.noindex/Hatari.build/Debug-iphoneos/Hatari.build/Hatari-project-headers.hmap -Xcc -I/Users/viveksarkar/Library/Developer/Xcode/DerivedData/Hatari-crnaywjepgfrrcdspvkwustrehyb/Build/Products/Debug-iphoneos/include -Xcc -I/Users/viveksarkar/Desktop/Hatari_app/ios/Pods/Headers/Public -Xcc -I/Users/viveksarkar/Desktop/Hatari_app/ios/Pods/Headers/Public/BVLinearGradient -Xcc -I/Users/viveksarkar/Desktop/Hatari_app/ios/Pods/Headers/Public/DoubleConversion -Xcc -I/Users/viveksarkar/Desktop/Hatari_app/ios/Pods/Headers/Public/FBLazyVector -Xcc -I/Users/viveksarkar/Desktop/Hatari_app/ios/Pods/Headers/Public/RCT-Folly -Xcc -I/Users/viveksarkar/Desktop/Hatari_app/ios/Pods/Headers/Public/RCTDeprecation -Xcc -I/Users/viveksarkar/Desktop/Hatari_app/ios/Pods/Headers/Public/RCTRequired -Xcc -I/Users/viveksarkar/Desktop/Hatari_app/ios/Pods/Headers/Public/RCTTypeSafety -Xcc -I/Users/viveksarkar/Desktop/Hatari_app/ios/Pods/Headers/Public/RNCAsyncStorage -Xcc -I/Users/viveksarkar/Desktop/Hatari_app/ios/Pods/Headers/Public/RNDateTimePicker -Xcc -I/Users/viveksarkar/Desktop/Hatari_app/ios/Pods/Headers/Public/RNGestureHandler -Xcc -I/Users/viveksarkar/Desktop/Hatari_app/ios/Pods/Headers/Public/RNPermissions -Xcc -I/Users/viveksarkar/Desktop/Hatari_app/ios/Pods/Headers/Public/RNSVG -Xcc -I/Users/viveksarkar/Desktop/Hatari_app/ios/Pods/Headers/Public/RNScreens -Xcc -I/Users/viveksarkar/Desktop/Hatari_app/ios/Pods/Headers/Public/RNVectorIcons -Xcc -I/Users/viveksarkar/Desktop/Hatari_app/ios/Pods/Headers/Public/React-Core -Xcc -I/Users/viveksarkar/Desktop/Hatari_app/ios/Pods/Headers/Public/React-Fabric -Xcc -I/Users/viveksarkar/Desktop/Hatari_app/ios/Pods/Headers/Public/React-FabricComponents -Xcc -I/Users/viveksarkar/Desktop/Hatari_app/ios/Pods/Headers/Public/React-FabricImage -Xcc -I/Users/viveksarkar/Desktop/Hatari_app/ios/Pods/Headers/Public/React-ImageManager -Xcc -I/Users/viveksarkar/Desktop/Hatari_app/ios/Pods/Headers/Public/React-Mapbuffer -Xcc -I/Users/viveksarkar/Desktop/Hatari_app/ios/Pods/Headers/Public/React-NativeModulesApple -Xcc -I/Users/viveksarkar/Desktop/Hatari_app/ios/Pods/Headers/Public/React-RCTAnimation -Xcc -I/Users/viveksarkar/Desktop/Hatari_app/ios/Pods/Headers/Public/React-RCTAppDelegate -Xcc -I/Users/viveksarkar/Desktop/Hatari_app/ios/Pods/Headers/Public/React-RCTBlob -Xcc -I/Users/viveksarkar/Desktop/Hatari_app/ios/Pods/Headers/Public/React-RCTFBReactNativeSpec -Xcc -I/Users/viveksarkar/Desktop/Hatari_app/ios/Pods/Headers/Public/React-RCTFabric -Xcc -I/Users/viveksarkar/Desktop/Hatari_app/ios/Pods/Headers/Public/React-RCTRuntime -Xcc -I/Users/viveksarkar/Desktop/Hatari_app/ios/Pods/Headers/Public/React-RCTText -Xcc -I/Users/viveksarkar/Desktop/Hatari_app/ios/Pods/Headers/Public/React-RuntimeApple -Xcc -I/Users/viveksarkar/Desktop/Hatari_app/ios/Pods/Headers/Public/React-RuntimeCore -Xcc -I/Users/viveksarkar/Desktop/Hatari_app/ios/Pods/Headers/Public/React-RuntimeHermes -Xcc -I/Users/viveksarkar/Desktop/Hatari_app/ios/Pods/Headers/Public/React-callinvoker -Xcc -I/Users/viveksarkar/Desktop/Hatari_app/ios/Pods/Headers/Public/React-cxxreact -Xcc -I/Users/viveksarkar/Desktop/Hatari_app/ios/Pods/Headers/Public/React-debug -Xcc -I/Users/viveksarkar/Desktop/Hatari_app/ios/Pods/Headers/Public/React-defaultsnativemodule -Xcc -I/Users/viveksarkar/Desktop/Hatari_app/ios/Pods/Headers/Public/React-domnativemodule -Xcc -I/Users/viveksarkar/Desktop/Hatari_app/ios/Pods/Headers/Public/React-featureflags -Xcc -I/Users/viveksarkar/Desktop/Hatari_app/ios/Pods/Headers/Public/React-featureflagsnativemodule -Xcc -I/Users/viveksarkar/Desktop/Hatari_app/ios/Pods/Headers/Public/React-graphics -Xcc -I/Users/viveksarkar/Desktop/Hatari_app/ios/Pods/Headers/Public/React-hermes -Xcc -I/Users/viveksarkar/Desktop/Hatari_app/ios/Pods/Headers/Public/React-idlecallbacksnativemodule -Xcc -I/Users/viveksarkar/Desktop/Hatari_app/ios/Pods/Headers/Public/React-jserrorhandler -Xcc -I/Users/viveksarkar/Desktop/Hatari_app/ios/Pods/Headers/Public/React-jsi -Xcc -I/Users/viveksarkar/Desktop/Hatari_app/ios/Pods/Headers/Public/React-jsiexecutor -Xcc -I/Users/viveksarkar/Desktop/Hatari_app/ios/Pods/Headers/Public/React-jsinspector -Xcc -I/Users/viveksarkar/Desktop/Hatari_app/ios/Pods/Headers/Public/React-jsinspectortracing -Xcc -I/Users/viveksarkar/Desktop/Hatari_app/ios/Pods/Headers/Public/React-jsitooling -Xcc -I/Users/viveksarkar/Desktop/Hatari_app/ios/Pods/Headers/Public/React-logger -Xcc -I/Users/viveksarkar/Desktop/Hatari_app/ios/Pods/Headers/Public/React-microtasksnativemodule -Xcc -I/Users/viveksarkar/Desktop/Hatari_app/ios/Pods/Headers/Public/React-oscompat -Xcc -I/Users/viveksarkar/Desktop/Hatari_app/ios/Pods/Headers/Public/React-perflogger -Xcc -I/Users/viveksarkar/Desktop/Hatari_app/ios/Pods/Headers/Public/React-performancetimeline -Xcc -I/Users/viveksarkar/Desktop/Hatari_app/ios/Pods/Headers/Public/React-rendererconsistency -Xcc -I/Users/viveksarkar/Desktop/Hatari_app/ios/Pods/Headers/Public/React-renderercss -Xcc -I/Users/viveksarkar/Desktop/Hatari_app/ios/Pods/Headers/Public/React-rendererdebug -Xcc -I/Users/viveksarkar/Desktop/Hatari_app/ios/Pods/Headers/Public/React-runtimeexecutor -Xcc -I/Users/viveksarkar/Desktop/Hatari_app/ios/Pods/Headers/Public/React-runtimescheduler -Xcc -I/Users/viveksarkar/Desktop/Hatari_app/ios/Pods/Headers/Public/React-timing -Xcc -I/Users/viveksarkar/Desktop/Hatari_app/ios/Pods/Headers/Public/React-utils -Xcc -I/Users/viveksarkar/Desktop/Hatari_app/ios/Pods/Headers/Public/ReactAppDependencyProvider -Xcc -I/Users/viveksarkar/Desktop/Hatari_app/ios/Pods/Headers/Public/ReactCodegen -Xcc -I/Users/viveksarkar/Desktop/Hatari_app/ios/Pods/Headers/Public/ReactCommon -Xcc -I/Users/viveksarkar/Desktop/Hatari_app/ios/Pods/Headers/Public/SocketRocket -Xcc -I/Users/viveksarkar/Desktop/Hatari_app/ios/Pods/Headers/Public/Yoga -Xcc -I/Users/viveksarkar/Desktop/Hatari_app/ios/Pods/Headers/Public/boost -Xcc -I/Users/viveksarkar/Desktop/Hatari_app/ios/Pods/Headers/Public/fast_float -Xcc -I/Users/viveksarkar/Desktop/Hatari_app/ios/Pods/Headers/Public/fmt -Xcc -I/Users/viveksarkar/Desktop/Hatari_app/ios/Pods/Headers/Public/glog -Xcc -I/Users/viveksarkar/Desktop/Hatari_app/ios/Pods/Headers/Public/hermes-engine -Xcc -I/Users/viveksarkar/Desktop/Hatari_app/ios/Pods/Headers/Public/react-native-blur -Xcc -I/Users/viveksarkar/Desktop/Hatari_app/ios/Pods/Headers/Public/react-native-geolocation -Xcc -I/Users/viveksarkar/Desktop/Hatari_app/ios/Pods/Headers/Public/react-native-geolocation-service -Xcc -I/Users/viveksarkar/Desktop/Hatari_app/ios/Pods/Headers/Public/react-native-maps -Xcc -I/Users/viveksarkar/Desktop/Hatari_app/ios/Pods/Headers/Public/react-native-netinfo -Xcc -I/Users/viveksarkar/Desktop/Hatari_app/ios/Pods/Headers/Public/react-native-safe-area-context -Xcc -I/Users/viveksarkar/Desktop/Hatari_app/ios/Pods/Headers/Public/react-native-version-check -Xcc -I/Users/viveksarkar/Desktop/Hatari_app/ios/Pods/DoubleConversion -Xcc -I/Users/viveksarkar/Desktop/Hatari_app/ios/Pods/boost -Xcc -I/Users/viveksarkar/Desktop/Hatari_app/ios/Pods/Headers/Private/React-Core -Xcc -I/Users/viveksarkar/Desktop/Hatari_app/ios/Pods/Headers/Private/React-Core -Xcc -I/Users/viveksarkar/Desktop/Hatari_app/ios/Pods/Headers/Private/Yoga -Xcc -I/Users/viveksarkar/Library/Developer/Xcode/DerivedData/Hatari-crnaywjepgfrrcdspvkwustrehyb/Build/Intermediates.noindex/Hatari.build/Debug-iphoneos/Hatari.build/DerivedSources-normal/arm64 -Xcc -I/Users/viveksarkar/Library/Developer/Xcode/DerivedData/Hatari-crnaywjepgfrrcdspvkwustrehyb/Build/Intermediates.noindex/Hatari.build/Debug-iphoneos/Hatari.build/DerivedSources/arm64 -Xcc -I/Users/viveksarkar/Library/Developer/Xcode/DerivedData/Hatari-crnaywjepgfrrcdspvkwustrehyb/Build/Intermediates.noindex/Hatari.build/Debug-iphoneos/Hatari.build/DerivedSources -Xcc -DDEBUG\=1 -Xcc -DCOCOAPODS\=1 -emit-objc-header -emit-objc-header-path /Users/viveksarkar/Library/Developer/Xcode/DerivedData/Hatari-crnaywjepgfrrcdspvkwustrehyb/Build/Intermediates.noindex/Hatari.build/Debug-iphoneos/Hatari.build/Objects-normal/arm64/Hatari-Swift.h -working-directory /Users/viveksarkar/Desktop/Hatari_app/ios -experimental-emit-module-separately -disable-cmo

SwiftExplicitDependencyGeneratePcm arm64 /Users/viveksarkar/Library/Developer/Xcode/DerivedData/ModuleCache.noindex/_Builtin_stddef-41D9I4DMXJSTF3P188CNHTOJK.pcm

SwiftExplicitDependencyGeneratePcm arm64 /Users/viveksarkar/Library/Developer/Xcode/DerivedData/ModuleCache.noindex/SwiftShims-A64J7085MA3P9DLOOTKOJK3P1.pcm

SwiftExplicitDependencyGeneratePcm arm64 /Users/viveksarkar/Library/Developer/Xcode/DerivedData/ModuleCache.noindex/_Builtin_float-BASHZ73U034QGO6R71CLIIUFM.pcm

SwiftExplicitDependencyGeneratePcm arm64 /Users/viveksarkar/Library/Developer/Xcode/DerivedData/ModuleCache.noindex/_Builtin_stdarg-9HLDG9KN0IVV7OA5BZPR9CZKZ.pcm

SwiftExplicitDependencyGeneratePcm arm64 /Users/viveksarkar/Library/Developer/Xcode/DerivedData/ModuleCache.noindex/ptrcheck-6KJW1D8XOZ6EA8F1G2VJCOTXQ.pcm

SwiftExplicitDependencyGeneratePcm arm64 /Users/viveksarkar/Library/Developer/Xcode/DerivedData/ModuleCache.noindex/_Builtin_stdbool-4QW3EN3BTRCOZGUOAC37D3Q2G.pcm

SwiftExplicitDependencyGeneratePcm arm64 /Users/viveksarkar/Library/Developer/Xcode/DerivedData/ModuleCache.noindex/_AvailabilityInternal-11BTO8X5A9UANSRX54R2096ZD.pcm

SwiftExplicitDependencyGeneratePcm arm64 /Users/viveksarkar/Library/Developer/Xcode/DerivedData/ModuleCache.noindex/_SwiftConcurrencyShims-D2J04T7IDRK12R1JUL4CTEVBY.pcm

SwiftExplicitDependencyGeneratePcm arm64 /Users/viveksarkar/Library/Developer/Xcode/DerivedData/ModuleCache.noindex/ptrauth-D96V2R6N38O3FVNV3K3QN2P7D.pcm

SwiftExplicitDependencyGeneratePcm arm64 /Users/viveksarkar/Library/Developer/Xcode/DerivedData/ModuleCache.noindex/DeveloperToolsSupport-CETEH0IBFN3RX5BI9AS8RGBE3.pcm

SwiftExplicitDependencyGeneratePcm arm64 /Users/viveksarkar/Library/Developer/Xcode/DerivedData/ModuleCache.noindex/_DarwinFoundation1-3UY9L6L858QOH9E78N9F5ZEKS.pcm

SwiftExplicitDependencyGeneratePcm arm64 /Users/viveksarkar/Library/Developer/Xcode/DerivedData/ModuleCache.noindex/_Builtin_limits-8WW0B5NKLXO6PXJXTVC7WOU1N.pcm

SwiftExplicitDependencyGeneratePcm arm64 /Users/viveksarkar/Library/Developer/Xcode/DerivedData/ModuleCache.noindex/_DarwinFoundation2-CCM41901HA938N2XGGM8EY14F.pcm

SwiftExplicitDependencyGeneratePcm arm64 /Users/viveksarkar/Library/Developer/Xcode/DerivedData/ModuleCache.noindex/sys_types-OBJCK1O9FM42GTI5EHJCD39M.pcm

SwiftExplicitDependencyGeneratePcm arm64 /Users/viveksarkar/Library/Developer/Xcode/DerivedData/ModuleCache.noindex/_Builtin_tgmath-C8S60SFCNTOM6F90V52NP3VJO.pcm

SwiftExplicitDependencyGeneratePcm arm64 /Users/viveksarkar/Library/Developer/Xcode/DerivedData/ModuleCache.noindex/_Builtin_stdint-621XQTU21FTSQKDHPXMV39HVK.pcm

SwiftExplicitDependencyGeneratePcm arm64 /Users/viveksarkar/Library/Developer/Xcode/DerivedData/ModuleCache.noindex/_DarwinFoundation3-ATVW407EY3XO8AYKZIWYFJ93I.pcm

SwiftExplicitDependencyGeneratePcm arm64 /Users/viveksarkar/Library/Developer/Xcode/DerivedData/ModuleCache.noindex/_Builtin_stdatomic-AZDJX1IERBPL0D5UN1DQ3KRLD.pcm

SwiftExplicitDependencyGeneratePcm arm64 /Users/viveksarkar/Library/Developer/Xcode/DerivedData/ModuleCache.noindex/_Builtin_intrinsics-2I7X0AM3MCKP4S5XQ9N4CZP4.pcm

SwiftExplicitDependencyGeneratePcm arm64 /Users/viveksarkar/Library/Developer/Xcode/DerivedData/ModuleCache.noindex/_Builtin_inttypes-1WUSKTUE50PQLEG5D4ETJR1P5.pcm

SwiftExplicitDependencyGeneratePcm arm64 /Users/viveksarkar/Library/Developer/Xcode/DerivedData/ModuleCache.noindex/Darwin-8RY9BPREPWSVZSPSM1CH2HXJY.pcm

SwiftExplicitDependencyGeneratePcm arm64 /Users/viveksarkar/Library/Developer/Xcode/DerivedData/ModuleCache.noindex/simd-23FEB4VCA0LQVOJLQ1XB1NXJ2.pcm

SwiftExplicitDependencyGeneratePcm arm64 /Users/viveksarkar/Library/Developer/Xcode/DerivedData/ModuleCache.noindex/MachO-BIQHL6DIRRV6F5PO06LFKZI95.pcm

SwiftExplicitDependencyGeneratePcm arm64 /Users/viveksarkar/Library/Developer/Xcode/DerivedData/ModuleCache.noindex/ObjectiveC-GYQ9WC28WZPG9GSACAA3MWTP.pcm

SwiftExplicitDependencyGeneratePcm arm64 /Users/viveksarkar/Library/Developer/Xcode/DerivedData/ModuleCache.noindex/os_object-TNTIAOV7NAZ8FXYN0QVBIO13.pcm

SwiftExplicitDependencyGeneratePcm arm64 /Users/viveksarkar/Library/Developer/Xcode/DerivedData/ModuleCache.noindex/os_workgroup-BIWKYI73YT81D7Q7QJIL8UR0M.pcm

SwiftExplicitDependencyGeneratePcm arm64 /Users/viveksarkar/Library/Developer/Xcode/DerivedData/ModuleCache.noindex/Dispatch-BYLLGPBQPRB6KIAJU05CSL66H.pcm

SwiftExplicitDependencyGeneratePcm arm64 /Users/viveksarkar/Library/Developer/Xcode/DerivedData/ModuleCache.noindex/Spatial-3XTCOMC527IYG73PTP99G0WSU.pcm

SwiftExplicitDependencyGeneratePcm arm64 /Users/viveksarkar/Library/Developer/Xcode/DerivedData/ModuleCache.noindex/XPC-57IAT96LGAD6JKRRUTOKH0EKK.pcm

SwiftExplicitDependencyGeneratePcm arm64 /Users/viveksarkar/Library/Developer/Xcode/DerivedData/ModuleCache.noindex/CoreFoundation-9UYMYD4J2FMFPOP1TX9XXGVBJ.pcm

SwiftExplicitDependencyGeneratePcm arm64 /Users/viveksarkar/Library/Developer/Xcode/DerivedData/ModuleCache.noindex/os-5OXCTW11N801630QG41WKR1VU.pcm

SwiftExplicitDependencyGeneratePcm arm64 /Users/viveksarkar/Library/Developer/Xcode/DerivedData/ModuleCache.noindex/CoreGraphics-4EE28SKE6I4V19FSNC842HAIM.pcm

SwiftExplicitDependencyGeneratePcm arm64 /Users/viveksarkar/Library/Developer/Xcode/DerivedData/ModuleCache.noindex/Security-3JTSP0Y2MKP3GA56WMFDZI20N.pcm

SwiftExplicitDependencyGeneratePcm arm64 /Users/viveksarkar/Library/Developer/Xcode/DerivedData/ModuleCache.noindex/CFNetwork-9BSV8LAW1AOUY9IL5RLW4N9YE.pcm

SwiftExplicitDependencyGeneratePcm arm64 /Users/viveksarkar/Library/Developer/Xcode/DerivedData/ModuleCache.noindex/Foundation-76OKBIV0SF32XK5F3SU7CT5HP.pcm

SwiftExplicitDependencyGeneratePcm arm64 /Users/viveksarkar/Library/Developer/Xcode/DerivedData/ModuleCache.noindex/ImageIO-DV20PM6W99L704A4Z5S8EY9XO.pcm

SwiftExplicitDependencyGeneratePcm arm64 /Users/viveksarkar/Library/Developer/Xcode/DerivedData/ModuleCache.noindex/CoreText-97TFH3EXM2LBU3RK3D0KMX9JO.pcm

SwiftExplicitDependencyGeneratePcm arm64 /Users/viveksarkar/Library/Developer/Xcode/DerivedData/ModuleCache.noindex/Symbols-ELOB4MXDBJI5I2G2RKBBMVIN1.pcm

SwiftExplicitDependencyGeneratePcm arm64 /Users/viveksarkar/Library/Developer/Xcode/DerivedData/ModuleCache.noindex/UserNotifications-3JM9K4PETBP2W3SBH36A79RUB.pcm

SwiftExplicitDependencyGeneratePcm arm64 /Users/viveksarkar/Library/Developer/Xcode/DerivedData/ModuleCache.noindex/CoreData-2ARAOIXJFVAB5AOTWL6U4MBJ9.pcm

SwiftExplicitDependencyGeneratePcm arm64 /Users/viveksarkar/Library/Developer/Xcode/DerivedData/ModuleCache.noindex/FileProvider-16UKF3KB8WBHMCOBKDBXTLTTX.pcm

SwiftExplicitDependencyGeneratePcm arm64 /Users/viveksarkar/Library/Developer/Xcode/DerivedData/ModuleCache.noindex/Accessibility-8SDXMETGSBIX680K530NKDYUQ.pcm

SwiftExplicitDependencyGeneratePcm arm64 /Users/viveksarkar/Library/Developer/Xcode/DerivedData/ModuleCache.noindex/UniformTypeIdentifiers-CAV9930PX5Z856YZYBPFPYOEF.pcm

SwiftExplicitDependencyGeneratePcm arm64 /Users/viveksarkar/Library/Developer/Xcode/DerivedData/ModuleCache.noindex/OSLog-3XGX76IXV4ODW9GK4S0UMRT5B.pcm

SwiftExplicitDependencyGeneratePcm arm64 /Users/viveksarkar/Library/Developer/Xcode/DerivedData/ModuleCache.noindex/CoreTransferable-BX4RY3KQ4YPZQKX6QZ3LG8RON.pcm

SwiftExplicitDependencyGeneratePcm arm64 /Users/viveksarkar/Library/Developer/Xcode/DerivedData/ModuleCache.noindex/UIUtilities-70OONXCSKPPTIG4MT7FA4EUPK.pcm

SwiftExplicitDependencyGeneratePcm arm64 /Users/viveksarkar/Library/Developer/Xcode/DerivedData/ModuleCache.noindex/DataDetection-19QQDOQ73C8MDPX145H6E01UY.pcm

SwiftExplicitDependencyGeneratePcm arm64 /Users/viveksarkar/Library/Developer/Xcode/DerivedData/ModuleCache.noindex/_LocationEssentials-39CQN936E1H4ML72OTGDX42PJ.pcm

SwiftExplicitDependencyGeneratePcm arm64 /Users/viveksarkar/Library/Developer/Xcode/DerivedData/ModuleCache.noindex/IOSurface-5C676CKIBB1768XEGURFQRH4X.pcm

SwiftExplicitDependencyGeneratePcm arm64 /Users/viveksarkar/Library/Developer/Xcode/DerivedData/ModuleCache.noindex/CoreLocation-2E8O9ZD51KLT6JWQKGBRDXCZK.pcm

SwiftExplicitDependencyGeneratePcm arm64 /Users/viveksarkar/Library/Developer/Xcode/DerivedData/ModuleCache.noindex/Metal-CXZQQN6GKVKIL5AWQZWZV96TR.pcm

SwiftExplicitDependencyGeneratePcm arm64 /Users/viveksarkar/Library/Developer/Xcode/DerivedData/ModuleCache.noindex/OpenGLES-C7O88THLZN5UPIISCRCGUCK2E.pcm

SwiftExplicitDependencyGeneratePcm arm64 /Users/viveksarkar/Library/Developer/Xcode/DerivedData/ModuleCache.noindex/CoreVideo-4RN6UP483UU0CYCMWLJS89CAN.pcm

SwiftExplicitDependencyGeneratePcm arm64 /Users/viveksarkar/Library/Developer/Xcode/DerivedData/ModuleCache.noindex/Accelerate-EUUUAZYXD5JGE6AEJZNMS8IJE.pcm

SwiftExplicitDependencyGeneratePcm arm64 /Users/viveksarkar/Library/Developer/Xcode/DerivedData/ModuleCache.noindex/CoreImage-1NEROGPPQ80DNN7M8DNV0VKF.pcm

SwiftExplicitDependencyGeneratePcm arm64 /Users/viveksarkar/Library/Developer/Xcode/DerivedData/ModuleCache.noindex/QuartzCore-XZMR8AJLQOYHLYBA4J9AC5KK.pcm

SwiftExplicitDependencyGeneratePcm arm64 /Users/viveksarkar/Library/Developer/Xcode/DerivedData/ModuleCache.noindex/SwiftUICore-3A2UO7T9GPLGPSAH83NIB1GP1.pcm

SwiftExplicitDependencyGeneratePcm arm64 /Users/viveksarkar/Library/Developer/Xcode/DerivedData/ModuleCache.noindex/UIKit-1CP9A16NYT9Q7H9OWFYUB2U3K.pcm

LinkStoryboards (in target 'Hatari' from project 'Hatari')
    cd /Users/viveksarkar/Desktop/Hatari_app/ios
    /Applications/Xcode.app/Contents/Developer/usr/bin/ibtool --errors --warnings --notices --module Hatari --target-device iphone --minimum-deployment-target 15.1 --output-format human-readable-text --link /Users/viveksarkar/Library/Developer/Xcode/DerivedData/Hatari-crnaywjepgfrrcdspvkwustrehyb/Build/Products/Debug-iphoneos/Hatari.app /Users/viveksarkar/Library/Developer/Xcode/DerivedData/Hatari-crnaywjepgfrrcdspvkwustrehyb/Build/Intermediates.noindex/Hatari.build/Debug-iphoneos/Hatari.build/LaunchScreen.storyboardc

SwiftExplicitDependencyGeneratePcm arm64 /Users/viveksarkar/Library/Developer/Xcode/DerivedData/Hatari-crnaywjepgfrrcdspvkwustrehyb/Build/Intermediates.noindex/SwiftExplicitPrecompiledModules/yoga-MTY4GP8QRXTR7M7QAJL90MRP.pcm

SwiftExplicitDependencyGeneratePcm arm64 /Users/viveksarkar/Library/Developer/Xcode/DerivedData/ModuleCache.noindex/SwiftUI-2TA0W709Z46C7IWFLT0ZMW0CT.pcm

SwiftExplicitDependencyGeneratePcm arm64 /Users/viveksarkar/Library/Developer/Xcode/DerivedData/Hatari-crnaywjepgfrrcdspvkwustrehyb/Build/Intermediates.noindex/SwiftExplicitPrecompiledModules/ReactAppDependencyProvider-1O4Q6AKJVU2ZBT4HFO566KI3M.pcm

SwiftExplicitDependencyGeneratePcm arm64 /Users/viveksarkar/Library/Developer/Xcode/DerivedData/Hatari-crnaywjepgfrrcdspvkwustrehyb/Build/Intermediates.noindex/SwiftExplicitPrecompiledModules/RCTDeprecation-3L9X5QDMOBNO25GVGO1AGPPFJ.pcm

SwiftExplicitDependencyGeneratePcm arm64 /Users/viveksarkar/Library/Developer/Xcode/DerivedData/Hatari-crnaywjepgfrrcdspvkwustrehyb/Build/Intermediates.noindex/SwiftExplicitPrecompiledModules/React_RCTAppDelegate-7FE5X398PEMXQXHBBVSDTGFK5.pcm

SwiftExplicitDependencyGeneratePcm arm64 /Users/viveksarkar/Library/Developer/Xcode/DerivedData/Hatari-crnaywjepgfrrcdspvkwustrehyb/Build/Intermediates.noindex/SwiftExplicitPrecompiledModules/React-BFT3P8WHUDHWDM57Y6PDGW6ZY.pcm

SwiftEmitModule normal arm64 Emitting\ module\ for\ Hatari (in target 'Hatari' from project 'Hatari')

EmitSwiftModule normal arm64 (in target 'Hatari' from project 'Hatari')
    cd /Users/viveksarkar/Desktop/Hatari_app/ios
    

SwiftCompile normal arm64 Compiling\ AppDelegate.swift /Users/viveksarkar/Desktop/Hatari_app/ios/Hatari/AppDelegate.swift (in target 'Hatari' from project 'Hatari')

SwiftCompile normal arm64 /Users/viveksarkar/Desktop/Hatari_app/ios/Hatari/AppDelegate.swift (in target 'Hatari' from project 'Hatari')
    cd /Users/viveksarkar/Desktop/Hatari_app/ios
    

SwiftCompile normal arm64 Compiling\ GeneratedAssetSymbols.swift /Users/viveksarkar/Library/Developer/Xcode/DerivedData/Hatari-crnaywjepgfrrcdspvkwustrehyb/Build/Intermediates.noindex/Hatari.build/Debug-iphoneos/Hatari.build/DerivedSources/GeneratedAssetSymbols.swift (in target 'Hatari' from project 'Hatari')

SwiftCompile normal arm64 /Users/viveksarkar/Library/Developer/Xcode/DerivedData/Hatari-crnaywjepgfrrcdspvkwustrehyb/Build/Intermediates.noindex/Hatari.build/Debug-iphoneos/Hatari.build/DerivedSources/GeneratedAssetSymbols.swift (in target 'Hatari' from project 'Hatari')
    cd /Users/viveksarkar/Desktop/Hatari_app/ios
    

SwiftDriverJobDiscovery normal arm64 Emitting module for Hatari (in target 'Hatari' from project 'Hatari')

SwiftDriver\ Compilation\ Requirements Hatari normal arm64 com.apple.xcode.tools.swift.compiler (in target 'Hatari' from project 'Hatari')
    cd /Users/viveksarkar/Desktop/Hatari_app/ios
    builtin-Swift-Compilation-Requirements -- /Applications/Xcode.app/Contents/Developer/Toolchains/XcodeDefault.xctoolchain/usr/bin/swiftc -module-name Hatari -Onone -enforce-exclusivity\=checked @/Users/viveksarkar/Library/Developer/Xcode/DerivedData/Hatari-crnaywjepgfrrcdspvkwustrehyb/Build/Intermediates.noindex/Hatari.build/Debug-iphoneos/Hatari.build/Objects-normal/arm64/Hatari.SwiftFileList -DDEBUG -D COCOAPODS -Xcc -fmodule-map-file\=/Users/viveksarkar/Library/Developer/Xcode/DerivedData/Hatari-crnaywjepgfrrcdspvkwustrehyb/Build/Products/Debug-iphoneos/react-native-geolocation-service/react_native_geolocation_service.modulemap -Xcc -fmodule-map-file\=/Users/viveksarkar/Desktop/Hatari_app/ios/Pods/Headers/Public/DoubleConversion/DoubleConversion.modulemap -Xcc -fmodule-map-file\=/Users/viveksarkar/Desktop/Hatari_app/ios/Pods/Headers/Public/RCTDeprecation/RCTDeprecation.modulemap -Xcc -fmodule-map-file\=/Users/viveksarkar/Desktop/Hatari_app/ios/Pods/Headers/Public/RCTFabric/React-RCTFabric.modulemap -Xcc -fmodule-map-file\=/Users/viveksarkar/Desktop/Hatari_app/ios/Pods/Headers/Public/RCTRuntime/React-RCTRuntime.modulemap -Xcc -fmodule-map-file\=/Users/viveksarkar/Desktop/Hatari_app/ios/Pods/Headers/Public/RCTTypeSafety/RCTTypeSafety.modulemap -Xcc -fmodule-map-file\=/Users/viveksarkar/Desktop/Hatari_app/ios/Pods/Headers/Public/React/React-Core.modulemap -Xcc -fmodule-map-file\=/Users/viveksarkar/Desktop/Hatari_app/ios/Pods/Headers/Public/ReactAppDependencyProvider/ReactAppDependencyProvider.modulemap -Xcc -fmodule-map-file\=/Users/viveksarkar/Desktop/Hatari_app/ios/Pods/Headers/Public/ReactCodegen/ReactCodegen.modulemap -Xcc -fmodule-map-file\=/Users/viveksarkar/Desktop/Hatari_app/ios/Pods/Headers/Public/ReactCommon/ReactCommon.modulemap -Xcc -fmodule-map-file\=/Users/viveksarkar/Desktop/Hatari_app/ios/Pods/Headers/Public/React_Fabric/React-Fabric.modulemap -Xcc -fmodule-map-file\=/Users/viveksarkar/Desktop/Hatari_app/ios/Pods/Headers/Public/React_FabricComponents/React-FabricComponents.modulemap -Xcc -fmodule-map-file\=/Users/viveksarkar/Desktop/Hatari_app/ios/Pods/Headers/Public/React_NativeModulesApple/React-NativeModulesApple.modulemap -Xcc -fmodule-map-file\=/Users/viveksarkar/Desktop/Hatari_app/ios/Pods/Headers/Public/React_RCTAppDelegate/React-RCTAppDelegate.modulemap -Xcc -fmodule-map-file\=/Users/viveksarkar/Desktop/Hatari_app/ios/Pods/Headers/Public/folly/RCT-Folly.modulemap -Xcc -fmodule-map-file\=/Users/viveksarkar/Desktop/Hatari_app/ios/Pods/Headers/Public/glog/glog.modulemap -Xcc -fmodule-map-file\=/Users/viveksarkar/Desktop/Hatari_app/ios/Pods/Headers/Public/jsi/React-jsi.modulemap -Xcc -fmodule-map-file\=/Users/viveksarkar/Desktop/Hatari_app/ios/Pods/Headers/Public/jsinspector_modern/React-jsinspector.modulemap -Xcc -fmodule-map-file\=/Users/viveksarkar/Desktop/Hatari_app/ios/Pods/Headers/Public/jsinspector_modern_tracing/React-jsinspectortracing.modulemap -Xcc -fmodule-map-file\=/Users/viveksarkar/Desktop/Hatari_app/ios/Pods/Headers/Public/react_debug/React-debug.modulemap -Xcc -fmodule-map-file\=/Users/viveksarkar/Desktop/Hatari_app/ios/Pods/Headers/Public/react_featureflags/React-featureflags.modulemap -Xcc -fmodule-map-file\=/Users/viveksarkar/Desktop/Hatari_app/ios/Pods/Headers/Public/react_nativemodule_defaults/React-defaultsnativemodule.modulemap -Xcc -fmodule-map-file\=/Users/viveksarkar/Desktop/Hatari_app/ios/Pods/Headers/Public/react_nativemodule_dom/React-domnativemodule.modulemap -Xcc -fmodule-map-file\=/Users/viveksarkar/Desktop/Hatari_app/ios/Pods/Headers/Public/react_nativemodule_featureflags/React-featureflagsnativemodule.modulemap -Xcc -fmodule-map-file\=/Users/viveksarkar/Desktop/Hatari_app/ios/Pods/Headers/Public/react_nativemodule_idlecallbacks/React-idlecallbacksnativemodule.modulemap -Xcc -fmodule-map-file\=/Users/viveksarkar/Desktop/Hatari_app/ios/Pods/Headers/Public/react_nativemodule_microtasks/React-microtasksnativemodule.modulemap -Xcc -fmodule-map-file\=/Users/viveksarkar/Desktop/Hatari_app/ios/Pods/Headers/Public/react_renderer_css/React-renderercss.modulemap -Xcc -fmodule-map-file\=/Users/viveksarkar/Desktop/Hatari_app/ios/Pods/Headers/Public/react_renderer_debug/React-rendererdebug.modulemap -Xcc -fmodule-map-file\=/Users/viveksarkar/Desktop/Hatari_app/ios/Pods/Headers/Public/react_renderer_graphics/React-graphics.modulemap -Xcc -fmodule-map-file\=/Users/viveksarkar/Desktop/Hatari_app/ios/Pods/Headers/Public/react_renderer_imagemanager/React-ImageManager.modulemap -Xcc -fmodule-map-file\=/Users/viveksarkar/Desktop/Hatari_app/ios/Pods/Headers/Public/react_runtime/React-jsitooling.modulemap -Xcc -fmodule-map-file\=/Users/viveksarkar/Desktop/Hatari_app/ios/Pods/Headers/Public/react_utils/React-utils.modulemap -Xcc -fmodule-map-file\=/Users/viveksarkar/Desktop/Hatari_app/ios/Pods/Headers/Public/reacthermes/React-hermes.modulemap -Xcc -fmodule-map-file\=/Users/viveksarkar/Desktop/Hatari_app/ios/Pods/Headers/Public/yoga/Yoga.modulemap -enable-bare-slash-regex -enable-experimental-feature DebugDescriptionMacro -sdk /Applications/Xcode.app/Contents/Developer/Platforms/iPhoneOS.platform/Developer/SDKs/iPhoneOS26.2.sdk -target arm64-apple-ios15.1 -g -module-cache-path /Users/viveksarkar/Library/Developer/Xcode/DerivedData/ModuleCache.noindex -Xfrontend -serialize-debugging-options -enable-testing -Xcc -D_LIBCPP_HARDENING_MODE\=_LIBCPP_HARDENING_MODE_DEBUG -swift-version 5 -I /Users/viveksarkar/Library/Developer/Xcode/DerivedData/Hatari-crnaywjepgfrrcdspvkwustrehyb/Build/Products/Debug-iphoneos -I /Users/viveksarkar/Library/Developer/Xcode/DerivedData/Hatari-crnaywjepgfrrcdspvkwustrehyb/Build/Products/Debug-iphoneos/react-native-geolocation-service -F /Users/viveksarkar/Library/Developer/Xcode/DerivedData/Hatari-crnaywjepgfrrcdspvkwustrehyb/Build/Products/Debug-iphoneos -F /Users/viveksarkar/Desktop/Hatari_app/ios/Pods/hermes-engine/destroot/Library/Frameworks/universal -F /Users/viveksarkar/Library/Developer/Xcode/DerivedData/Hatari-crnaywjepgfrrcdspvkwustrehyb/Build/Products/Debug-iphoneos/XCFrameworkIntermediates/hermes-engine/Pre-built -c -j8 -enable-batch-mode -incremental -Xcc -ivfsstatcache -Xcc /Users/viveksarkar/Library/Developer/Xcode/DerivedData/SDKStatCaches.noindex/iphoneos26.2-23C53-3794476bd08197c3e2abd9bb477ef7f7.sdkstatcache -output-file-map /Users/viveksarkar/Library/Developer/Xcode/DerivedData/Hatari-crnaywjepgfrrcdspvkwustrehyb/Build/Intermediates.noindex/Hatari.build/Debug-iphoneos/Hatari.build/Objects-normal/arm64/Hatari-OutputFileMap.json -use-frontend-parseable-output -save-temps -no-color-diagnostics -explicit-module-build -module-cache-path /Users/viveksarkar/Library/Developer/Xcode/DerivedData/Hatari-crnaywjepgfrrcdspvkwustrehyb/Build/Intermediates.noindex/SwiftExplicitPrecompiledModules -clang-scanner-module-cache-path /Users/viveksarkar/Library/Developer/Xcode/DerivedData/ModuleCache.noindex -sdk-module-cache-path /Users/viveksarkar/Library/Developer/Xcode/DerivedData/ModuleCache.noindex -serialize-diagnostics -emit-dependencies -emit-module -emit-module-path /Users/viveksarkar/Library/Developer/Xcode/DerivedData/Hatari-crnaywjepgfrrcdspvkwustrehyb/Build/Intermediates.noindex/Hatari.build/Debug-iphoneos/Hatari.build/Objects-normal/arm64/Hatari.swiftmodule -validate-clang-modules-once -clang-build-session-file /Users/viveksarkar/Library/Developer/Xcode/DerivedData/ModuleCache.noindex/Session.modulevalidation -Xcc -I/Users/viveksarkar/Library/Developer/Xcode/DerivedData/Hatari-crnaywjepgfrrcdspvkwustrehyb/Build/Intermediates.noindex/Hatari.build/Debug-iphoneos/Hatari.build/swift-overrides.hmap -emit-const-values -Xfrontend -const-gather-protocols-file -Xfrontend /Users/viveksarkar/Library/Developer/Xcode/DerivedData/Hatari-crnaywjepgfrrcdspvkwustrehyb/Build/Intermediates.noindex/Hatari.build/Debug-iphoneos/Hatari.build/Objects-normal/arm64/Hatari_const_extract_protocols.json -Xcc -iquote -Xcc /Users/viveksarkar/Library/Developer/Xcode/DerivedData/Hatari-crnaywjepgfrrcdspvkwustrehyb/Build/Intermediates.noindex/Hatari.build/Debug-iphoneos/Hatari.build/Hatari-generated-files.hmap -Xcc -I/Users/viveksarkar/Library/Developer/Xcode/DerivedData/Hatari-crnaywjepgfrrcdspvkwustrehyb/Build/Intermediates.noindex/Hatari.build/Debug-iphoneos/Hatari.build/Hatari-own-target-headers.hmap -Xcc -I/Users/viveksarkar/Library/Developer/Xcode/DerivedData/Hatari-crnaywjepgfrrcdspvkwustrehyb/Build/Intermediates.noindex/Hatari.build/Debug-iphoneos/Hatari.build/Hatari-all-non-framework-target-headers.hmap -Xcc -ivfsoverlay -Xcc /Users/viveksarkar/Library/Developer/Xcode/DerivedData/Hatari-crnaywjepgfrrcdspvkwustrehyb/Build/Intermediates.noindex/Hatari.build/Debug-iphoneos/Hatari-7b8eb6a7c5ef25999894b111a6bb7033-VFS-iphoneos/all-product-headers.yaml -Xcc -iquote -Xcc /Users/viveksarkar/Library/Developer/Xcode/DerivedData/Hatari-crnaywjepgfrrcdspvkwustrehyb/Build/Intermediates.noindex/Hatari.build/Debug-iphoneos/Hatari.build/Hatari-project-headers.hmap -Xcc -I/Users/viveksarkar/Library/Developer/Xcode/DerivedData/Hatari-crnaywjepgfrrcdspvkwustrehyb/Build/Products/Debug-iphoneos/include -Xcc -I/Users/viveksarkar/Desktop/Hatari_app/ios/Pods/Headers/Public -Xcc -I/Users/viveksarkar/Desktop/Hatari_app/ios/Pods/Headers/Public/BVLinearGradient -Xcc -I/Users/viveksarkar/Desktop/Hatari_app/ios/Pods/Headers/Public/DoubleConversion -Xcc -I/Users/viveksarkar/Desktop/Hatari_app/ios/Pods/Headers/Public/FBLazyVector -Xcc -I/Users/viveksarkar/Desktop/Hatari_app/ios/Pods/Headers/Public/RCT-Folly -Xcc -I/Users/viveksarkar/Desktop/Hatari_app/ios/Pods/Headers/Public/RCTDeprecation -Xcc -I/Users/viveksarkar/Desktop/Hatari_app/ios/Pods/Headers/Public/RCTRequired -Xcc -I/Users/viveksarkar/Desktop/Hatari_app/ios/Pods/Headers/Public/RCTTypeSafety -Xcc -I/Users/viveksarkar/Desktop/Hatari_app/ios/Pods/Headers/Public/RNCAsyncStorage -Xcc -I/Users/viveksarkar/Desktop/Hatari_app/ios/Pods/Headers/Public/RNDateTimePicker -Xcc -I/Users/viveksarkar/Desktop/Hatari_app/ios/Pods/Headers/Public/RNGestureHandler -Xcc -I/Users/viveksarkar/Desktop/Hatari_app/ios/Pods/Headers/Public/RNPermissions -Xcc -I/Users/viveksarkar/Desktop/Hatari_app/ios/Pods/Headers/Public/RNSVG -Xcc -I/Users/viveksarkar/Desktop/Hatari_app/ios/Pods/Headers/Public/RNScreens -Xcc -I/Users/viveksarkar/Desktop/Hatari_app/ios/Pods/Headers/Public/RNVectorIcons -Xcc -I/Users/viveksarkar/Desktop/Hatari_app/ios/Pods/Headers/Public/React-Core -Xcc -I/Users/viveksarkar/Desktop/Hatari_app/ios/Pods/Headers/Public/React-Fabric -Xcc -I/Users/viveksarkar/Desktop/Hatari_app/ios/Pods/Headers/Public/React-FabricComponents -Xcc -I/Users/viveksarkar/Desktop/Hatari_app/ios/Pods/Headers/Public/React-FabricImage -Xcc -I/Users/viveksarkar/Desktop/Hatari_app/ios/Pods/Headers/Public/React-ImageManager -Xcc -I/Users/viveksarkar/Desktop/Hatari_app/ios/Pods/Headers/Public/React-Mapbuffer -Xcc -I/Users/viveksarkar/Desktop/Hatari_app/ios/Pods/Headers/Public/React-NativeModulesApple -Xcc -I/Users/viveksarkar/Desktop/Hatari_app/ios/Pods/Headers/Public/React-RCTAnimation -Xcc -I/Users/viveksarkar/Desktop/Hatari_app/ios/Pods/Headers/Public/React-RCTAppDelegate -Xcc -I/Users/viveksarkar/Desktop/Hatari_app/ios/Pods/Headers/Public/React-RCTBlob -Xcc -I/Users/viveksarkar/Desktop/Hatari_app/ios/Pods/Headers/Public/React-RCTFBReactNativeSpec -Xcc -I/Users/viveksarkar/Desktop/Hatari_app/ios/Pods/Headers/Public/React-RCTFabric -Xcc -I/Users/viveksarkar/Desktop/Hatari_app/ios/Pods/Headers/Public/React-RCTRuntime -Xcc -I/Users/viveksarkar/Desktop/Hatari_app/ios/Pods/Headers/Public/React-RCTText -Xcc -I/Users/viveksarkar/Desktop/Hatari_app/ios/Pods/Headers/Public/React-RuntimeApple -Xcc -I/Users/viveksarkar/Desktop/Hatari_app/ios/Pods/Headers/Public/React-RuntimeCore -Xcc -I/Users/viveksarkar/Desktop/Hatari_app/ios/Pods/Headers/Public/React-RuntimeHermes -Xcc -I/Users/viveksarkar/Desktop/Hatari_app/ios/Pods/Headers/Public/React-callinvoker -Xcc -I/Users/viveksarkar/Desktop/Hatari_app/ios/Pods/Headers/Public/React-cxxreact -Xcc -I/Users/viveksarkar/Desktop/Hatari_app/ios/Pods/Headers/Public/React-debug -Xcc -I/Users/viveksarkar/Desktop/Hatari_app/ios/Pods/Headers/Public/React-defaultsnativemodule -Xcc -I/Users/viveksarkar/Desktop/Hatari_app/ios/Pods/Headers/Public/React-domnativemodule -Xcc -I/Users/viveksarkar/Desktop/Hatari_app/ios/Pods/Headers/Public/React-featureflags -Xcc -I/Users/viveksarkar/Desktop/Hatari_app/ios/Pods/Headers/Public/React-featureflagsnativemodule -Xcc -I/Users/viveksarkar/Desktop/Hatari_app/ios/Pods/Headers/Public/React-graphics -Xcc -I/Users/viveksarkar/Desktop/Hatari_app/ios/Pods/Headers/Public/React-hermes -Xcc -I/Users/viveksarkar/Desktop/Hatari_app/ios/Pods/Headers/Public/React-idlecallbacksnativemodule -Xcc -I/Users/viveksarkar/Desktop/Hatari_app/ios/Pods/Headers/Public/React-jserrorhandler -Xcc -I/Users/viveksarkar/Desktop/Hatari_app/ios/Pods/Headers/Public/React-jsi -Xcc -I/Users/viveksarkar/Desktop/Hatari_app/ios/Pods/Headers/Public/React-jsiexecutor -Xcc -I/Users/viveksarkar/Desktop/Hatari_app/ios/Pods/Headers/Public/React-jsinspector -Xcc -I/Users/viveksarkar/Desktop/Hatari_app/ios/Pods/Headers/Public/React-jsinspectortracing -Xcc -I/Users/viveksarkar/Desktop/Hatari_app/ios/Pods/Headers/Public/React-jsitooling -Xcc -I/Users/viveksarkar/Desktop/Hatari_app/ios/Pods/Headers/Public/React-logger -Xcc -I/Users/viveksarkar/Desktop/Hatari_app/ios/Pods/Headers/Public/React-microtasksnativemodule -Xcc -I/Users/viveksarkar/Desktop/Hatari_app/ios/Pods/Headers/Public/React-oscompat -Xcc -I/Users/viveksarkar/Desktop/Hatari_app/ios/Pods/Headers/Public/React-perflogger -Xcc -I/Users/viveksarkar/Desktop/Hatari_app/ios/Pods/Headers/Public/React-performancetimeline -Xcc -I/Users/viveksarkar/Desktop/Hatari_app/ios/Pods/Headers/Public/React-rendererconsistency -Xcc -I/Users/viveksarkar/Desktop/Hatari_app/ios/Pods/Headers/Public/React-renderercss -Xcc -I/Users/viveksarkar/Desktop/Hatari_app/ios/Pods/Headers/Public/React-rendererdebug -Xcc -I/Users/viveksarkar/Desktop/Hatari_app/ios/Pods/Headers/Public/React-runtimeexecutor -Xcc -I/Users/viveksarkar/Desktop/Hatari_app/ios/Pods/Headers/Public/React-runtimescheduler -Xcc -I/Users/viveksarkar/Desktop/Hatari_app/ios/Pods/Headers/Public/React-timing -Xcc -I/Users/viveksarkar/Desktop/Hatari_app/ios/Pods/Headers/Public/React-utils -Xcc -I/Users/viveksarkar/Desktop/Hatari_app/ios/Pods/Headers/Public/ReactAppDependencyProvider -Xcc -I/Users/viveksarkar/Desktop/Hatari_app/ios/Pods/Headers/Public/ReactCodegen -Xcc -I/Users/viveksarkar/Desktop/Hatari_app/ios/Pods/Headers/Public/ReactCommon -Xcc -I/Users/viveksarkar/Desktop/Hatari_app/ios/Pods/Headers/Public/SocketRocket -Xcc -I/Users/viveksarkar/Desktop/Hatari_app/ios/Pods/Headers/Public/Yoga -Xcc -I/Users/viveksarkar/Desktop/Hatari_app/ios/Pods/Headers/Public/boost -Xcc -I/Users/viveksarkar/Desktop/Hatari_app/ios/Pods/Headers/Public/fast_float -Xcc -I/Users/viveksarkar/Desktop/Hatari_app/ios/Pods/Headers/Public/fmt -Xcc -I/Users/viveksarkar/Desktop/Hatari_app/ios/Pods/Headers/Public/glog -Xcc -I/Users/viveksarkar/Desktop/Hatari_app/ios/Pods/Headers/Public/hermes-engine -Xcc -I/Users/viveksarkar/Desktop/Hatari_app/ios/Pods/Headers/Public/react-native-blur -Xcc -I/Users/viveksarkar/Desktop/Hatari_app/ios/Pods/Headers/Public/react-native-geolocation -Xcc -I/Users/viveksarkar/Desktop/Hatari_app/ios/Pods/Headers/Public/react-native-geolocation-service -Xcc -I/Users/viveksarkar/Desktop/Hatari_app/ios/Pods/Headers/Public/react-native-maps -Xcc -I/Users/viveksarkar/Desktop/Hatari_app/ios/Pods/Headers/Public/react-native-netinfo -Xcc -I/Users/viveksarkar/Desktop/Hatari_app/ios/Pods/Headers/Public/react-native-safe-area-context -Xcc -I/Users/viveksarkar/Desktop/Hatari_app/ios/Pods/Headers/Public/react-native-version-check -Xcc -I/Users/viveksarkar/Desktop/Hatari_app/ios/Pods/DoubleConversion -Xcc -I/Users/viveksarkar/Desktop/Hatari_app/ios/Pods/boost -Xcc -I/Users/viveksarkar/Desktop/Hatari_app/ios/Pods/Headers/Private/React-Core -Xcc -I/Users/viveksarkar/Desktop/Hatari_app/ios/Pods/Headers/Private/React-Core -Xcc -I/Users/viveksarkar/Desktop/Hatari_app/ios/Pods/Headers/Private/Yoga -Xcc -I/Users/viveksarkar/Library/Developer/Xcode/DerivedData/Hatari-crnaywjepgfrrcdspvkwustrehyb/Build/Intermediates.noindex/Hatari.build/Debug-iphoneos/Hatari.build/DerivedSources-normal/arm64 -Xcc -I/Users/viveksarkar/Library/Developer/Xcode/DerivedData/Hatari-crnaywjepgfrrcdspvkwustrehyb/Build/Intermediates.noindex/Hatari.build/Debug-iphoneos/Hatari.build/DerivedSources/arm64 -Xcc -I/Users/viveksarkar/Library/Developer/Xcode/DerivedData/Hatari-crnaywjepgfrrcdspvkwustrehyb/Build/Intermediates.noindex/Hatari.build/Debug-iphoneos/Hatari.build/DerivedSources -Xcc -DDEBUG\=1 -Xcc -DCOCOAPODS\=1 -emit-objc-header -emit-objc-header-path /Users/viveksarkar/Library/Developer/Xcode/DerivedData/Hatari-crnaywjepgfrrcdspvkwustrehyb/Build/Intermediates.noindex/Hatari.build/Debug-iphoneos/Hatari.build/Objects-normal/arm64/Hatari-Swift.h -working-directory /Users/viveksarkar/Desktop/Hatari_app/ios -experimental-emit-module-separately -disable-cmo

SwiftMergeGeneratedHeaders /Users/viveksarkar/Library/Developer/Xcode/DerivedData/Hatari-crnaywjepgfrrcdspvkwustrehyb/Build/Intermediates.noindex/Hatari.build/Debug-iphoneos/Hatari.build/DerivedSources/Hatari-Swift.h /Users/viveksarkar/Library/Developer/Xcode/DerivedData/Hatari-crnaywjepgfrrcdspvkwustrehyb/Build/Intermediates.noindex/Hatari.build/Debug-iphoneos/Hatari.build/Objects-normal/arm64/Hatari-Swift.h (in target 'Hatari' from project 'Hatari')
    cd /Users/viveksarkar/Desktop/Hatari_app/ios
    builtin-swiftHeaderTool -arch arm64 /Users/viveksarkar/Library/Developer/Xcode/DerivedData/Hatari-crnaywjepgfrrcdspvkwustrehyb/Build/Intermediates.noindex/Hatari.build/Debug-iphoneos/Hatari.build/Objects-normal/arm64/Hatari-Swift.h -o /Users/viveksarkar/Library/Developer/Xcode/DerivedData/Hatari-crnaywjepgfrrcdspvkwustrehyb/Build/Intermediates.noindex/Hatari.build/Debug-iphoneos/Hatari.build/DerivedSources/Hatari-Swift.h

Copy /Users/viveksarkar/Library/Developer/Xcode/DerivedData/Hatari-crnaywjepgfrrcdspvkwustrehyb/Build/Products/Debug-iphoneos/Hatari.swiftmodule/arm64-apple-ios.swiftmodule /Users/viveksarkar/Library/Developer/Xcode/DerivedData/Hatari-crnaywjepgfrrcdspvkwustrehyb/Build/Intermediates.noindex/Hatari.build/Debug-iphoneos/Hatari.build/Objects-normal/arm64/Hatari.swiftmodule (in target 'Hatari' from project 'Hatari')
    cd /Users/viveksarkar/Desktop/Hatari_app/ios
    builtin-copy -exclude .DS_Store -exclude CVS -exclude .svn -exclude .git -exclude .hg -resolve-src-symlinks -rename /Users/viveksarkar/Library/Developer/Xcode/DerivedData/Hatari-crnaywjepgfrrcdspvkwustrehyb/Build/Intermediates.noindex/Hatari.build/Debug-iphoneos/Hatari.build/Objects-normal/arm64/Hatari.swiftmodule /Users/viveksarkar/Library/Developer/Xcode/DerivedData/Hatari-crnaywjepgfrrcdspvkwustrehyb/Build/Products/Debug-iphoneos/Hatari.swiftmodule/arm64-apple-ios.swiftmodule

Copy /Users/viveksarkar/Library/Developer/Xcode/DerivedData/Hatari-crnaywjepgfrrcdspvkwustrehyb/Build/Products/Debug-iphoneos/Hatari.swiftmodule/arm64-apple-ios.swiftdoc /Users/viveksarkar/Library/Developer/Xcode/DerivedData/Hatari-crnaywjepgfrrcdspvkwustrehyb/Build/Intermediates.noindex/Hatari.build/Debug-iphoneos/Hatari.build/Objects-normal/arm64/Hatari.swiftdoc (in target 'Hatari' from project 'Hatari')
    cd /Users/viveksarkar/Desktop/Hatari_app/ios
    builtin-copy -exclude .DS_Store -exclude CVS -exclude .svn -exclude .git -exclude .hg -resolve-src-symlinks -rename /Users/viveksarkar/Library/Developer/Xcode/DerivedData/Hatari-crnaywjepgfrrcdspvkwustrehyb/Build/Intermediates.noindex/Hatari.build/Debug-iphoneos/Hatari.build/Objects-normal/arm64/Hatari.swiftdoc /Users/viveksarkar/Library/Developer/Xcode/DerivedData/Hatari-crnaywjepgfrrcdspvkwustrehyb/Build/Products/Debug-iphoneos/Hatari.swiftmodule/arm64-apple-ios.swiftdoc

Copy /Users/viveksarkar/Library/Developer/Xcode/DerivedData/Hatari-crnaywjepgfrrcdspvkwustrehyb/Build/Products/Debug-iphoneos/Hatari.swiftmodule/arm64-apple-ios.abi.json /Users/viveksarkar/Library/Developer/Xcode/DerivedData/Hatari-crnaywjepgfrrcdspvkwustrehyb/Build/Intermediates.noindex/Hatari.build/Debug-iphoneos/Hatari.build/Objects-normal/arm64/Hatari.abi.json (in target 'Hatari' from project 'Hatari')
    cd /Users/viveksarkar/Desktop/Hatari_app/ios
    builtin-copy -exclude .DS_Store -exclude CVS -exclude .svn -exclude .git -exclude .hg -resolve-src-symlinks -rename /Users/viveksarkar/Library/Developer/Xcode/DerivedData/Hatari-crnaywjepgfrrcdspvkwustrehyb/Build/Intermediates.noindex/Hatari.build/Debug-iphoneos/Hatari.build/Objects-normal/arm64/Hatari.abi.json /Users/viveksarkar/Library/Developer/Xcode/DerivedData/Hatari-crnaywjepgfrrcdspvkwustrehyb/Build/Products/Debug-iphoneos/Hatari.swiftmodule/arm64-apple-ios.abi.json

Copy /Users/viveksarkar/Library/Developer/Xcode/DerivedData/Hatari-crnaywjepgfrrcdspvkwustrehyb/Build/Products/Debug-iphoneos/Hatari.swiftmodule/Project/arm64-apple-ios.swiftsourceinfo /Users/viveksarkar/Library/Developer/Xcode/DerivedData/Hatari-crnaywjepgfrrcdspvkwustrehyb/Build/Intermediates.noindex/Hatari.build/Debug-iphoneos/Hatari.build/Objects-normal/arm64/Hatari.swiftsourceinfo (in target 'Hatari' from project 'Hatari')
    cd /Users/viveksarkar/Desktop/Hatari_app/ios
    builtin-copy -exclude .DS_Store -exclude CVS -exclude .svn -exclude .git -exclude .hg -resolve-src-symlinks -rename /Users/viveksarkar/Library/Developer/Xcode/DerivedData/Hatari-crnaywjepgfrrcdspvkwustrehyb/Build/Intermediates.noindex/Hatari.build/Debug-iphoneos/Hatari.build/Objects-normal/arm64/Hatari.swiftsourceinfo /Users/viveksarkar/Library/Developer/Xcode/DerivedData/Hatari-crnaywjepgfrrcdspvkwustrehyb/Build/Products/Debug-iphoneos/Hatari.swiftmodule/Project/arm64-apple-ios.swiftsourceinfo

ScanDependencies /Users/viveksarkar/Library/Developer/Xcode/DerivedData/Hatari-crnaywjepgfrrcdspvkwustrehyb/Build/Intermediates.noindex/Hatari.build/Debug-iphoneos/Hatari.build/Objects-normal/arm64/Hatari_vers.o /Users/viveksarkar/Library/Developer/Xcode/DerivedData/Hatari-crnaywjepgfrrcdspvkwustrehyb/Build/Intermediates.noindex/Hatari.build/Debug-iphoneos/Hatari.build/DerivedSources/Hatari_vers.c normal arm64 c com.apple.compilers.llvm.clang.1_0.compiler (in target 'Hatari' from project 'Hatari')
    cd /Users/viveksarkar/Desktop/Hatari_app/ios
    
    Using response file: /Users/viveksarkar/Library/Developer/Xcode/DerivedData/Hatari-crnaywjepgfrrcdspvkwustrehyb/Build/Intermediates.noindex/Hatari.build/Debug-iphoneos/Hatari.build/Objects-normal/arm64/7187679823f38a2a940e0043cdf9d637-common-args.resp
    
    builtin-ScanDependencies -o /Users/viveksarkar/Library/Developer/Xcode/DerivedData/Hatari-crnaywjepgfrrcdspvkwustrehyb/Build/Intermediates.noindex/Hatari.build/Debug-iphoneos/Hatari.build/Objects-normal/arm64/Hatari_vers.o.scan -- /Applications/Xcode.app/Contents/Developer/Toolchains/XcodeDefault.xctoolchain/usr/bin/clang -x c -ivfsstatcache /Users/viveksarkar/Library/Developer/Xcode/DerivedData/SDKStatCaches.noindex/iphoneos26.2-23C53-3794476bd08197c3e2abd9bb477ef7f7.sdkstatcache -fmessage-length\=0 -fdiagnostics-show-note-include-stack -fmacro-backtrace-limit\=0 -fno-color-diagnostics -fmodules-prune-interval\=86400 -fmodules-prune-after\=345600 -fbuild-session-file\=/Users/viveksarkar/Library/Developer/Xcode/DerivedData/ModuleCache.noindex/Session.modulevalidation -fmodules-validate-once-per-build-session -Wnon-modular-include-in-framework-module -Werror\=non-modular-include-in-framework-module -Wno-trigraphs -Wno-missing-field-initializers -Wno-missing-prototypes -Werror\=return-type -Wunreachable-code -Werror\=deprecated-objc-isa-usage -Werror\=objc-root-class -Wno-missing-braces -Wparentheses -Wswitch -Wunused-function -Wno-unused-label -Wno-unused-parameter -Wunused-variable -Wunused-value -Wempty-body -Wuninitialized -Wconditional-uninitialized -Wno-unknown-pragmas -Wno-shadow -Wno-four-char-constants -Wno-conversion -Wconstant-conversion -Wint-conversion -Wbool-conversion -Wenum-conversion -Wno-float-conversion -Wnon-literal-null-conversion -Wobjc-literal-conversion -Wshorten-64-to-32 -Wpointer-sign -Wno-newline-eof -Wno-implicit-fallthrough -fstrict-aliasing -Wdeprecated-declarations -Wno-sign-conversion -Winfinite-recursion -Wcomma -Wblock-capture-autoreleasing -Wstrict-prototypes -Wno-semicolon-before-method-body @/Users/viveksarkar/Library/Developer/Xcode/DerivedData/Hatari-crnaywjepgfrrcdspvkwustrehyb/Build/Intermediates.noindex/Hatari.build/Debug-iphoneos/Hatari.build/Objects-normal/arm64/7187679823f38a2a940e0043cdf9d637-common-args.resp -MMD -MT dependencies -MF /Users/viveksarkar/Library/Developer/Xcode/DerivedData/Hatari-crnaywjepgfrrcdspvkwustrehyb/Build/Intermediates.noindex/Hatari.build/Debug-iphoneos/Hatari.build/Objects-normal/arm64/Hatari_vers.d --serialize-diagnostics /Users/viveksarkar/Library/Developer/Xcode/DerivedData/Hatari-crnaywjepgfrrcdspvkwustrehyb/Build/Intermediates.noindex/Hatari.build/Debug-iphoneos/Hatari.build/Objects-normal/arm64/Hatari_vers.dia -c /Users/viveksarkar/Library/Developer/Xcode/DerivedData/Hatari-crnaywjepgfrrcdspvkwustrehyb/Build/Intermediates.noindex/Hatari.build/Debug-iphoneos/Hatari.build/DerivedSources/Hatari_vers.c -o /Users/viveksarkar/Library/Developer/Xcode/DerivedData/Hatari-crnaywjepgfrrcdspvkwustrehyb/Build/Intermediates.noindex/Hatari.build/Debug-iphoneos/Hatari.build/Objects-normal/arm64/Hatari_vers.o

CompileC /Users/viveksarkar/Library/Developer/Xcode/DerivedData/Hatari-crnaywjepgfrrcdspvkwustrehyb/Build/Intermediates.noindex/Hatari.build/Debug-iphoneos/Hatari.build/Objects-normal/arm64/Hatari_vers.o /Users/viveksarkar/Library/Developer/Xcode/DerivedData/Hatari-crnaywjepgfrrcdspvkwustrehyb/Build/Intermediates.noindex/Hatari.build/Debug-iphoneos/Hatari.build/DerivedSources/Hatari_vers.c normal arm64 c com.apple.compilers.llvm.clang.1_0.compiler (in target 'Hatari' from project 'Hatari')
    cd /Users/viveksarkar/Desktop/Hatari_app/ios
    
    Using response file: /Users/viveksarkar/Library/Developer/Xcode/DerivedData/Hatari-crnaywjepgfrrcdspvkwustrehyb/Build/Intermediates.noindex/Hatari.build/Debug-iphoneos/Hatari.build/Objects-normal/arm64/7187679823f38a2a940e0043cdf9d637-common-args.resp
    
    /Applications/Xcode.app/Contents/Developer/Toolchains/XcodeDefault.xctoolchain/usr/bin/clang -x c -ivfsstatcache /Users/viveksarkar/Library/Developer/Xcode/DerivedData/SDKStatCaches.noindex/iphoneos26.2-23C53-3794476bd08197c3e2abd9bb477ef7f7.sdkstatcache -fmessage-length\=0 -fdiagnostics-show-note-include-stack -fmacro-backtrace-limit\=0 -fno-color-diagnostics -fmodules-prune-interval\=86400 -fmodules-prune-after\=345600 -fbuild-session-file\=/Users/viveksarkar/Library/Developer/Xcode/DerivedData/ModuleCache.noindex/Session.modulevalidation -fmodules-validate-once-per-build-session -Wnon-modular-include-in-framework-module -Werror\=non-modular-include-in-framework-module -Wno-trigraphs -Wno-missing-field-initializers -Wno-missing-prototypes -Werror\=return-type -Wunreachable-code -Werror\=deprecated-objc-isa-usage -Werror\=objc-root-class -Wno-missing-braces -Wparentheses -Wswitch -Wunused-function -Wno-unused-label -Wno-unused-parameter -Wunused-variable -Wunused-value -Wempty-body -Wuninitialized -Wconditional-uninitialized -Wno-unknown-pragmas -Wno-shadow -Wno-four-char-constants -Wno-conversion -Wconstant-conversion -Wint-conversion -Wbool-conversion -Wenum-conversion -Wno-float-conversion -Wnon-literal-null-conversion -Wobjc-literal-conversion -Wshorten-64-to-32 -Wpointer-sign -Wno-newline-eof -Wno-implicit-fallthrough -fstrict-aliasing -Wdeprecated-declarations -Wno-sign-conversion -Winfinite-recursion -Wcomma -Wblock-capture-autoreleasing -Wstrict-prototypes -Wno-semicolon-before-method-body @/Users/viveksarkar/Library/Developer/Xcode/DerivedData/Hatari-crnaywjepgfrrcdspvkwustrehyb/Build/Intermediates.noindex/Hatari.build/Debug-iphoneos/Hatari.build/Objects-normal/arm64/7187679823f38a2a940e0043cdf9d637-common-args.resp -MMD -MT dependencies -MF /Users/viveksarkar/Library/Developer/Xcode/DerivedData/Hatari-crnaywjepgfrrcdspvkwustrehyb/Build/Intermediates.noindex/Hatari.build/Debug-iphoneos/Hatari.build/Objects-normal/arm64/Hatari_vers.d --serialize-diagnostics /Users/viveksarkar/Library/Developer/Xcode/DerivedData/Hatari-crnaywjepgfrrcdspvkwustrehyb/Build/Intermediates.noindex/Hatari.build/Debug-iphoneos/Hatari.build/Objects-normal/arm64/Hatari_vers.dia -c /Users/viveksarkar/Library/Developer/Xcode/DerivedData/Hatari-crnaywjepgfrrcdspvkwustrehyb/Build/Intermediates.noindex/Hatari.build/Debug-iphoneos/Hatari.build/DerivedSources/Hatari_vers.c -o /Users/viveksarkar/Library/Developer/Xcode/DerivedData/Hatari-crnaywjepgfrrcdspvkwustrehyb/Build/Intermediates.noindex/Hatari.build/Debug-iphoneos/Hatari.build/Objects-normal/arm64/Hatari_vers.o

SwiftDriverJobDiscovery normal arm64 Compiling GeneratedAssetSymbols.swift (in target 'Hatari' from project 'Hatari')

SwiftDriverJobDiscovery normal arm64 Compiling AppDelegate.swift (in target 'Hatari' from project 'Hatari')

SwiftDriver\ Compilation Hatari normal arm64 com.apple.xcode.tools.swift.compiler (in target 'Hatari' from project 'Hatari')
    cd /Users/viveksarkar/Desktop/Hatari_app/ios
    builtin-Swift-Compilation -- /Applications/Xcode.app/Contents/Developer/Toolchains/XcodeDefault.xctoolchain/usr/bin/swiftc -module-name Hatari -Onone -enforce-exclusivity\=checked @/Users/viveksarkar/Library/Developer/Xcode/DerivedData/Hatari-crnaywjepgfrrcdspvkwustrehyb/Build/Intermediates.noindex/Hatari.build/Debug-iphoneos/Hatari.build/Objects-normal/arm64/Hatari.SwiftFileList -DDEBUG -D COCOAPODS -Xcc -fmodule-map-file\=/Users/viveksarkar/Library/Developer/Xcode/DerivedData/Hatari-crnaywjepgfrrcdspvkwustrehyb/Build/Products/Debug-iphoneos/react-native-geolocation-service/react_native_geolocation_service.modulemap -Xcc -fmodule-map-file\=/Users/viveksarkar/Desktop/Hatari_app/ios/Pods/Headers/Public/DoubleConversion/DoubleConversion.modulemap -Xcc -fmodule-map-file\=/Users/viveksarkar/Desktop/Hatari_app/ios/Pods/Headers/Public/RCTDeprecation/RCTDeprecation.modulemap -Xcc -fmodule-map-file\=/Users/viveksarkar/Desktop/Hatari_app/ios/Pods/Headers/Public/RCTFabric/React-RCTFabric.modulemap -Xcc -fmodule-map-file\=/Users/viveksarkar/Desktop/Hatari_app/ios/Pods/Headers/Public/RCTRuntime/React-RCTRuntime.modulemap -Xcc -fmodule-map-file\=/Users/viveksarkar/Desktop/Hatari_app/ios/Pods/Headers/Public/RCTTypeSafety/RCTTypeSafety.modulemap -Xcc -fmodule-map-file\=/Users/viveksarkar/Desktop/Hatari_app/ios/Pods/Headers/Public/React/React-Core.modulemap -Xcc -fmodule-map-file\=/Users/viveksarkar/Desktop/Hatari_app/ios/Pods/Headers/Public/ReactAppDependencyProvider/ReactAppDependencyProvider.modulemap -Xcc -fmodule-map-file\=/Users/viveksarkar/Desktop/Hatari_app/ios/Pods/Headers/Public/ReactCodegen/ReactCodegen.modulemap -Xcc -fmodule-map-file\=/Users/viveksarkar/Desktop/Hatari_app/ios/Pods/Headers/Public/ReactCommon/ReactCommon.modulemap -Xcc -fmodule-map-file\=/Users/viveksarkar/Desktop/Hatari_app/ios/Pods/Headers/Public/React_Fabric/React-Fabric.modulemap -Xcc -fmodule-map-file\=/Users/viveksarkar/Desktop/Hatari_app/ios/Pods/Headers/Public/React_FabricComponents/React-FabricComponents.modulemap -Xcc -fmodule-map-file\=/Users/viveksarkar/Desktop/Hatari_app/ios/Pods/Headers/Public/React_NativeModulesApple/React-NativeModulesApple.modulemap -Xcc -fmodule-map-file\=/Users/viveksarkar/Desktop/Hatari_app/ios/Pods/Headers/Public/React_RCTAppDelegate/React-RCTAppDelegate.modulemap -Xcc -fmodule-map-file\=/Users/viveksarkar/Desktop/Hatari_app/ios/Pods/Headers/Public/folly/RCT-Folly.modulemap -Xcc -fmodule-map-file\=/Users/viveksarkar/Desktop/Hatari_app/ios/Pods/Headers/Public/glog/glog.modulemap -Xcc -fmodule-map-file\=/Users/viveksarkar/Desktop/Hatari_app/ios/Pods/Headers/Public/jsi/React-jsi.modulemap -Xcc -fmodule-map-file\=/Users/viveksarkar/Desktop/Hatari_app/ios/Pods/Headers/Public/jsinspector_modern/React-jsinspector.modulemap -Xcc -fmodule-map-file\=/Users/viveksarkar/Desktop/Hatari_app/ios/Pods/Headers/Public/jsinspector_modern_tracing/React-jsinspectortracing.modulemap -Xcc -fmodule-map-file\=/Users/viveksarkar/Desktop/Hatari_app/ios/Pods/Headers/Public/react_debug/React-debug.modulemap -Xcc -fmodule-map-file\=/Users/viveksarkar/Desktop/Hatari_app/ios/Pods/Headers/Public/react_featureflags/React-featureflags.modulemap -Xcc -fmodule-map-file\=/Users/viveksarkar/Desktop/Hatari_app/ios/Pods/Headers/Public/react_nativemodule_defaults/React-defaultsnativemodule.modulemap -Xcc -fmodule-map-file\=/Users/viveksarkar/Desktop/Hatari_app/ios/Pods/Headers/Public/react_nativemodule_dom/React-domnativemodule.modulemap -Xcc -fmodule-map-file\=/Users/viveksarkar/Desktop/Hatari_app/ios/Pods/Headers/Public/react_nativemodule_featureflags/React-featureflagsnativemodule.modulemap -Xcc -fmodule-map-file\=/Users/viveksarkar/Desktop/Hatari_app/ios/Pods/Headers/Public/react_nativemodule_idlecallbacks/React-idlecallbacksnativemodule.modulemap -Xcc -fmodule-map-file\=/Users/viveksarkar/Desktop/Hatari_app/ios/Pods/Headers/Public/react_nativemodule_microtasks/React-microtasksnativemodule.modulemap -Xcc -fmodule-map-file\=/Users/viveksarkar/Desktop/Hatari_app/ios/Pods/Headers/Public/react_renderer_css/React-renderercss.modulemap -Xcc -fmodule-map-file\=/Users/viveksarkar/Desktop/Hatari_app/ios/Pods/Headers/Public/react_renderer_debug/React-rendererdebug.modulemap -Xcc -fmodule-map-file\=/Users/viveksarkar/Desktop/Hatari_app/ios/Pods/Headers/Public/react_renderer_graphics/React-graphics.modulemap -Xcc -fmodule-map-file\=/Users/viveksarkar/Desktop/Hatari_app/ios/Pods/Headers/Public/react_renderer_imagemanager/React-ImageManager.modulemap -Xcc -fmodule-map-file\=/Users/viveksarkar/Desktop/Hatari_app/ios/Pods/Headers/Public/react_runtime/React-jsitooling.modulemap -Xcc -fmodule-map-file\=/Users/viveksarkar/Desktop/Hatari_app/ios/Pods/Headers/Public/react_utils/React-utils.modulemap -Xcc -fmodule-map-file\=/Users/viveksarkar/Desktop/Hatari_app/ios/Pods/Headers/Public/reacthermes/React-hermes.modulemap -Xcc -fmodule-map-file\=/Users/viveksarkar/Desktop/Hatari_app/ios/Pods/Headers/Public/yoga/Yoga.modulemap -enable-bare-slash-regex -enable-experimental-feature DebugDescriptionMacro -sdk /Applications/Xcode.app/Contents/Developer/Platforms/iPhoneOS.platform/Developer/SDKs/iPhoneOS26.2.sdk -target arm64-apple-ios15.1 -g -module-cache-path /Users/viveksarkar/Library/Developer/Xcode/DerivedData/ModuleCache.noindex -Xfrontend -serialize-debugging-options -enable-testing -Xcc -D_LIBCPP_HARDENING_MODE\=_LIBCPP_HARDENING_MODE_DEBUG -swift-version 5 -I /Users/viveksarkar/Library/Developer/Xcode/DerivedData/Hatari-crnaywjepgfrrcdspvkwustrehyb/Build/Products/Debug-iphoneos -I /Users/viveksarkar/Library/Developer/Xcode/DerivedData/Hatari-crnaywjepgfrrcdspvkwustrehyb/Build/Products/Debug-iphoneos/react-native-geolocation-service -F /Users/viveksarkar/Library/Developer/Xcode/DerivedData/Hatari-crnaywjepgfrrcdspvkwustrehyb/Build/Products/Debug-iphoneos -F /Users/viveksarkar/Desktop/Hatari_app/ios/Pods/hermes-engine/destroot/Library/Frameworks/universal -F /Users/viveksarkar/Library/Developer/Xcode/DerivedData/Hatari-crnaywjepgfrrcdspvkwustrehyb/Build/Products/Debug-iphoneos/XCFrameworkIntermediates/hermes-engine/Pre-built -c -j8 -enable-batch-mode -incremental -Xcc -ivfsstatcache -Xcc /Users/viveksarkar/Library/Developer/Xcode/DerivedData/SDKStatCaches.noindex/iphoneos26.2-23C53-3794476bd08197c3e2abd9bb477ef7f7.sdkstatcache -output-file-map /Users/viveksarkar/Library/Developer/Xcode/DerivedData/Hatari-crnaywjepgfrrcdspvkwustrehyb/Build/Intermediates.noindex/Hatari.build/Debug-iphoneos/Hatari.build/Objects-normal/arm64/Hatari-OutputFileMap.json -use-frontend-parseable-output -save-temps -no-color-diagnostics -explicit-module-build -module-cache-path /Users/viveksarkar/Library/Developer/Xcode/DerivedData/Hatari-crnaywjepgfrrcdspvkwustrehyb/Build/Intermediates.noindex/SwiftExplicitPrecompiledModules -clang-scanner-module-cache-path /Users/viveksarkar/Library/Developer/Xcode/DerivedData/ModuleCache.noindex -sdk-module-cache-path /Users/viveksarkar/Library/Developer/Xcode/DerivedData/ModuleCache.noindex -serialize-diagnostics -emit-dependencies -emit-module -emit-module-path /Users/viveksarkar/Library/Developer/Xcode/DerivedData/Hatari-crnaywjepgfrrcdspvkwustrehyb/Build/Intermediates.noindex/Hatari.build/Debug-iphoneos/Hatari.build/Objects-normal/arm64/Hatari.swiftmodule -validate-clang-modules-once -clang-build-session-file /Users/viveksarkar/Library/Developer/Xcode/DerivedData/ModuleCache.noindex/Session.modulevalidation -Xcc -I/Users/viveksarkar/Library/Developer/Xcode/DerivedData/Hatari-crnaywjepgfrrcdspvkwustrehyb/Build/Intermediates.noindex/Hatari.build/Debug-iphoneos/Hatari.build/swift-overrides.hmap -emit-const-values -Xfrontend -const-gather-protocols-file -Xfrontend /Users/viveksarkar/Library/Developer/Xcode/DerivedData/Hatari-crnaywjepgfrrcdspvkwustrehyb/Build/Intermediates.noindex/Hatari.build/Debug-iphoneos/Hatari.build/Objects-normal/arm64/Hatari_const_extract_protocols.json -Xcc -iquote -Xcc /Users/viveksarkar/Library/Developer/Xcode/DerivedData/Hatari-crnaywjepgfrrcdspvkwustrehyb/Build/Intermediates.noindex/Hatari.build/Debug-iphoneos/Hatari.build/Hatari-generated-files.hmap -Xcc -I/Users/viveksarkar/Library/Developer/Xcode/DerivedData/Hatari-crnaywjepgfrrcdspvkwustrehyb/Build/Intermediates.noindex/Hatari.build/Debug-iphoneos/Hatari.build/Hatari-own-target-headers.hmap -Xcc -I/Users/viveksarkar/Library/Developer/Xcode/DerivedData/Hatari-crnaywjepgfrrcdspvkwustrehyb/Build/Intermediates.noindex/Hatari.build/Debug-iphoneos/Hatari.build/Hatari-all-non-framework-target-headers.hmap -Xcc -ivfsoverlay -Xcc /Users/viveksarkar/Library/Developer/Xcode/DerivedData/Hatari-crnaywjepgfrrcdspvkwustrehyb/Build/Intermediates.noindex/Hatari.build/Debug-iphoneos/Hatari-7b8eb6a7c5ef25999894b111a6bb7033-VFS-iphoneos/all-product-headers.yaml -Xcc -iquote -Xcc /Users/viveksarkar/Library/Developer/Xcode/DerivedData/Hatari-crnaywjepgfrrcdspvkwustrehyb/Build/Intermediates.noindex/Hatari.build/Debug-iphoneos/Hatari.build/Hatari-project-headers.hmap -Xcc -I/Users/viveksarkar/Library/Developer/Xcode/DerivedData/Hatari-crnaywjepgfrrcdspvkwustrehyb/Build/Products/Debug-iphoneos/include -Xcc -I/Users/viveksarkar/Desktop/Hatari_app/ios/Pods/Headers/Public -Xcc -I/Users/viveksarkar/Desktop/Hatari_app/ios/Pods/Headers/Public/BVLinearGradient -Xcc -I/Users/viveksarkar/Desktop/Hatari_app/ios/Pods/Headers/Public/DoubleConversion -Xcc -I/Users/viveksarkar/Desktop/Hatari_app/ios/Pods/Headers/Public/FBLazyVector -Xcc -I/Users/viveksarkar/Desktop/Hatari_app/ios/Pods/Headers/Public/RCT-Folly -Xcc -I/Users/viveksarkar/Desktop/Hatari_app/ios/Pods/Headers/Public/RCTDeprecation -Xcc -I/Users/viveksarkar/Desktop/Hatari_app/ios/Pods/Headers/Public/RCTRequired -Xcc -I/Users/viveksarkar/Desktop/Hatari_app/ios/Pods/Headers/Public/RCTTypeSafety -Xcc -I/Users/viveksarkar/Desktop/Hatari_app/ios/Pods/Headers/Public/RNCAsyncStorage -Xcc -I/Users/viveksarkar/Desktop/Hatari_app/ios/Pods/Headers/Public/RNDateTimePicker -Xcc -I/Users/viveksarkar/Desktop/Hatari_app/ios/Pods/Headers/Public/RNGestureHandler -Xcc -I/Users/viveksarkar/Desktop/Hatari_app/ios/Pods/Headers/Public/RNPermissions -Xcc -I/Users/viveksarkar/Desktop/Hatari_app/ios/Pods/Headers/Public/RNSVG -Xcc -I/Users/viveksarkar/Desktop/Hatari_app/ios/Pods/Headers/Public/RNScreens -Xcc -I/Users/viveksarkar/Desktop/Hatari_app/ios/Pods/Headers/Public/RNVectorIcons -Xcc -I/Users/viveksarkar/Desktop/Hatari_app/ios/Pods/Headers/Public/React-Core -Xcc -I/Users/viveksarkar/Desktop/Hatari_app/ios/Pods/Headers/Public/React-Fabric -Xcc -I/Users/viveksarkar/Desktop/Hatari_app/ios/Pods/Headers/Public/React-FabricComponents -Xcc -I/Users/viveksarkar/Desktop/Hatari_app/ios/Pods/Headers/Public/React-FabricImage -Xcc -I/Users/viveksarkar/Desktop/Hatari_app/ios/Pods/Headers/Public/React-ImageManager -Xcc -I/Users/viveksarkar/Desktop/Hatari_app/ios/Pods/Headers/Public/React-Mapbuffer -Xcc -I/Users/viveksarkar/Desktop/Hatari_app/ios/Pods/Headers/Public/React-NativeModulesApple -Xcc -I/Users/viveksarkar/Desktop/Hatari_app/ios/Pods/Headers/Public/React-RCTAnimation -Xcc -I/Users/viveksarkar/Desktop/Hatari_app/ios/Pods/Headers/Public/React-RCTAppDelegate -Xcc -I/Users/viveksarkar/Desktop/Hatari_app/ios/Pods/Headers/Public/React-RCTBlob -Xcc -I/Users/viveksarkar/Desktop/Hatari_app/ios/Pods/Headers/Public/React-RCTFBReactNativeSpec -Xcc -I/Users/viveksarkar/Desktop/Hatari_app/ios/Pods/Headers/Public/React-RCTFabric -Xcc -I/Users/viveksarkar/Desktop/Hatari_app/ios/Pods/Headers/Public/React-RCTRuntime -Xcc -I/Users/viveksarkar/Desktop/Hatari_app/ios/Pods/Headers/Public/React-RCTText -Xcc -I/Users/viveksarkar/Desktop/Hatari_app/ios/Pods/Headers/Public/React-RuntimeApple -Xcc -I/Users/viveksarkar/Desktop/Hatari_app/ios/Pods/Headers/Public/React-RuntimeCore -Xcc -I/Users/viveksarkar/Desktop/Hatari_app/ios/Pods/Headers/Public/React-RuntimeHermes -Xcc -I/Users/viveksarkar/Desktop/Hatari_app/ios/Pods/Headers/Public/React-callinvoker -Xcc -I/Users/viveksarkar/Desktop/Hatari_app/ios/Pods/Headers/Public/React-cxxreact -Xcc -I/Users/viveksarkar/Desktop/Hatari_app/ios/Pods/Headers/Public/React-debug -Xcc -I/Users/viveksarkar/Desktop/Hatari_app/ios/Pods/Headers/Public/React-defaultsnativemodule -Xcc -I/Users/viveksarkar/Desktop/Hatari_app/ios/Pods/Headers/Public/React-domnativemodule -Xcc -I/Users/viveksarkar/Desktop/Hatari_app/ios/Pods/Headers/Public/React-featureflags -Xcc -I/Users/viveksarkar/Desktop/Hatari_app/ios/Pods/Headers/Public/React-featureflagsnativemodule -Xcc -I/Users/viveksarkar/Desktop/Hatari_app/ios/Pods/Headers/Public/React-graphics -Xcc -I/Users/viveksarkar/Desktop/Hatari_app/ios/Pods/Headers/Public/React-hermes -Xcc -I/Users/viveksarkar/Desktop/Hatari_app/ios/Pods/Headers/Public/React-idlecallbacksnativemodule -Xcc -I/Users/viveksarkar/Desktop/Hatari_app/ios/Pods/Headers/Public/React-jserrorhandler -Xcc -I/Users/viveksarkar/Desktop/Hatari_app/ios/Pods/Headers/Public/React-jsi -Xcc -I/Users/viveksarkar/Desktop/Hatari_app/ios/Pods/Headers/Public/React-jsiexecutor -Xcc -I/Users/viveksarkar/Desktop/Hatari_app/ios/Pods/Headers/Public/React-jsinspector -Xcc -I/Users/viveksarkar/Desktop/Hatari_app/ios/Pods/Headers/Public/React-jsinspectortracing -Xcc -I/Users/viveksarkar/Desktop/Hatari_app/ios/Pods/Headers/Public/React-jsitooling -Xcc -I/Users/viveksarkar/Desktop/Hatari_app/ios/Pods/Headers/Public/React-logger -Xcc -I/Users/viveksarkar/Desktop/Hatari_app/ios/Pods/Headers/Public/React-microtasksnativemodule -Xcc -I/Users/viveksarkar/Desktop/Hatari_app/ios/Pods/Headers/Public/React-oscompat -Xcc -I/Users/viveksarkar/Desktop/Hatari_app/ios/Pods/Headers/Public/React-perflogger -Xcc -I/Users/viveksarkar/Desktop/Hatari_app/ios/Pods/Headers/Public/React-performancetimeline -Xcc -I/Users/viveksarkar/Desktop/Hatari_app/ios/Pods/Headers/Public/React-rendererconsistency -Xcc -I/Users/viveksarkar/Desktop/Hatari_app/ios/Pods/Headers/Public/React-renderercss -Xcc -I/Users/viveksarkar/Desktop/Hatari_app/ios/Pods/Headers/Public/React-rendererdebug -Xcc -I/Users/viveksarkar/Desktop/Hatari_app/ios/Pods/Headers/Public/React-runtimeexecutor -Xcc -I/Users/viveksarkar/Desktop/Hatari_app/ios/Pods/Headers/Public/React-runtimescheduler -Xcc -I/Users/viveksarkar/Desktop/Hatari_app/ios/Pods/Headers/Public/React-timing -Xcc -I/Users/viveksarkar/Desktop/Hatari_app/ios/Pods/Headers/Public/React-utils -Xcc -I/Users/viveksarkar/Desktop/Hatari_app/ios/Pods/Headers/Public/ReactAppDependencyProvider -Xcc -I/Users/viveksarkar/Desktop/Hatari_app/ios/Pods/Headers/Public/ReactCodegen -Xcc -I/Users/viveksarkar/Desktop/Hatari_app/ios/Pods/Headers/Public/ReactCommon -Xcc -I/Users/viveksarkar/Desktop/Hatari_app/ios/Pods/Headers/Public/SocketRocket -Xcc -I/Users/viveksarkar/Desktop/Hatari_app/ios/Pods/Headers/Public/Yoga -Xcc -I/Users/viveksarkar/Desktop/Hatari_app/ios/Pods/Headers/Public/boost -Xcc -I/Users/viveksarkar/Desktop/Hatari_app/ios/Pods/Headers/Public/fast_float -Xcc -I/Users/viveksarkar/Desktop/Hatari_app/ios/Pods/Headers/Public/fmt -Xcc -I/Users/viveksarkar/Desktop/Hatari_app/ios/Pods/Headers/Public/glog -Xcc -I/Users/viveksarkar/Desktop/Hatari_app/ios/Pods/Headers/Public/hermes-engine -Xcc -I/Users/viveksarkar/Desktop/Hatari_app/ios/Pods/Headers/Public/react-native-blur -Xcc -I/Users/viveksarkar/Desktop/Hatari_app/ios/Pods/Headers/Public/react-native-geolocation -Xcc -I/Users/viveksarkar/Desktop/Hatari_app/ios/Pods/Headers/Public/react-native-geolocation-service -Xcc -I/Users/viveksarkar/Desktop/Hatari_app/ios/Pods/Headers/Public/react-native-maps -Xcc -I/Users/viveksarkar/Desktop/Hatari_app/ios/Pods/Headers/Public/react-native-netinfo -Xcc -I/Users/viveksarkar/Desktop/Hatari_app/ios/Pods/Headers/Public/react-native-safe-area-context -Xcc -I/Users/viveksarkar/Desktop/Hatari_app/ios/Pods/Headers/Public/react-native-version-check -Xcc -I/Users/viveksarkar/Desktop/Hatari_app/ios/Pods/DoubleConversion -Xcc -I/Users/viveksarkar/Desktop/Hatari_app/ios/Pods/boost -Xcc -I/Users/viveksarkar/Desktop/Hatari_app/ios/Pods/Headers/Private/React-Core -Xcc -I/Users/viveksarkar/Desktop/Hatari_app/ios/Pods/Headers/Private/React-Core -Xcc -I/Users/viveksarkar/Desktop/Hatari_app/ios/Pods/Headers/Private/Yoga -Xcc -I/Users/viveksarkar/Library/Developer/Xcode/DerivedData/Hatari-crnaywjepgfrrcdspvkwustrehyb/Build/Intermediates.noindex/Hatari.build/Debug-iphoneos/Hatari.build/DerivedSources-normal/arm64 -Xcc -I/Users/viveksarkar/Library/Developer/Xcode/DerivedData/Hatari-crnaywjepgfrrcdspvkwustrehyb/Build/Intermediates.noindex/Hatari.build/Debug-iphoneos/Hatari.build/DerivedSources/arm64 -Xcc -I/Users/viveksarkar/Library/Developer/Xcode/DerivedData/Hatari-crnaywjepgfrrcdspvkwustrehyb/Build/Intermediates.noindex/Hatari.build/Debug-iphoneos/Hatari.build/DerivedSources -Xcc -DDEBUG\=1 -Xcc -DCOCOAPODS\=1 -emit-objc-header -emit-objc-header-path /Users/viveksarkar/Library/Developer/Xcode/DerivedData/Hatari-crnaywjepgfrrcdspvkwustrehyb/Build/Intermediates.noindex/Hatari.build/Debug-iphoneos/Hatari.build/Objects-normal/arm64/Hatari-Swift.h -working-directory /Users/viveksarkar/Desktop/Hatari_app/ios -experimental-emit-module-separately -disable-cmo

Ld /Users/viveksarkar/Library/Developer/Xcode/DerivedData/Hatari-crnaywjepgfrrcdspvkwustrehyb/Build/Products/Debug-iphoneos/Hatari.app/Hatari.debug.dylib normal (in target 'Hatari' from project 'Hatari')
    cd /Users/viveksarkar/Desktop/Hatari_app/ios
    /Applications/Xcode.app/Contents/Developer/Toolchains/XcodeDefault.xctoolchain/usr/bin/clang -Xlinker -reproducible -target arm64-apple-ios15.1 -dynamiclib -isysroot /Applications/Xcode.app/Contents/Developer/Platforms/iPhoneOS.platform/Developer/SDKs/iPhoneOS26.2.sdk -O0 -L/Users/viveksarkar/Library/Developer/Xcode/DerivedData/Hatari-crnaywjepgfrrcdspvkwustrehyb/Build/Intermediates.noindex/EagerLinkingTBDs/Debug-iphoneos -L/Users/viveksarkar/Library/Developer/Xcode/DerivedData/Hatari-crnaywjepgfrrcdspvkwustrehyb/Build/Products/Debug-iphoneos -L/Applications/Xcode.app/Contents/Developer/Platforms/iPhoneOS.platform/Developer/SDKs/iPhoneOS26.2.sdk/usr/lib/swift -L/Applications/Xcode.app/Contents/Developer/Toolchains/XcodeDefault.xctoolchain/usr/lib/swift/iphoneos -L/Users/viveksarkar/Library/Developer/Xcode/DerivedData/Hatari-crnaywjepgfrrcdspvkwustrehyb/Build/Products/Debug-iphoneos/BVLinearGradient -L/Users/viveksarkar/Library/Developer/Xcode/DerivedData/Hatari-crnaywjepgfrrcdspvkwustrehyb/Build/Products/Debug-iphoneos/DoubleConversion -L/Users/viveksarkar/Library/Developer/Xcode/DerivedData/Hatari-crnaywjepgfrrcdspvkwustrehyb/Build/Products/Debug-iphoneos/RCT-Folly -L/Users/viveksarkar/Library/Developer/Xcode/DerivedData/Hatari-crnaywjepgfrrcdspvkwustrehyb/Build/Products/Debug-iphoneos/RCTDeprecation -L/Users/viveksarkar/Library/Developer/Xcode/DerivedData/Hatari-crnaywjepgfrrcdspvkwustrehyb/Build/Products/Debug-iphoneos/RCTTypeSafety -L/Users/viveksarkar/Library/Developer/Xcode/DerivedData/Hatari-crnaywjepgfrrcdspvkwustrehyb/Build/Products/Debug-iphoneos/RNCAsyncStorage -L/Users/viveksarkar/Library/Developer/Xcode/DerivedData/Hatari-crnaywjepgfrrcdspvkwustrehyb/Build/Products/Debug-iphoneos/RNDateTimePicker -L/Users/viveksarkar/Library/Developer/Xcode/DerivedData/Hatari-crnaywjepgfrrcdspvkwustrehyb/Build/Products/Debug-iphoneos/RNGestureHandler -L/Users/viveksarkar/Library/Developer/Xcode/DerivedData/Hatari-crnaywjepgfrrcdspvkwustrehyb/Build/Products/Debug-iphoneos/RNPermissions -L/Users/viveksarkar/Library/Developer/Xcode/DerivedData/Hatari-crnaywjepgfrrcdspvkwustrehyb/Build/Products/Debug-iphoneos/RNSVG -L/Users/viveksarkar/Library/Developer/Xcode/DerivedData/Hatari-crnaywjepgfrrcdspvkwustrehyb/Build/Products/Debug-iphoneos/RNScreens -L/Users/viveksarkar/Library/Developer/Xcode/DerivedData/Hatari-crnaywjepgfrrcdspvkwustrehyb/Build/Products/Debug-iphoneos/RNVectorIcons -L/Users/viveksarkar/Library/Developer/Xcode/DerivedData/Hatari-crnaywjepgfrrcdspvkwustrehyb/Build/Products/Debug-iphoneos/React-Core -L/Users/viveksarkar/Library/Developer/Xcode/DerivedData/Hatari-crnaywjepgfrrcdspvkwustrehyb/Build/Products/Debug-iphoneos/React-CoreModules -L/Users/viveksarkar/Library/Developer/Xcode/DerivedData/Hatari-crnaywjepgfrrcdspvkwustrehyb/Build/Products/Debug-iphoneos/React-Fabric -L/Users/viveksarkar/Library/Developer/Xcode/DerivedData/Hatari-crnaywjepgfrrcdspvkwustrehyb/Build/Products/Debug-iphoneos/React-FabricComponents -L/Users/viveksarkar/Library/Developer/Xcode/DerivedData/Hatari-crnaywjepgfrrcdspvkwustrehyb/Build/Products/Debug-iphoneos/React-FabricImage -L/Users/viveksarkar/Library/Developer/Xcode/DerivedData/Hatari-crnaywjepgfrrcdspvkwustrehyb/Build/Products/Debug-iphoneos/React-ImageManager -L/Users/viveksarkar/Library/Developer/Xcode/DerivedData/Hatari-crnaywjepgfrrcdspvkwustrehyb/Build/Products/Debug-iphoneos/React-Mapbuffer -L/Users/viveksarkar/Library/Developer/Xcode/DerivedData/Hatari-crnaywjepgfrrcdspvkwustrehyb/Build/Products/Debug-iphoneos/React-NativeModulesApple -L/Users/viveksarkar/Library/Developer/Xcode/DerivedData/Hatari-crnaywjepgfrrcdspvkwustrehyb/Build/Products/Debug-iphoneos/React-RCTAnimation -L/Users/viveksarkar/Library/Developer/Xcode/DerivedData/Hatari-crnaywjepgfrrcdspvkwustrehyb/Build/Products/Debug-iphoneos/React-RCTAppDelegate -L/Users/viveksarkar/Library/Developer/Xcode/DerivedData/Hatari-crnaywjepgfrrcdspvkwustrehyb/Build/Products/Debug-iphoneos/React-RCTBlob -L/Users/viveksarkar/Library/Developer/Xcode/DerivedData/Hatari-crnaywjepgfrrcdspvkwustrehyb/Build/Products/Debug-iphoneos/React-RCTFBReactNativeSpec -L/Users/viveksarkar/Library/Developer/Xcode/DerivedData/Hatari-crnaywjepgfrrcdspvkwustrehyb/Build/Products/Debug-iphoneos/React-RCTFabric -L/Users/viveksarkar/Library/Developer/Xcode/DerivedData/Hatari-crnaywjepgfrrcdspvkwustrehyb/Build/Products/Debug-iphoneos/React-RCTImage -L/Users/viveksarkar/Library/Developer/Xcode/DerivedData/Hatari-crnaywjepgfrrcdspvkwustrehyb/Build/Products/Debug-iphoneos/React-RCTLinking -L/Users/viveksarkar/Library/Developer/Xcode/DerivedData/Hatari-crnaywjepgfrrcdspvkwustrehyb/Build/Products/Debug-iphoneos/React-RCTNetwork -L/Users/viveksarkar/Library/Developer/Xcode/DerivedData/Hatari-crnaywjepgfrrcdspvkwustrehyb/Build/Products/Debug-iphoneos/React-RCTRuntime -L/Users/viveksarkar/Library/Developer/Xcode/DerivedData/Hatari-crnaywjepgfrrcdspvkwustrehyb/Build/Products/Debug-iphoneos/React-RCTSettings -L/Users/viveksarkar/Library/Developer/Xcode/DerivedData/Hatari-crnaywjepgfrrcdspvkwustrehyb/Build/Products/Debug-iphoneos/React-RCTText -L/Users/viveksarkar/Library/Developer/Xcode/DerivedData/Hatari-crnaywjepgfrrcdspvkwustrehyb/Build/Products/Debug-iphoneos/React-RCTVibration -L/Users/viveksarkar/Library/Developer/Xcode/DerivedData/Hatari-crnaywjepgfrrcdspvkwustrehyb/Build/Products/Debug-iphoneos/React-RuntimeApple -L/Users/viveksarkar/Library/Developer/Xcode/DerivedData/Hatari-crnaywjepgfrrcdspvkwustrehyb/Build/Products/Debug-iphoneos/React-RuntimeCore -L/Users/viveksarkar/Library/Developer/Xcode/DerivedData/Hatari-crnaywjepgfrrcdspvkwustrehyb/Build/Products/Debug-iphoneos/React-RuntimeHermes -L/Users/viveksarkar/Library/Developer/Xcode/DerivedData/Hatari-crnaywjepgfrrcdspvkwustrehyb/Build/Products/Debug-iphoneos/React-cxxreact -L/Users/viveksarkar/Library/Developer/Xcode/DerivedData/Hatari-crnaywjepgfrrcdspvkwustrehyb/Build/Products/Debug-iphoneos/React-debug -L/Users/viveksarkar/Library/Developer/Xcode/DerivedData/Hatari-crnaywjepgfrrcdspvkwustrehyb/Build/Products/Debug-iphoneos/React-defaultsnativemodule -L/Users/viveksarkar/Library/Developer/Xcode/DerivedData/Hatari-crnaywjepgfrrcdspvkwustrehyb/Build/Products/Debug-iphoneos/React-domnativemodule -L/Users/viveksarkar/Library/Developer/Xcode/DerivedData/Hatari-crnaywjepgfrrcdspvkwustrehyb/Build/Products/Debug-iphoneos/React-featureflags -L/Users/viveksarkar/Library/Developer/Xcode/DerivedData/Hatari-crnaywjepgfrrcdspvkwustrehyb/Build/Products/Debug-iphoneos/React-featureflagsnativemodule -L/Users/viveksarkar/Library/Developer/Xcode/DerivedData/Hatari-crnaywjepgfrrcdspvkwustrehyb/Build/Products/Debug-iphoneos/React-graphics -L/Users/viveksarkar/Library/Developer/Xcode/DerivedData/Hatari-crnaywjepgfrrcdspvkwustrehyb/Build/Products/Debug-iphoneos/React-hermes -L/Users/viveksarkar/Library/Developer/Xcode/DerivedData/Hatari-crnaywjepgfrrcdspvkwustrehyb/Build/Products/Debug-iphoneos/React-idlecallbacksnativemodule -L/Users/viveksarkar/Library/Developer/Xcode/DerivedData/Hatari-crnaywjepgfrrcdspvkwustrehyb/Build/Products/Debug-iphoneos/React-jserrorhandler -L/Users/viveksarkar/Library/Developer/Xcode/DerivedData/Hatari-crnaywjepgfrrcdspvkwustrehyb/Build/Products/Debug-iphoneos/React-jsi -L/Users/viveksarkar/Library/Developer/Xcode/DerivedData/Hatari-crnaywjepgfrrcdspvkwustrehyb/Build/Products/Debug-iphoneos/React-jsiexecutor -L/Users/viveksarkar/Library/Developer/Xcode/DerivedData/Hatari-crnaywjepgfrrcdspvkwustrehyb/Build/Products/Debug-iphoneos/React-jsinspector -L/Users/viveksarkar/Library/Developer/Xcode/DerivedData/Hatari-crnaywjepgfrrcdspvkwustrehyb/Build/Products/Debug-iphoneos/React-jsinspectortracing -L/Users/viveksarkar/Library/Developer/Xcode/DerivedData/Hatari-crnaywjepgfrrcdspvkwustrehyb/Build/Products/Debug-iphoneos/React-jsitooling -L/Users/viveksarkar/Library/Developer/Xcode/DerivedData/Hatari-crnaywjepgfrrcdspvkwustrehyb/Build/Products/Debug-iphoneos/React-logger -L/Users/viveksarkar/Library/Developer/Xcode/DerivedData/Hatari-crnaywjepgfrrcdspvkwustrehyb/Build/Products/Debug-iphoneos/React-microtasksnativemodule -L/Users/viveksarkar/Library/Developer/Xcode/DerivedData/Hatari-crnaywjepgfrrcdspvkwustrehyb/Build/Products/Debug-iphoneos/React-oscompat -L/Users/viveksarkar/Library/Developer/Xcode/DerivedData/Hatari-crnaywjepgfrrcdspvkwustrehyb/Build/Products/Debug-iphoneos/React-perflogger -L/Users/viveksarkar/Library/Developer/Xcode/DerivedData/Hatari-crnaywjepgfrrcdspvkwustrehyb/Build/Products/Debug-iphoneos/React-performancetimeline -L/Users/viveksarkar/Library/Developer/Xcode/DerivedData/Hatari-crnaywjepgfrrcdspvkwustrehyb/Build/Products/Debug-iphoneos/React-rendererconsistency -L/Users/viveksarkar/Library/Developer/Xcode/DerivedData/Hatari-crnaywjepgfrrcdspvkwustrehyb/Build/Products/Debug-iphoneos/React-renderercss -L/Users/viveksarkar/Library/Developer/Xcode/DerivedData/Hatari-crnaywjepgfrrcdspvkwustrehyb/Build/Products/Debug-iphoneos/React-rendererdebug -L/Users/viveksarkar/Library/Developer/Xcode/DerivedData/Hatari-crnaywjepgfrrcdspvkwustrehyb/Build/Products/Debug-iphoneos/React-runtimescheduler -L/Users/viveksarkar/Library/Developer/Xcode/DerivedData/Hatari-crnaywjepgfrrcdspvkwustrehyb/Build/Products/Debug-iphoneos/React-utils -L/Users/viveksarkar/Library/Developer/Xcode/DerivedData/Hatari-crnaywjepgfrrcdspvkwustrehyb/Build/Products/Debug-iphoneos/ReactAppDependencyProvider -L/Users/viveksarkar/Library/Developer/Xcode/DerivedData/Hatari-crnaywjepgfrrcdspvkwustrehyb/Build/Products/Debug-iphoneos/ReactCodegen -L/Users/viveksarkar/Library/Developer/Xcode/DerivedData/Hatari-crnaywjepgfrrcdspvkwustrehyb/Build/Products/Debug-iphoneos/ReactCommon -L/Users/viveksarkar/Library/Developer/Xcode/DerivedData/Hatari-crnaywjepgfrrcdspvkwustrehyb/Build/Products/Debug-iphoneos/SocketRocket -L/Users/viveksarkar/Library/Developer/Xcode/DerivedData/Hatari-crnaywjepgfrrcdspvkwustrehyb/Build/Products/Debug-iphoneos/Yoga -L/Users/viveksarkar/Library/Developer/Xcode/DerivedData/Hatari-crnaywjepgfrrcdspvkwustrehyb/Build/Products/Debug-iphoneos/fmt -L/Users/viveksarkar/Library/Developer/Xcode/DerivedData/Hatari-crnaywjepgfrrcdspvkwustrehyb/Build/Products/Debug-iphoneos/glog -L/Users/viveksarkar/Library/Developer/Xcode/DerivedData/Hatari-crnaywjepgfrrcdspvkwustrehyb/Build/Products/Debug-iphoneos/react-native-blur -L/Users/viveksarkar/Library/Developer/Xcode/DerivedData/Hatari-crnaywjepgfrrcdspvkwustrehyb/Build/Products/Debug-iphoneos/react-native-geolocation -L/Users/viveksarkar/Library/Developer/Xcode/DerivedData/Hatari-crnaywjepgfrrcdspvkwustrehyb/Build/Products/Debug-iphoneos/react-native-geolocation-service -L/Users/viveksarkar/Library/Developer/Xcode/DerivedData/Hatari-crnaywjepgfrrcdspvkwustrehyb/Build/Products/Debug-iphoneos/react-native-maps -L/Users/viveksarkar/Library/Developer/Xcode/DerivedData/Hatari-crnaywjepgfrrcdspvkwustrehyb/Build/Products/Debug-iphoneos/react-native-netinfo -L/Users/viveksarkar/Library/Developer/Xcode/DerivedData/Hatari-crnaywjepgfrrcdspvkwustrehyb/Build/Products/Debug-iphoneos/react-native-safe-area-context -L/Users/viveksarkar/Library/Developer/Xcode/DerivedData/Hatari-crnaywjepgfrrcdspvkwustrehyb/Build/Products/Debug-iphoneos/react-native-version-check -L/Applications/Xcode.app/Contents/Developer/Toolchains/XcodeDefault.xctoolchain/usr/lib/swift/iphoneos -L/Applications/Xcode.app/Contents/Developer/Platforms/iPhoneOS.platform/Developer/SDKs/iPhoneOS26.2.sdk/usr/lib/swift -F/Users/viveksarkar/Library/Developer/Xcode/DerivedData/Hatari-crnaywjepgfrrcdspvkwustrehyb/Build/Intermediates.noindex/EagerLinkingTBDs/Debug-iphoneos -F/Users/viveksarkar/Library/Developer/Xcode/DerivedData/Hatari-crnaywjepgfrrcdspvkwustrehyb/Build/Products/Debug-iphoneos -F/Users/viveksarkar/Desktop/Hatari_app/ios/Pods/hermes-engine/destroot/Library/Frameworks/universal -F/Users/viveksarkar/Library/Developer/Xcode/DerivedData/Hatari-crnaywjepgfrrcdspvkwustrehyb/Build/Products/Debug-iphoneos/XCFrameworkIntermediates/hermes-engine/Pre-built -filelist /Users/viveksarkar/Library/Developer/Xcode/DerivedData/Hatari-crnaywjepgfrrcdspvkwustrehyb/Build/Intermediates.noindex/Hatari.build/Debug-iphoneos/Hatari.build/Objects-normal/arm64/Hatari.LinkFileList -install_name @rpath/Hatari.debug.dylib -Xlinker -rpath -Xlinker /usr/lib/swift -Xlinker -rpath -Xlinker @executable_path/Frameworks -Xlinker -rpath -Xlinker @loader_path/Frameworks -dead_strip -Xlinker -object_path_lto -Xlinker /Users/viveksarkar/Library/Developer/Xcode/DerivedData/Hatari-crnaywjepgfrrcdspvkwustrehyb/Build/Intermediates.noindex/Hatari.build/Debug-iphoneos/Hatari.build/Objects-normal/arm64/Hatari_lto.o -rdynamic -Xlinker -no_deduplicate -Xlinker -dependency_info -Xlinker /Users/viveksarkar/Library/Developer/Xcode/DerivedData/Hatari-crnaywjepgfrrcdspvkwustrehyb/Build/Intermediates.noindex/Hatari.build/Debug-iphoneos/Hatari.build/Objects-normal/arm64/Hatari_dependency_info.dat -fobjc-link-runtime -L/Applications/Xcode.app/Contents/Developer/Toolchains/XcodeDefault.xctoolchain/usr/lib/swift/iphoneos -L/usr/lib/swift -Xlinker -add_ast_path -Xlinker /Users/viveksarkar/Library/Developer/Xcode/DerivedData/Hatari-crnaywjepgfrrcdspvkwustrehyb/Build/Intermediates.noindex/Hatari.build/Debug-iphoneos/Hatari.build/Objects-normal/arm64/Hatari.swiftmodule @/Users/viveksarkar/Library/Developer/Xcode/DerivedData/Hatari-crnaywjepgfrrcdspvkwustrehyb/Build/Intermediates.noindex/Hatari.build/Debug-iphoneos/Hatari.build/Objects-normal/arm64/Hatari-linker-args.resp -ObjC -lBVLinearGradient -lDoubleConversion -lRCT-Folly -lRCTDeprecation -lRCTTypeSafety -lRNCAsyncStorage -lRNDateTimePicker -lRNGestureHandler -lRNPermissions -lRNSVG -lRNScreens -lRNVectorIcons -lReact-Core -lReact-CoreModules -lReact-Fabric -lReact-FabricComponents -lReact-FabricImage -lReact-ImageManager -lReact-Mapbuffer -lReact-NativeModulesApple -lReact-RCTAnimation -lReact-RCTAppDelegate -lReact-RCTBlob -lReact-RCTFBReactNativeSpec -lReact-RCTFabric -lReact-RCTImage -lReact-RCTLinking -lReact-RCTNetwork -lReact-RCTRuntime -lReact-RCTSettings -lReact-RCTText -lReact-RCTVibration -lReact-RuntimeApple -lReact-RuntimeCore -lReact-RuntimeHermes -lReact-cxxreact -lReact-debug -lReact-defaultsnativemodule -lReact-domnativemodule -lReact-featureflags -lReact-featureflagsnativemodule -lReact-graphics -lReact-hermes -lReact-idlecallbacksnativemodule -lReact-jserrorhandler -lReact-jsi -lReact-jsiexecutor -lReact-jsinspector -lReact-jsinspectortracing -lReact-jsitooling -lReact-logger -lReact-microtasksnativemodule -lReact-oscompat -lReact-perflogger -lReact-performancetimeline -lReact-rendererconsistency -lReact-renderercss -lReact-rendererdebug -lReact-runtimescheduler -lReact-utils -lReactAppDependencyProvider -lReactCodegen -lReactCommon -lSocketRocket -lYoga -lc++ -lc++abi -lfmt -lglog -licucore -lreact-native-blur -lreact-native-geolocation -lreact-native-geolocation-service -lreact-native-maps -lreact-native-netinfo -lreact-native-safe-area-context -lreact-native-version-check -framework Accelerate -framework AudioToolbox -framework CFNetwork -framework CoreGraphics -framework CoreLocation -framework Foundation -framework ImageIO -framework MobileCoreServices -framework QuartzCore -framework Security -framework UIKit -framework hermes -weak_framework JavaScriptCore -ObjC -lc++ -Xlinker -alias -Xlinker _main -Xlinker ___debug_main_executable_dylib_entry_point -lPods-Hatari -Xlinker -no_adhoc_codesign -o /Users/viveksarkar/Library/Developer/Xcode/DerivedData/Hatari-crnaywjepgfrrcdspvkwustrehyb/Build/Products/Debug-iphoneos/Hatari.app/Hatari.debug.dylib
ld: warning: ignoring duplicate libraries: '-lc++'

ConstructStubExecutorLinkFileList /Users/viveksarkar/Library/Developer/Xcode/DerivedData/Hatari-crnaywjepgfrrcdspvkwustrehyb/Build/Intermediates.noindex/Hatari.build/Debug-iphoneos/Hatari.build/Hatari-ExecutorLinkFileList-normal-arm64.txt (in target 'Hatari' from project 'Hatari')
    cd /Users/viveksarkar/Desktop/Hatari_app/ios
    construct-stub-executor-link-file-list /Users/viveksarkar/Library/Developer/Xcode/DerivedData/Hatari-crnaywjepgfrrcdspvkwustrehyb/Build/Products/Debug-iphoneos/Hatari.app/Hatari.debug.dylib /Applications/Xcode.app/Contents/Developer/Platforms/iPhoneOS.platform/Developer/usr/lib/libPreviewsJITStubExecutor_no_swift_entry_point.a /Applications/Xcode.app/Contents/Developer/Platforms/iPhoneOS.platform/Developer/usr/lib/libPreviewsJITStubExecutor.a --output /Users/viveksarkar/Library/Developer/Xcode/DerivedData/Hatari-crnaywjepgfrrcdspvkwustrehyb/Build/Intermediates.noindex/Hatari.build/Debug-iphoneos/Hatari.build/Hatari-ExecutorLinkFileList-normal-arm64.txt
note: Using stub executor library with Swift entry point. (in target 'Hatari' from project 'Hatari')

Ld /Users/viveksarkar/Library/Developer/Xcode/DerivedData/Hatari-crnaywjepgfrrcdspvkwustrehyb/Build/Products/Debug-iphoneos/Hatari.app/Hatari normal (in target 'Hatari' from project 'Hatari')
    cd /Users/viveksarkar/Desktop/Hatari_app/ios
    /Applications/Xcode.app/Contents/Developer/Toolchains/XcodeDefault.xctoolchain/usr/bin/clang -Xlinker -reproducible -target arm64-apple-ios15.1 -isysroot /Applications/Xcode.app/Contents/Developer/Platforms/iPhoneOS.platform/Developer/SDKs/iPhoneOS26.2.sdk -O0 -L/Users/viveksarkar/Library/Developer/Xcode/DerivedData/Hatari-crnaywjepgfrrcdspvkwustrehyb/Build/Products/Debug-iphoneos -L/Applications/Xcode.app/Contents/Developer/Platforms/iPhoneOS.platform/Developer/SDKs/iPhoneOS26.2.sdk/usr/lib/swift -L/Applications/Xcode.app/Contents/Developer/Toolchains/XcodeDefault.xctoolchain/usr/lib/swift/iphoneos -L/Users/viveksarkar/Library/Developer/Xcode/DerivedData/Hatari-crnaywjepgfrrcdspvkwustrehyb/Build/Products/Debug-iphoneos/BVLinearGradient -L/Users/viveksarkar/Library/Developer/Xcode/DerivedData/Hatari-crnaywjepgfrrcdspvkwustrehyb/Build/Products/Debug-iphoneos/DoubleConversion -L/Users/viveksarkar/Library/Developer/Xcode/DerivedData/Hatari-crnaywjepgfrrcdspvkwustrehyb/Build/Products/Debug-iphoneos/RCT-Folly -L/Users/viveksarkar/Library/Developer/Xcode/DerivedData/Hatari-crnaywjepgfrrcdspvkwustrehyb/Build/Products/Debug-iphoneos/RCTDeprecation -L/Users/viveksarkar/Library/Developer/Xcode/DerivedData/Hatari-crnaywjepgfrrcdspvkwustrehyb/Build/Products/Debug-iphoneos/RCTTypeSafety -L/Users/viveksarkar/Library/Developer/Xcode/DerivedData/Hatari-crnaywjepgfrrcdspvkwustrehyb/Build/Products/Debug-iphoneos/RNCAsyncStorage -L/Users/viveksarkar/Library/Developer/Xcode/DerivedData/Hatari-crnaywjepgfrrcdspvkwustrehyb/Build/Products/Debug-iphoneos/RNDateTimePicker -L/Users/viveksarkar/Library/Developer/Xcode/DerivedData/Hatari-crnaywjepgfrrcdspvkwustrehyb/Build/Products/Debug-iphoneos/RNGestureHandler -L/Users/viveksarkar/Library/Developer/Xcode/DerivedData/Hatari-crnaywjepgfrrcdspvkwustrehyb/Build/Products/Debug-iphoneos/RNPermissions -L/Users/viveksarkar/Library/Developer/Xcode/DerivedData/Hatari-crnaywjepgfrrcdspvkwustrehyb/Build/Products/Debug-iphoneos/RNSVG -L/Users/viveksarkar/Library/Developer/Xcode/DerivedData/Hatari-crnaywjepgfrrcdspvkwustrehyb/Build/Products/Debug-iphoneos/RNScreens -L/Users/viveksarkar/Library/Developer/Xcode/DerivedData/Hatari-crnaywjepgfrrcdspvkwustrehyb/Build/Products/Debug-iphoneos/RNVectorIcons -L/Users/viveksarkar/Library/Developer/Xcode/DerivedData/Hatari-crnaywjepgfrrcdspvkwustrehyb/Build/Products/Debug-iphoneos/React-Core -L/Users/viveksarkar/Library/Developer/Xcode/DerivedData/Hatari-crnaywjepgfrrcdspvkwustrehyb/Build/Products/Debug-iphoneos/React-CoreModules -L/Users/viveksarkar/Library/Developer/Xcode/DerivedData/Hatari-crnaywjepgfrrcdspvkwustrehyb/Build/Products/Debug-iphoneos/React-Fabric -L/Users/viveksarkar/Library/Developer/Xcode/DerivedData/Hatari-crnaywjepgfrrcdspvkwustrehyb/Build/Products/Debug-iphoneos/React-FabricComponents -L/Users/viveksarkar/Library/Developer/Xcode/DerivedData/Hatari-crnaywjepgfrrcdspvkwustrehyb/Build/Products/Debug-iphoneos/React-FabricImage -L/Users/viveksarkar/Library/Developer/Xcode/DerivedData/Hatari-crnaywjepgfrrcdspvkwustrehyb/Build/Products/Debug-iphoneos/React-ImageManager -L/Users/viveksarkar/Library/Developer/Xcode/DerivedData/Hatari-crnaywjepgfrrcdspvkwustrehyb/Build/Products/Debug-iphoneos/React-Mapbuffer -L/Users/viveksarkar/Library/Developer/Xcode/DerivedData/Hatari-crnaywjepgfrrcdspvkwustrehyb/Build/Products/Debug-iphoneos/React-NativeModulesApple -L/Users/viveksarkar/Library/Developer/Xcode/DerivedData/Hatari-crnaywjepgfrrcdspvkwustrehyb/Build/Products/Debug-iphoneos/React-RCTAnimation -L/Users/viveksarkar/Library/Developer/Xcode/DerivedData/Hatari-crnaywjepgfrrcdspvkwustrehyb/Build/Products/Debug-iphoneos/React-RCTAppDelegate -L/Users/viveksarkar/Library/Developer/Xcode/DerivedData/Hatari-crnaywjepgfrrcdspvkwustrehyb/Build/Products/Debug-iphoneos/React-RCTBlob -L/Users/viveksarkar/Library/Developer/Xcode/DerivedData/Hatari-crnaywjepgfrrcdspvkwustrehyb/Build/Products/Debug-iphoneos/React-RCTFBReactNativeSpec -L/Users/viveksarkar/Library/Developer/Xcode/DerivedData/Hatari-crnaywjepgfrrcdspvkwustrehyb/Build/Products/Debug-iphoneos/React-RCTFabric -L/Users/viveksarkar/Library/Developer/Xcode/DerivedData/Hatari-crnaywjepgfrrcdspvkwustrehyb/Build/Products/Debug-iphoneos/React-RCTImage -L/Users/viveksarkar/Library/Developer/Xcode/DerivedData/Hatari-crnaywjepgfrrcdspvkwustrehyb/Build/Products/Debug-iphoneos/React-RCTLinking -L/Users/viveksarkar/Library/Developer/Xcode/DerivedData/Hatari-crnaywjepgfrrcdspvkwustrehyb/Build/Products/Debug-iphoneos/React-RCTNetwork -L/Users/viveksarkar/Library/Developer/Xcode/DerivedData/Hatari-crnaywjepgfrrcdspvkwustrehyb/Build/Products/Debug-iphoneos/React-RCTRuntime -L/Users/viveksarkar/Library/Developer/Xcode/DerivedData/Hatari-crnaywjepgfrrcdspvkwustrehyb/Build/Products/Debug-iphoneos/React-RCTSettings -L/Users/viveksarkar/Library/Developer/Xcode/DerivedData/Hatari-crnaywjepgfrrcdspvkwustrehyb/Build/Products/Debug-iphoneos/React-RCTText -L/Users/viveksarkar/Library/Developer/Xcode/DerivedData/Hatari-crnaywjepgfrrcdspvkwustrehyb/Build/Products/Debug-iphoneos/React-RCTVibration -L/Users/viveksarkar/Library/Developer/Xcode/DerivedData/Hatari-crnaywjepgfrrcdspvkwustrehyb/Build/Products/Debug-iphoneos/React-RuntimeApple -L/Users/viveksarkar/Library/Developer/Xcode/DerivedData/Hatari-crnaywjepgfrrcdspvkwustrehyb/Build/Products/Debug-iphoneos/React-RuntimeCore -L/Users/viveksarkar/Library/Developer/Xcode/DerivedData/Hatari-crnaywjepgfrrcdspvkwustrehyb/Build/Products/Debug-iphoneos/React-RuntimeHermes -L/Users/viveksarkar/Library/Developer/Xcode/DerivedData/Hatari-crnaywjepgfrrcdspvkwustrehyb/Build/Products/Debug-iphoneos/React-cxxreact -L/Users/viveksarkar/Library/Developer/Xcode/DerivedData/Hatari-crnaywjepgfrrcdspvkwustrehyb/Build/Products/Debug-iphoneos/React-debug -L/Users/viveksarkar/Library/Developer/Xcode/DerivedData/Hatari-crnaywjepgfrrcdspvkwustrehyb/Build/Products/Debug-iphoneos/React-defaultsnativemodule -L/Users/viveksarkar/Library/Developer/Xcode/DerivedData/Hatari-crnaywjepgfrrcdspvkwustrehyb/Build/Products/Debug-iphoneos/React-domnativemodule -L/Users/viveksarkar/Library/Developer/Xcode/DerivedData/Hatari-crnaywjepgfrrcdspvkwustrehyb/Build/Products/Debug-iphoneos/React-featureflags -L/Users/viveksarkar/Library/Developer/Xcode/DerivedData/Hatari-crnaywjepgfrrcdspvkwustrehyb/Build/Products/Debug-iphoneos/React-featureflagsnativemodule -L/Users/viveksarkar/Library/Developer/Xcode/DerivedData/Hatari-crnaywjepgfrrcdspvkwustrehyb/Build/Products/Debug-iphoneos/React-graphics -L/Users/viveksarkar/Library/Developer/Xcode/DerivedData/Hatari-crnaywjepgfrrcdspvkwustrehyb/Build/Products/Debug-iphoneos/React-hermes -L/Users/viveksarkar/Library/Developer/Xcode/DerivedData/Hatari-crnaywjepgfrrcdspvkwustrehyb/Build/Products/Debug-iphoneos/React-idlecallbacksnativemodule -L/Users/viveksarkar/Library/Developer/Xcode/DerivedData/Hatari-crnaywjepgfrrcdspvkwustrehyb/Build/Products/Debug-iphoneos/React-jserrorhandler -L/Users/viveksarkar/Library/Developer/Xcode/DerivedData/Hatari-crnaywjepgfrrcdspvkwustrehyb/Build/Products/Debug-iphoneos/React-jsi -L/Users/viveksarkar/Library/Developer/Xcode/DerivedData/Hatari-crnaywjepgfrrcdspvkwustrehyb/Build/Products/Debug-iphoneos/React-jsiexecutor -L/Users/viveksarkar/Library/Developer/Xcode/DerivedData/Hatari-crnaywjepgfrrcdspvkwustrehyb/Build/Products/Debug-iphoneos/React-jsinspector -L/Users/viveksarkar/Library/Developer/Xcode/DerivedData/Hatari-crnaywjepgfrrcdspvkwustrehyb/Build/Products/Debug-iphoneos/React-jsinspectortracing -L/Users/viveksarkar/Library/Developer/Xcode/DerivedData/Hatari-crnaywjepgfrrcdspvkwustrehyb/Build/Products/Debug-iphoneos/React-jsitooling -L/Users/viveksarkar/Library/Developer/Xcode/DerivedData/Hatari-crnaywjepgfrrcdspvkwustrehyb/Build/Products/Debug-iphoneos/React-logger -L/Users/viveksarkar/Library/Developer/Xcode/DerivedData/Hatari-crnaywjepgfrrcdspvkwustrehyb/Build/Products/Debug-iphoneos/React-microtasksnativemodule -L/Users/viveksarkar/Library/Developer/Xcode/DerivedData/Hatari-crnaywjepgfrrcdspvkwustrehyb/Build/Products/Debug-iphoneos/React-oscompat -L/Users/viveksarkar/Library/Developer/Xcode/DerivedData/Hatari-crnaywjepgfrrcdspvkwustrehyb/Build/Products/Debug-iphoneos/React-perflogger -L/Users/viveksarkar/Library/Developer/Xcode/DerivedData/Hatari-crnaywjepgfrrcdspvkwustrehyb/Build/Products/Debug-iphoneos/React-performancetimeline -L/Users/viveksarkar/Library/Developer/Xcode/DerivedData/Hatari-crnaywjepgfrrcdspvkwustrehyb/Build/Products/Debug-iphoneos/React-rendererconsistency -L/Users/viveksarkar/Library/Developer/Xcode/DerivedData/Hatari-crnaywjepgfrrcdspvkwustrehyb/Build/Products/Debug-iphoneos/React-renderercss -L/Users/viveksarkar/Library/Developer/Xcode/DerivedData/Hatari-crnaywjepgfrrcdspvkwustrehyb/Build/Products/Debug-iphoneos/React-rendererdebug -L/Users/viveksarkar/Library/Developer/Xcode/DerivedData/Hatari-crnaywjepgfrrcdspvkwustrehyb/Build/Products/Debug-iphoneos/React-runtimescheduler -L/Users/viveksarkar/Library/Developer/Xcode/DerivedData/Hatari-crnaywjepgfrrcdspvkwustrehyb/Build/Products/Debug-iphoneos/React-utils -L/Users/viveksarkar/Library/Developer/Xcode/DerivedData/Hatari-crnaywjepgfrrcdspvkwustrehyb/Build/Products/Debug-iphoneos/ReactAppDependencyProvider -L/Users/viveksarkar/Library/Developer/Xcode/DerivedData/Hatari-crnaywjepgfrrcdspvkwustrehyb/Build/Products/Debug-iphoneos/ReactCodegen -L/Users/viveksarkar/Library/Developer/Xcode/DerivedData/Hatari-crnaywjepgfrrcdspvkwustrehyb/Build/Products/Debug-iphoneos/ReactCommon -L/Users/viveksarkar/Library/Developer/Xcode/DerivedData/Hatari-crnaywjepgfrrcdspvkwustrehyb/Build/Products/Debug-iphoneos/SocketRocket -L/Users/viveksarkar/Library/Developer/Xcode/DerivedData/Hatari-crnaywjepgfrrcdspvkwustrehyb/Build/Products/Debug-iphoneos/Yoga -L/Users/viveksarkar/Library/Developer/Xcode/DerivedData/Hatari-crnaywjepgfrrcdspvkwustrehyb/Build/Products/Debug-iphoneos/fmt -L/Users/viveksarkar/Library/Developer/Xcode/DerivedData/Hatari-crnaywjepgfrrcdspvkwustrehyb/Build/Products/Debug-iphoneos/glog -L/Users/viveksarkar/Library/Developer/Xcode/DerivedData/Hatari-crnaywjepgfrrcdspvkwustrehyb/Build/Products/Debug-iphoneos/react-native-blur -L/Users/viveksarkar/Library/Developer/Xcode/DerivedData/Hatari-crnaywjepgfrrcdspvkwustrehyb/Build/Products/Debug-iphoneos/react-native-geolocation -L/Users/viveksarkar/Library/Developer/Xcode/DerivedData/Hatari-crnaywjepgfrrcdspvkwustrehyb/Build/Products/Debug-iphoneos/react-native-geolocation-service -L/Users/viveksarkar/Library/Developer/Xcode/DerivedData/Hatari-crnaywjepgfrrcdspvkwustrehyb/Build/Products/Debug-iphoneos/react-native-maps -L/Users/viveksarkar/Library/Developer/Xcode/DerivedData/Hatari-crnaywjepgfrrcdspvkwustrehyb/Build/Products/Debug-iphoneos/react-native-netinfo -L/Users/viveksarkar/Library/Developer/Xcode/DerivedData/Hatari-crnaywjepgfrrcdspvkwustrehyb/Build/Products/Debug-iphoneos/react-native-safe-area-context -L/Users/viveksarkar/Library/Developer/Xcode/DerivedData/Hatari-crnaywjepgfrrcdspvkwustrehyb/Build/Products/Debug-iphoneos/react-native-version-check -L/Applications/Xcode.app/Contents/Developer/Toolchains/XcodeDefault.xctoolchain/usr/lib/swift/iphoneos -L/Applications/Xcode.app/Contents/Developer/Platforms/iPhoneOS.platform/Developer/SDKs/iPhoneOS26.2.sdk/usr/lib/swift -F/Users/viveksarkar/Library/Developer/Xcode/DerivedData/Hatari-crnaywjepgfrrcdspvkwustrehyb/Build/Products/Debug-iphoneos -F/Users/viveksarkar/Desktop/Hatari_app/ios/Pods/hermes-engine/destroot/Library/Frameworks/universal -F/Users/viveksarkar/Library/Developer/Xcode/DerivedData/Hatari-crnaywjepgfrrcdspvkwustrehyb/Build/Products/Debug-iphoneos/XCFrameworkIntermediates/hermes-engine/Pre-built -Xlinker -rpath -Xlinker @executable_path -Xlinker -rpath -Xlinker /usr/lib/swift -Xlinker -rpath -Xlinker @executable_path/Frameworks -Xlinker -rpath -Xlinker @loader_path/Frameworks -rdynamic -Xlinker -no_deduplicate -e ___debug_blank_executor_main -Xlinker -sectcreate -Xlinker __TEXT -Xlinker __debug_dylib -Xlinker /Users/viveksarkar/Library/Developer/Xcode/DerivedData/Hatari-crnaywjepgfrrcdspvkwustrehyb/Build/Intermediates.noindex/Hatari.build/Debug-iphoneos/Hatari.build/Hatari-DebugDylibPath-normal-arm64.txt -Xlinker -sectcreate -Xlinker __TEXT -Xlinker __debug_instlnm -Xlinker /Users/viveksarkar/Library/Developer/Xcode/DerivedData/Hatari-crnaywjepgfrrcdspvkwustrehyb/Build/Intermediates.noindex/Hatari.build/Debug-iphoneos/Hatari.build/Hatari-DebugDylibInstallName-normal-arm64.txt -Xlinker -filelist -Xlinker /Users/viveksarkar/Library/Developer/Xcode/DerivedData/Hatari-crnaywjepgfrrcdspvkwustrehyb/Build/Intermediates.noindex/Hatari.build/Debug-iphoneos/Hatari.build/Hatari-ExecutorLinkFileList-normal-arm64.txt /Users/viveksarkar/Library/Developer/Xcode/DerivedData/Hatari-crnaywjepgfrrcdspvkwustrehyb/Build/Products/Debug-iphoneos/Hatari.app/Hatari.debug.dylib -Xlinker -no_adhoc_codesign -o /Users/viveksarkar/Library/Developer/Xcode/DerivedData/Hatari-crnaywjepgfrrcdspvkwustrehyb/Build/Products/Debug-iphoneos/Hatari.app/Hatari

GenerateDSYMFile /Users/viveksarkar/Library/Developer/Xcode/DerivedData/Hatari-crnaywjepgfrrcdspvkwustrehyb/Build/Products/Debug-iphoneos/Hatari.app.dSYM /Users/viveksarkar/Library/Developer/Xcode/DerivedData/Hatari-crnaywjepgfrrcdspvkwustrehyb/Build/Products/Debug-iphoneos/Hatari.app/Hatari (in target 'Hatari' from project 'Hatari')
    cd /Users/viveksarkar/Desktop/Hatari_app/ios
    /Applications/Xcode.app/Contents/Developer/Toolchains/XcodeDefault.xctoolchain/usr/bin/dsymutil -q /Users/viveksarkar/Library/Developer/Xcode/DerivedData/Hatari-crnaywjepgfrrcdspvkwustrehyb/Build/Products/Debug-iphoneos/Hatari.app/Hatari -o /Users/viveksarkar/Library/Developer/Xcode/DerivedData/Hatari-crnaywjepgfrrcdspvkwustrehyb/Build/Products/Debug-iphoneos/Hatari.app.dSYM

LinkAssetCatalog /Users/viveksarkar/Desktop/Hatari_app/ios/Hatari/Images.xcassets (in target 'Hatari' from project 'Hatari')
    cd /Users/viveksarkar/Desktop/Hatari_app/ios
    builtin-linkAssetCatalog --thinned /Users/viveksarkar/Library/Developer/Xcode/DerivedData/Hatari-crnaywjepgfrrcdspvkwustrehyb/Build/Intermediates.noindex/Hatari.build/Debug-iphoneos/Hatari.build/assetcatalog_output/thinned --thinned-dependencies /Users/viveksarkar/Library/Developer/Xcode/DerivedData/Hatari-crnaywjepgfrrcdspvkwustrehyb/Build/Intermediates.noindex/Hatari.build/Debug-iphoneos/Hatari.build/assetcatalog_dependencies_thinned --thinned-info-plist-content /Users/viveksarkar/Library/Developer/Xcode/DerivedData/Hatari-crnaywjepgfrrcdspvkwustrehyb/Build/Intermediates.noindex/Hatari.build/Debug-iphoneos/Hatari.build/assetcatalog_generated_info.plist_thinned --unthinned /Users/viveksarkar/Library/Developer/Xcode/DerivedData/Hatari-crnaywjepgfrrcdspvkwustrehyb/Build/Intermediates.noindex/Hatari.build/Debug-iphoneos/Hatari.build/assetcatalog_output/unthinned --unthinned-dependencies /Users/viveksarkar/Library/Developer/Xcode/DerivedData/Hatari-crnaywjepgfrrcdspvkwustrehyb/Build/Intermediates.noindex/Hatari.build/Debug-iphoneos/Hatari.build/assetcatalog_dependencies_unthinned --unthinned-info-plist-content /Users/viveksarkar/Library/Developer/Xcode/DerivedData/Hatari-crnaywjepgfrrcdspvkwustrehyb/Build/Intermediates.noindex/Hatari.build/Debug-iphoneos/Hatari.build/assetcatalog_generated_info.plist_unthinned --output /Users/viveksarkar/Library/Developer/Xcode/DerivedData/Hatari-crnaywjepgfrrcdspvkwustrehyb/Build/Products/Debug-iphoneos/Hatari.app --plist-output /Users/viveksarkar/Library/Developer/Xcode/DerivedData/Hatari-crnaywjepgfrrcdspvkwustrehyb/Build/Intermediates.noindex/Hatari.build/Debug-iphoneos/Hatari.build/assetcatalog_generated_info.plist
note: Emplaced /Users/viveksarkar/Library/Developer/Xcode/DerivedData/Hatari-crnaywjepgfrrcdspvkwustrehyb/Build/Products/Debug-iphoneos/Hatari.app/Assets.car (in target 'Hatari' from project 'Hatari')
note: Emplaced /Users/viveksarkar/Library/Developer/Xcode/DerivedData/Hatari-crnaywjepgfrrcdspvkwustrehyb/Build/Products/Debug-iphoneos/Hatari.app/AppIcon60x60@2x.png (in target 'Hatari' from project 'Hatari')

ProcessInfoPlistFile /Users/viveksarkar/Library/Developer/Xcode/DerivedData/Hatari-crnaywjepgfrrcdspvkwustrehyb/Build/Products/Debug-iphoneos/Hatari.app/Info.plist /Users/viveksarkar/Desktop/Hatari_app/ios/Hatari/Info.plist (in target 'Hatari' from project 'Hatari')
    cd /Users/viveksarkar/Desktop/Hatari_app/ios
    builtin-infoPlistUtility /Users/viveksarkar/Desktop/Hatari_app/ios/Hatari/Info.plist -producttype com.apple.product-type.application -genpkginfo /Users/viveksarkar/Library/Developer/Xcode/DerivedData/Hatari-crnaywjepgfrrcdspvkwustrehyb/Build/Products/Debug-iphoneos/Hatari.app/PkgInfo -expandbuildsettings -format binary -platform iphoneos -additionalcontentfile /Users/viveksarkar/Library/Developer/Xcode/DerivedData/Hatari-crnaywjepgfrrcdspvkwustrehyb/Build/Intermediates.noindex/Hatari.build/Debug-iphoneos/Hatari.build/LaunchScreen-SBPartialInfo.plist -additionalcontentfile /Users/viveksarkar/Library/Developer/Xcode/DerivedData/Hatari-crnaywjepgfrrcdspvkwustrehyb/Build/Intermediates.noindex/Hatari.build/Debug-iphoneos/Hatari.build/assetcatalog_generated_info.plist -requiredArchitecture arm64 -o /Users/viveksarkar/Library/Developer/Xcode/DerivedData/Hatari-crnaywjepgfrrcdspvkwustrehyb/Build/Products/Debug-iphoneos/Hatari.app/Info.plist
warning: The value for NSLocationWhenInUseUsageDescription must be a non-empty string. (in target 'Hatari' from project 'Hatari')

PhaseScriptExecution Bundle\ React\ Native\ code\ and\ images /Users/viveksarkar/Library/Developer/Xcode/DerivedData/Hatari-crnaywjepgfrrcdspvkwustrehyb/Build/Intermediates.noindex/Hatari.build/Debug-iphoneos/Hatari.build/Script-00DD1BFF1BD5951E006B06BC.sh (in target 'Hatari' from project 'Hatari')
    cd /Users/viveksarkar/Desktop/Hatari_app/ios
    export ACTION\=build
    export AD_HOC_CODE_SIGNING_ALLOWED\=NO
    export AGGREGATE_TRACKED_DOMAINS\=YES
    export ALLOW_BUILD_REQUEST_OVERRIDES\=NO
    export ALLOW_TARGET_PLATFORM_SPECIALIZATION\=NO
    export ALTERNATE_GROUP\=staff
    export ALTERNATE_MODE\=u+w,go-w,a+rX
    export ALTERNATE_OWNER\=viveksarkar
    export ALTERNATIVE_DISTRIBUTION_WEB\=NO
    export ALWAYS_EMBED_SWIFT_STANDARD_LIBRARIES\=YES
    export ALWAYS_SEARCH_USER_PATHS\=NO
    export ALWAYS_USE_SEPARATE_HEADERMAPS\=NO
    export ANDROID_DEPLOYMENT_TARGET\=21.0
    export APPLICATION_EXTENSION_API_ONLY\=NO
    export APPLY_RULES_IN_COPY_FILES\=NO
    export APPLY_RULES_IN_COPY_HEADERS\=NO
    export APP_SHORTCUTS_ENABLE_FLEXIBLE_MATCHING\=YES
    export ARCHS\=arm64
    export ARCHS_STANDARD\=arm64
    export ARCHS_STANDARD_32_64_BIT\=armv7\ arm64
    export ARCHS_STANDARD_32_BIT\=armv7
    export ARCHS_STANDARD_64_BIT\=arm64
    export ARCHS_STANDARD_INCLUDING_64_BIT\=arm64
    export ARCHS_UNIVERSAL_IPHONE_OS\=armv7\ arm64
    export ASSETCATALOG_COMPILER_APPICON_NAME\=AppIcon
    export AUTOMATICALLY_MERGE_DEPENDENCIES\=NO
    export AUTOMATION_APPLE_EVENTS\=NO
    export AVAILABLE_PLATFORMS\=android\ appletvos\ appletvsimulator\ driverkit\ iphoneos\ iphonesimulator\ macosx\ qnx\ watchos\ watchsimulator\ webassembly\ xros\ xrsimulator
    export AppIdentifierPrefix\=FCK6YJ8J74.
    export BUILD_ACTIVE_RESOURCES_ONLY\=NO
    export BUILD_COMPONENTS\=headers\ build
    export BUILD_DIR\=/Users/viveksarkar/Library/Developer/Xcode/DerivedData/Hatari-crnaywjepgfrrcdspvkwustrehyb/Build/Products
    export BUILD_LIBRARY_FOR_DISTRIBUTION\=NO
    export BUILD_ROOT\=/Users/viveksarkar/Library/Developer/Xcode/DerivedData/Hatari-crnaywjepgfrrcdspvkwustrehyb/Build/Products
    export BUILD_STYLE\=
    export BUILD_VARIANTS\=normal
    export BUILT_PRODUCTS_DIR\=/Users/viveksarkar/Library/Developer/Xcode/DerivedData/Hatari-crnaywjepgfrrcdspvkwustrehyb/Build/Products/Debug-iphoneos
    export BUNDLE_CONTENTS_FOLDER_PATH_deep\=Contents/
    export BUNDLE_EXECUTABLE_FOLDER_NAME_deep\=MacOS
    export BUNDLE_EXTENSIONS_FOLDER_PATH\=Extensions
    export BUNDLE_FORMAT\=shallow
    export BUNDLE_FRAMEWORKS_FOLDER_PATH\=Frameworks
    export BUNDLE_PLUGINS_FOLDER_PATH\=PlugIns
    export BUNDLE_PRIVATE_HEADERS_FOLDER_PATH\=PrivateHeaders
    export BUNDLE_PUBLIC_HEADERS_FOLDER_PATH\=Headers
    export CACHE_ROOT\=/var/folders/f3/1kcs5qp53tv85yg4g31v_rhh0000gn/C/com.apple.DeveloperTools/26.2-17C52/Xcode
    export CCHROOT\=/var/folders/f3/1kcs5qp53tv85yg4g31v_rhh0000gn/C/com.apple.DeveloperTools/26.2-17C52/Xcode
    export CHMOD\=/bin/chmod
    export CHOWN\=/usr/sbin/chown
    export CLANG_ANALYZER_LOCALIZABILITY_NONLOCALIZED\=YES
    export CLANG_CACHE_FINE_GRAINED_OUTPUTS\=YES
    export CLANG_CXX_LANGUAGE_STANDARD\=c++20
    export CLANG_CXX_LIBRARY\=libc++
    export CLANG_ENABLE_EXPLICIT_MODULES\=YES
    export CLANG_ENABLE_MODULES\=YES
    export CLANG_ENABLE_OBJC_ARC\=YES
    export CLANG_MODULES_BUILD_SESSION_FILE\=/Users/viveksarkar/Library/Developer/Xcode/DerivedData/ModuleCache.noindex/Session.modulevalidation
    export CLANG_WARN_BLOCK_CAPTURE_AUTORELEASING\=YES
    export CLANG_WARN_BOOL_CONVERSION\=YES
    export CLANG_WARN_COMMA\=YES
    export CLANG_WARN_CONSTANT_CONVERSION\=YES
    export CLANG_WARN_DEPRECATED_OBJC_IMPLEMENTATIONS\=YES
    export CLANG_WARN_DIRECT_OBJC_ISA_USAGE\=YES_ERROR
    export CLANG_WARN_EMPTY_BODY\=YES
    export CLANG_WARN_ENUM_CONVERSION\=YES
    export CLANG_WARN_INFINITE_RECURSION\=YES
    export CLANG_WARN_INT_CONVERSION\=YES
    export CLANG_WARN_NON_LITERAL_NULL_CONVERSION\=YES
    export CLANG_WARN_OBJC_IMPLICIT_RETAIN_SELF\=YES
    export CLANG_WARN_OBJC_LITERAL_CONVERSION\=YES
    export CLANG_WARN_OBJC_ROOT_CLASS\=YES_ERROR
    export CLANG_WARN_QUOTED_INCLUDE_IN_FRAMEWORK_HEADER\=NO
    export CLANG_WARN_RANGE_LOOP_ANALYSIS\=YES
    export CLANG_WARN_STRICT_PROTOTYPES\=YES
    export CLANG_WARN_SUSPICIOUS_MOVE\=YES
    export CLANG_WARN_UNREACHABLE_CODE\=YES
    export CLANG_WARN__DUPLICATE_METHOD_MATCH\=YES
    export CLASS_FILE_DIR\=/Users/viveksarkar/Library/Developer/Xcode/DerivedData/Hatari-crnaywjepgfrrcdspvkwustrehyb/Build/Intermediates.noindex/Hatari.build/Debug-iphoneos/Hatari.build/JavaClasses
    export CLEAN_PRECOMPS\=YES
    export CLONE_HEADERS\=NO
    export CODESIGNING_FOLDER_PATH\=/Users/viveksarkar/Library/Developer/Xcode/DerivedData/Hatari-crnaywjepgfrrcdspvkwustrehyb/Build/Products/Debug-iphoneos/Hatari.app
    export CODE_SIGNING_ALLOWED\=YES
    export CODE_SIGNING_REQUIRED\=YES
    export CODE_SIGN_CONTEXT_CLASS\=XCiPhoneOSCodeSignContext
    export CODE_SIGN_IDENTITY\=iPhone\ Developer
    export CODE_SIGN_INJECT_BASE_ENTITLEMENTS\=YES
    export COLOR_DIAGNOSTICS\=NO
    export COMBINE_HIDPI_IMAGES\=NO
    export COMPILATION_CACHE_CAS_PATH\=/Users/viveksarkar/Library/Developer/Xcode/DerivedData/CompilationCache.noindex
    export COMPILATION_CACHE_KEEP_CAS_DIRECTORY\=YES
    export COMPILER_INDEX_STORE_ENABLE\=NO
    export COMPOSITE_SDK_DIRS\=/Users/viveksarkar/Library/Developer/Xcode/DerivedData/Hatari-crnaywjepgfrrcdspvkwustrehyb/Build/Intermediates.noindex/CompositeSDKs
    export COMPRESS_PNG_FILES\=YES
    export CONFIGURATION\=Debug
    export CONFIGURATION_BUILD_DIR\=/Users/viveksarkar/Library/Developer/Xcode/DerivedData/Hatari-crnaywjepgfrrcdspvkwustrehyb/Build/Products/Debug-iphoneos
    export CONFIGURATION_TEMP_DIR\=/Users/viveksarkar/Library/Developer/Xcode/DerivedData/Hatari-crnaywjepgfrrcdspvkwustrehyb/Build/Intermediates.noindex/Hatari.build/Debug-iphoneos
    export CONTENTS_FOLDER_PATH\=Hatari.app
    export CONTENTS_FOLDER_PATH_SHALLOW_BUNDLE_NO\=Hatari.app/Contents
    export CONTENTS_FOLDER_PATH_SHALLOW_BUNDLE_YES\=Hatari.app
    export COPYING_PRESERVES_HFS_DATA\=NO
    export COPY_HEADERS_RUN_UNIFDEF\=NO
    export COPY_PHASE_STRIP\=NO
    export CORRESPONDING_SIMULATOR_PLATFORM_DIR\=/Applications/Xcode.app/Contents/Developer/Platforms/iPhoneSimulator.platform
    export CORRESPONDING_SIMULATOR_PLATFORM_NAME\=iphonesimulator
    export CORRESPONDING_SIMULATOR_SDK_DIR\=/Applications/Xcode.app/Contents/Developer/Platforms/iPhoneSimulator.platform/Developer/SDKs/iPhoneSimulator26.2.sdk
    export CORRESPONDING_SIMULATOR_SDK_NAME\=iphonesimulator26.2
    export CP\=/bin/cp
    export CREATE_INFOPLIST_SECTION_IN_BINARY\=NO
    export CURRENT_ARCH\=undefined_arch
    export CURRENT_PROJECT_VERSION\=1
    export CURRENT_VARIANT\=normal
    export DEAD_CODE_STRIPPING\=YES
    export DEBUGGING_SYMBOLS\=YES
    export DEBUG_INFORMATION_FORMAT\=dwarf-with-dsym
    export DEBUG_INFORMATION_VERSION\=compiler-default
    export DEFAULT_COMPILER\=com.apple.compilers.llvm.clang.1_0
    export DEFAULT_DEXT_INSTALL_PATH\=/System/Library/DriverExtensions
    export DEFAULT_KEXT_INSTALL_PATH\=/System/Library/Extensions
    export DEFINES_MODULE\=NO
    export DEPLOYMENT_LOCATION\=NO
    export DEPLOYMENT_POSTPROCESSING\=NO
    export DEPLOYMENT_TARGET_SETTING_NAME\=IPHONEOS_DEPLOYMENT_TARGET
    export DEPLOYMENT_TARGET_SUGGESTED_VALUES\=12.0\ 12.1\ 12.2\ 12.3\ 12.4\ 13.0\ 13.1\ 13.2\ 13.3\ 13.4\ 13.5\ 13.6\ 14.0\ 14.1\ 14.2\ 14.3\ 14.4\ 14.5\ 14.6\ 14.7\ 15.0\ 15.1\ 15.2\ 15.3\ 15.4\ 15.5\ 15.6\ 16.0\ 16.1\ 16.2\ 16.3\ 16.4\ 16.5\ 16.6\ 17.0\ 17.1\ 17.2\ 17.3\ 17.4\ 17.5\ 17.6\ 18.0\ 18.1\ 18.2\ 18.3\ 18.4\ 18.5\ 18.6\ 26.0\ 26.1\ 26.2
    export DERIVED_FILES_DIR\=/Users/viveksarkar/Library/Developer/Xcode/DerivedData/Hatari-crnaywjepgfrrcdspvkwustrehyb/Build/Intermediates.noindex/Hatari.build/Debug-iphoneos/Hatari.build/DerivedSources
    export DERIVED_FILE_DIR\=/Users/viveksarkar/Library/Developer/Xcode/DerivedData/Hatari-crnaywjepgfrrcdspvkwustrehyb/Build/Intermediates.noindex/Hatari.build/Debug-iphoneos/Hatari.build/DerivedSources
    export DERIVED_SOURCES_DIR\=/Users/viveksarkar/Library/Developer/Xcode/DerivedData/Hatari-crnaywjepgfrrcdspvkwustrehyb/Build/Intermediates.noindex/Hatari.build/Debug-iphoneos/Hatari.build/DerivedSources
    export DERIVE_MACCATALYST_PRODUCT_BUNDLE_IDENTIFIER\=NO
    export DEVELOPER_APPLICATIONS_DIR\=/Applications/Xcode.app/Contents/Developer/Applications
    export DEVELOPER_BIN_DIR\=/Applications/Xcode.app/Contents/Developer/usr/bin
    export DEVELOPER_DIR\=/Applications/Xcode.app/Contents/Developer
    export DEVELOPER_FRAMEWORKS_DIR\=/Applications/Xcode.app/Contents/Developer/Library/Frameworks
    export DEVELOPER_FRAMEWORKS_DIR_QUOTED\=/Applications/Xcode.app/Contents/Developer/Library/Frameworks
    export DEVELOPER_LIBRARY_DIR\=/Applications/Xcode.app/Contents/Developer/Library
    export DEVELOPER_SDK_DIR\=/Applications/Xcode.app/Contents/Developer/Platforms/MacOSX.platform/Developer/SDKs
    export DEVELOPER_TOOLS_DIR\=/Applications/Xcode.app/Contents/Developer/Tools
    export DEVELOPER_USR_DIR\=/Applications/Xcode.app/Contents/Developer/usr
    export DEVELOPMENT_LANGUAGE\=en
    export DEVELOPMENT_TEAM\=FCK6YJ8J74
    export DIAGNOSE_MISSING_TARGET_DEPENDENCIES\=YES
    export DIFF\=/usr/bin/diff
    export DOCUMENTATION_FOLDER_PATH\=Hatari.app/en.lproj/Documentation
    export DONT_GENERATE_INFOPLIST_FILE\=NO
    export DSTROOT\=/tmp/Hatari.dst
    export DT_TOOLCHAIN_DIR\=/Applications/Xcode.app/Contents/Developer/Toolchains/XcodeDefault.xctoolchain
    export DWARF_DSYM_FILE_NAME\=Hatari.app.dSYM
    export DWARF_DSYM_FILE_SHOULD_ACCOMPANY_PRODUCT\=NO
    export DWARF_DSYM_FOLDER_PATH\=/Users/viveksarkar/Library/Developer/Xcode/DerivedData/Hatari-crnaywjepgfrrcdspvkwustrehyb/Build/Products/Debug-iphoneos
    export DYNAMIC_LIBRARY_EXTENSION\=dylib
    export EAGER_COMPILATION_ALLOW_SCRIPTS\=NO
    export EAGER_LINKING\=NO
    export EFFECTIVE_PLATFORM_NAME\=-iphoneos
    export EMBEDDED_CONTENT_CONTAINS_SWIFT\=NO
    export EMBEDDED_PROFILE_NAME\=embedded.mobileprovision
    export EMBED_ASSET_PACKS_IN_PRODUCT_BUNDLE\=NO
    export ENABLE_APP_SANDBOX\=NO
    export ENABLE_BITCODE\=NO
    export ENABLE_CODE_COVERAGE\=YES
    export ENABLE_CPLUSPLUS_BOUNDS_SAFE_BUFFERS\=NO
    export ENABLE_C_BOUNDS_SAFETY\=NO
    export ENABLE_DEBUG_DYLIB\=YES
    export ENABLE_DEFAULT_HEADER_SEARCH_PATHS\=YES
    export ENABLE_DEFAULT_SEARCH_PATHS\=YES
    export ENABLE_ENHANCED_SECURITY\=NO
    export ENABLE_HARDENED_RUNTIME\=NO
    export ENABLE_HEADER_DEPENDENCIES\=YES
    export ENABLE_INCOMING_NETWORK_CONNECTIONS\=NO
    export ENABLE_ON_DEMAND_RESOURCES\=YES
    export ENABLE_OUTGOING_NETWORK_CONNECTIONS\=NO
    export ENABLE_POINTER_AUTHENTICATION\=NO
    export ENABLE_PREVIEWS\=NO
    export ENABLE_RESOURCE_ACCESS_AUDIO_INPUT\=NO
    export ENABLE_RESOURCE_ACCESS_BLUETOOTH\=NO
    export ENABLE_RESOURCE_ACCESS_CALENDARS\=NO
    export ENABLE_RESOURCE_ACCESS_CAMERA\=NO
    export ENABLE_RESOURCE_ACCESS_CONTACTS\=NO
    export ENABLE_RESOURCE_ACCESS_LOCATION\=NO
    export ENABLE_RESOURCE_ACCESS_PHOTO_LIBRARY\=NO
    export ENABLE_RESOURCE_ACCESS_PRINTING\=NO
    export ENABLE_RESOURCE_ACCESS_USB\=NO
    export ENABLE_SDK_IMPORTS\=NO
    export ENABLE_SECURITY_COMPILER_WARNINGS\=NO
    export ENABLE_STRICT_OBJC_MSGSEND\=YES
    export ENABLE_TESTABILITY\=YES
    export ENABLE_TESTING_SEARCH_PATHS\=NO
    export ENABLE_USER_SCRIPT_SANDBOXING\=NO
    export ENABLE_XOJIT_PREVIEWS\=YES
    export ENFORCE_VALID_ARCHS\=YES
    export ENTITLEMENTS_ALLOWED\=YES
    export ENTITLEMENTS_DESTINATION\=Signature
    export ENTITLEMENTS_REQUIRED\=NO
    export EXCLUDED_INSTALLSRC_SUBDIRECTORY_PATTERNS\=.DS_Store\ .svn\ .git\ .hg\ CVS
    export EXCLUDED_RECURSIVE_SEARCH_PATH_SUBDIRECTORIES\=\*.nib\ \*.lproj\ \*.framework\ \*.gch\ \*.xcode\*\ \*.xcassets\ \*.icon\ \(\*\)\ .DS_Store\ CVS\ .svn\ .git\ .hg\ \*.pbproj\ \*.pbxproj
    export EXECUTABLES_FOLDER_PATH\=Hatari.app/Executables
    export EXECUTABLE_BLANK_INJECTION_DYLIB_PATH\=Hatari.app/__preview.dylib
    export EXECUTABLE_DEBUG_DYLIB_INSTALL_NAME\=@rpath/Hatari.debug.dylib
    export EXECUTABLE_DEBUG_DYLIB_PATH\=Hatari.app/Hatari.debug.dylib
    export EXECUTABLE_FOLDER_PATH\=Hatari.app
    export EXECUTABLE_FOLDER_PATH_SHALLOW_BUNDLE_NO\=Hatari.app/MacOS
    export EXECUTABLE_FOLDER_PATH_SHALLOW_BUNDLE_YES\=Hatari.app
    export EXECUTABLE_NAME\=Hatari
    export EXECUTABLE_PATH\=Hatari.app/Hatari
    export EXPANDED_CODE_SIGN_IDENTITY\=0AE58D166068DAB91EB591C5A3FA765F12096CCC
    export EXPANDED_CODE_SIGN_IDENTITY_NAME\=Apple\ Development:\ Samarendra\ Mukherjee\ \(L4SWY7DUMM\)
    export EXPANDED_PROVISIONING_PROFILE\=ae826dcc-b01e-42de-bc9b-75cbf3f2e8ea
    export EXTENSIONS_FOLDER_PATH\=Hatari.app/Extensions
    export FILE_LIST\=/Users/viveksarkar/Library/Developer/Xcode/DerivedData/Hatari-crnaywjepgfrrcdspvkwustrehyb/Build/Intermediates.noindex/Hatari.build/Debug-iphoneos/Hatari.build/Objects/LinkFileList
    export FIXED_FILES_DIR\=/Users/viveksarkar/Library/Developer/Xcode/DerivedData/Hatari-crnaywjepgfrrcdspvkwustrehyb/Build/Intermediates.noindex/Hatari.build/Debug-iphoneos/Hatari.build/FixedFiles
    export FRAMEWORKS_FOLDER_PATH\=Hatari.app/Frameworks
    export FRAMEWORK_FLAG_PREFIX\=-framework
    export FRAMEWORK_SEARCH_PATHS\=/Users/viveksarkar/Library/Developer/Xcode/DerivedData/Hatari-crnaywjepgfrrcdspvkwustrehyb/Build/Products/Debug-iphoneos\ \ \"/Users/viveksarkar/Desktop/Hatari_app/ios/Pods/hermes-engine/destroot/Library/Frameworks/universal\"\ \"/Users/viveksarkar/Library/Developer/Xcode/DerivedData/Hatari-crnaywjepgfrrcdspvkwustrehyb/Build/Products/Debug-iphoneos/XCFrameworkIntermediates/hermes-engine/Pre-built\"
    export FRAMEWORK_VERSION\=A
    export FULL_PRODUCT_NAME\=Hatari.app
    export FUSE_BUILD_PHASES\=YES
    export FUSE_BUILD_SCRIPT_PHASES\=NO
    export GCC3_VERSION\=3.3
    export GCC_C_LANGUAGE_STANDARD\=gnu99
    export GCC_DYNAMIC_NO_PIC\=NO
    export GCC_INLINES_ARE_PRIVATE_EXTERN\=YES
    export GCC_NO_COMMON_BLOCKS\=YES
    export GCC_OPTIMIZATION_LEVEL\=0
    export GCC_PFE_FILE_C_DIALECTS\=c\ objective-c\ c++\ objective-c++
    export GCC_PREPROCESSOR_DEFINITIONS\=DEBUG\=1\ \ COCOAPODS\=1
    export GCC_SYMBOLS_PRIVATE_EXTERN\=NO
    export GCC_THUMB_SUPPORT\=YES
    export GCC_TREAT_WARNINGS_AS_ERRORS\=NO
    export GCC_VERSION\=com.apple.compilers.llvm.clang.1_0
    export GCC_VERSION_IDENTIFIER\=com_apple_compilers_llvm_clang_1_0
    export GCC_WARN_64_TO_32_BIT_CONVERSION\=YES
    export GCC_WARN_ABOUT_RETURN_TYPE\=YES_ERROR
    export GCC_WARN_UNDECLARED_SELECTOR\=YES
    export GCC_WARN_UNINITIALIZED_AUTOS\=YES_AGGRESSIVE
    export GCC_WARN_UNUSED_FUNCTION\=YES
    export GCC_WARN_UNUSED_VARIABLE\=YES
    export GENERATED_MODULEMAP_DIR\=/Users/viveksarkar/Library/Developer/Xcode/DerivedData/Hatari-crnaywjepgfrrcdspvkwustrehyb/Build/Intermediates.noindex/GeneratedModuleMaps-iphoneos
    export GENERATE_INFOPLIST_FILE\=NO
    export GENERATE_INTERMEDIATE_TEXT_BASED_STUBS\=YES
    export GENERATE_PKGINFO_FILE\=YES
    export GENERATE_PRELINK_OBJECT_FILE\=NO
    export GENERATE_PROFILING_CODE\=NO
    export GENERATE_TEXT_BASED_STUBS\=NO
    export GID\=20
    export GROUP\=staff
    export HEADERMAP_INCLUDES_FLAT_ENTRIES_FOR_TARGET_BEING_BUILT\=YES
    export HEADERMAP_INCLUDES_FRAMEWORK_ENTRIES_FOR_ALL_PRODUCT_TYPES\=YES
    export HEADERMAP_INCLUDES_FRAMEWORK_ENTRIES_FOR_TARGETS_NOT_BEING_BUILT\=YES
    export HEADERMAP_INCLUDES_NONPUBLIC_NONPRIVATE_HEADERS\=YES
    export HEADERMAP_INCLUDES_PROJECT_HEADERS\=YES
    export HEADERMAP_USES_FRAMEWORK_PREFIX_ENTRIES\=YES
    export HEADERMAP_USES_VFS\=NO
    export HEADER_SEARCH_PATHS\=/Users/viveksarkar/Library/Developer/Xcode/DerivedData/Hatari-crnaywjepgfrrcdspvkwustrehyb/Build/Products/Debug-iphoneos/include\ \ \"/Users/viveksarkar/Desktop/Hatari_app/ios/Pods/Headers/Public\"\ \"/Users/viveksarkar/Desktop/Hatari_app/ios/Pods/Headers/Public/BVLinearGradient\"\ \"/Users/viveksarkar/Desktop/Hatari_app/ios/Pods/Headers/Public/DoubleConversion\"\ \"/Users/viveksarkar/Desktop/Hatari_app/ios/Pods/Headers/Public/FBLazyVector\"\ \"/Users/viveksarkar/Desktop/Hatari_app/ios/Pods/Headers/Public/RCT-Folly\"\ \"/Users/viveksarkar/Desktop/Hatari_app/ios/Pods/Headers/Public/RCTDeprecation\"\ \"/Users/viveksarkar/Desktop/Hatari_app/ios/Pods/Headers/Public/RCTRequired\"\ \"/Users/viveksarkar/Desktop/Hatari_app/ios/Pods/Headers/Public/RCTTypeSafety\"\ \"/Users/viveksarkar/Desktop/Hatari_app/ios/Pods/Headers/Public/RNCAsyncStorage\"\ \"/Users/viveksarkar/Desktop/Hatari_app/ios/Pods/Headers/Public/RNDateTimePicker\"\ \"/Users/viveksarkar/Desktop/Hatari_app/ios/Pods/Headers/Public/RNGestureHandler\"\ \"/Users/viveksarkar/Desktop/Hatari_app/ios/Pods/Headers/Public/RNPermissions\"\ \"/Users/viveksarkar/Desktop/Hatari_app/ios/Pods/Headers/Public/RNSVG\"\ \"/Users/viveksarkar/Desktop/Hatari_app/ios/Pods/Headers/Public/RNScreens\"\ \"/Users/viveksarkar/Desktop/Hatari_app/ios/Pods/Headers/Public/RNVectorIcons\"\ \"/Users/viveksarkar/Desktop/Hatari_app/ios/Pods/Headers/Public/React-Core\"\ \"/Users/viveksarkar/Desktop/Hatari_app/ios/Pods/Headers/Public/React-Fabric\"\ \"/Users/viveksarkar/Desktop/Hatari_app/ios/Pods/Headers/Public/React-FabricComponents\"\ \"/Users/viveksarkar/Desktop/Hatari_app/ios/Pods/Headers/Public/React-FabricImage\"\ \"/Users/viveksarkar/Desktop/Hatari_app/ios/Pods/Headers/Public/React-ImageManager\"\ \"/Users/viveksarkar/Desktop/Hatari_app/ios/Pods/Headers/Public/React-Mapbuffer\"\ \"/Users/viveksarkar/Desktop/Hatari_app/ios/Pods/Headers/Public/React-NativeModulesApple\"\ \"/Users/viveksarkar/Desktop/Hatari_app/ios/Pods/Headers/Public/React-RCTAnimation\"\ \"/Users/viveksarkar/Desktop/Hatari_app/ios/Pods/Headers/Public/React-RCTAppDelegate\"\ \"/Users/viveksarkar/Desktop/Hatari_app/ios/Pods/Headers/Public/React-RCTBlob\"\ \"/Users/viveksarkar/Desktop/Hatari_app/ios/Pods/Headers/Public/React-RCTFBReactNativeSpec\"\ \"/Users/viveksarkar/Desktop/Hatari_app/ios/Pods/Headers/Public/React-RCTFabric\"\ \"/Users/viveksarkar/Desktop/Hatari_app/ios/Pods/Headers/Public/React-RCTRuntime\"\ \"/Users/viveksarkar/Desktop/Hatari_app/ios/Pods/Headers/Public/React-RCTText\"\ \"/Users/viveksarkar/Desktop/Hatari_app/ios/Pods/Headers/Public/React-RuntimeApple\"\ \"/Users/viveksarkar/Desktop/Hatari_app/ios/Pods/Headers/Public/React-RuntimeCore\"\ \"/Users/viveksarkar/Desktop/Hatari_app/ios/Pods/Headers/Public/React-RuntimeHermes\"\ \"/Users/viveksarkar/Desktop/Hatari_app/ios/Pods/Headers/Public/React-callinvoker\"\ \"/Users/viveksarkar/Desktop/Hatari_app/ios/Pods/Headers/Public/React-cxxreact\"\ \"/Users/viveksarkar/Desktop/Hatari_app/ios/Pods/Headers/Public/React-debug\"\ \"/Users/viveksarkar/Desktop/Hatari_app/ios/Pods/Headers/Public/React-defaultsnativemodule\"\ \"/Users/viveksarkar/Desktop/Hatari_app/ios/Pods/Headers/Public/React-domnativemodule\"\ \"/Users/viveksarkar/Desktop/Hatari_app/ios/Pods/Headers/Public/React-featureflags\"\ \"/Users/viveksarkar/Desktop/Hatari_app/ios/Pods/Headers/Public/React-featureflagsnativemodule\"\ \"/Users/viveksarkar/Desktop/Hatari_app/ios/Pods/Headers/Public/React-graphics\"\ \"/Users/viveksarkar/Desktop/Hatari_app/ios/Pods/Headers/Public/React-hermes\"\ \"/Users/viveksarkar/Desktop/Hatari_app/ios/Pods/Headers/Public/React-idlecallbacksnativemodule\"\ \"/Users/viveksarkar/Desktop/Hatari_app/ios/Pods/Headers/Public/React-jserrorhandler\"\ \"/Users/viveksarkar/Desktop/Hatari_app/ios/Pods/Headers/Public/React-jsi\"\ \"/Users/viveksarkar/Desktop/Hatari_app/ios/Pods/Headers/Public/React-jsiexecutor\"\ \"/Users/viveksarkar/Desktop/Hatari_app/ios/Pods/Headers/Public/React-jsinspector\"\ \"/Users/viveksarkar/Desktop/Hatari_app/ios/Pods/Headers/Public/React-jsinspectortracing\"\ \"/Users/viveksarkar/Desktop/Hatari_app/ios/Pods/Headers/Public/React-jsitooling\"\ \"/Users/viveksarkar/Desktop/Hatari_app/ios/Pods/Headers/Public/React-logger\"\ \"/Users/viveksarkar/Desktop/Hatari_app/ios/Pods/Headers/Public/React-microtasksnativemodule\"\ \"/Users/viveksarkar/Desktop/Hatari_app/ios/Pods/Headers/Public/React-oscompat\"\ \"/Users/viveksarkar/Desktop/Hatari_app/ios/Pods/Headers/Public/React-perflogger\"\ \"/Users/viveksarkar/Desktop/Hatari_app/ios/Pods/Headers/Public/React-performancetimeline\"\ \"/Users/viveksarkar/Desktop/Hatari_app/ios/Pods/Headers/Public/React-rendererconsistency\"\ \"/Users/viveksarkar/Desktop/Hatari_app/ios/Pods/Headers/Public/React-renderercss\"\ \"/Users/viveksarkar/Desktop/Hatari_app/ios/Pods/Headers/Public/React-rendererdebug\"\ \"/Users/viveksarkar/Desktop/Hatari_app/ios/Pods/Headers/Public/React-runtimeexecutor\"\ \"/Users/viveksarkar/Desktop/Hatari_app/ios/Pods/Headers/Public/React-runtimescheduler\"\ \"/Users/viveksarkar/Desktop/Hatari_app/ios/Pods/Headers/Public/React-timing\"\ \"/Users/viveksarkar/Desktop/Hatari_app/ios/Pods/Headers/Public/React-utils\"\ \"/Users/viveksarkar/Desktop/Hatari_app/ios/Pods/Headers/Public/ReactAppDependencyProvider\"\ \"/Users/viveksarkar/Desktop/Hatari_app/ios/Pods/Headers/Public/ReactCodegen\"\ \"/Users/viveksarkar/Desktop/Hatari_app/ios/Pods/Headers/Public/ReactCommon\"\ \"/Users/viveksarkar/Desktop/Hatari_app/ios/Pods/Headers/Public/SocketRocket\"\ \"/Users/viveksarkar/Desktop/Hatari_app/ios/Pods/Headers/Public/Yoga\"\ \"/Users/viveksarkar/Desktop/Hatari_app/ios/Pods/Headers/Public/boost\"\ \"/Users/viveksarkar/Desktop/Hatari_app/ios/Pods/Headers/Public/fast_float\"\ \"/Users/viveksarkar/Desktop/Hatari_app/ios/Pods/Headers/Public/fmt\"\ \"/Users/viveksarkar/Desktop/Hatari_app/ios/Pods/Headers/Public/glog\"\ \"/Users/viveksarkar/Desktop/Hatari_app/ios/Pods/Headers/Public/hermes-engine\"\ \"/Users/viveksarkar/Desktop/Hatari_app/ios/Pods/Headers/Public/react-native-blur\"\ \"/Users/viveksarkar/Desktop/Hatari_app/ios/Pods/Headers/Public/react-native-geolocation\"\ \"/Users/viveksarkar/Desktop/Hatari_app/ios/Pods/Headers/Public/react-native-geolocation-service\"\ \"/Users/viveksarkar/Desktop/Hatari_app/ios/Pods/Headers/Public/react-native-maps\"\ \"/Users/viveksarkar/Desktop/Hatari_app/ios/Pods/Headers/Public/react-native-netinfo\"\ \"/Users/viveksarkar/Desktop/Hatari_app/ios/Pods/Headers/Public/react-native-safe-area-context\"\ \"/Users/viveksarkar/Desktop/Hatari_app/ios/Pods/Headers/Public/react-native-version-check\"\ \"/Users/viveksarkar/Desktop/Hatari_app/ios/Pods/DoubleConversion\"\ \"/Users/viveksarkar/Desktop/Hatari_app/ios/Pods/boost\"\ \"/Users/viveksarkar/Desktop/Hatari_app/ios/Pods/Headers/Private/React-Core\"\ \"/Users/viveksarkar/Desktop/Hatari_app/ios/Pods/Headers/Private/React-Core\"\ \"/Users/viveksarkar/Desktop/Hatari_app/ios/Pods/Headers/Private/Yoga\"
    export HOME\=/Users/viveksarkar
    export HOST_ARCH\=arm64
    export HOST_PLATFORM\=macosx
    export ICONV\=/usr/bin/iconv
    export IMPLICIT_DEPENDENCY_DOMAIN\=default
    export INFOPLIST_ENABLE_CFBUNDLEICONS_MERGE\=YES
    export INFOPLIST_EXPAND_BUILD_SETTINGS\=YES
    export INFOPLIST_FILE\=Hatari/Info.plist
    export INFOPLIST_OUTPUT_FORMAT\=binary
    export INFOPLIST_PATH\=Hatari.app/Info.plist
    export INFOPLIST_PREPROCESS\=NO
    export INFOSTRINGS_PATH\=Hatari.app/en.lproj/InfoPlist.strings
    export INLINE_PRIVATE_FRAMEWORKS\=NO
    export INSTALLAPI_IGNORE_SKIP_INSTALL\=YES
    export INSTALLHDRS_COPY_PHASE\=NO
    export INSTALLHDRS_SCRIPT_PHASE\=NO
    export INSTALL_DIR\=/tmp/Hatari.dst/Applications
    export INSTALL_GROUP\=staff
    export INSTALL_MODE_FLAG\=u+w,go-w,a+rX
    export INSTALL_OWNER\=viveksarkar
    export INSTALL_PATH\=/Applications
    export INSTALL_ROOT\=/tmp/Hatari.dst
    export IPHONEOS_DEPLOYMENT_TARGET\=15.1
    export IS_UNOPTIMIZED_BUILD\=YES
    export JAVAC_DEFAULT_FLAGS\=-J-Xms64m\ -J-XX:NewSize\=4M\ -J-Dfile.encoding\=UTF8
    export JAVA_APP_STUB\=/System/Library/Frameworks/JavaVM.framework/Resources/MacOS/JavaApplicationStub
    export JAVA_ARCHIVE_CLASSES\=YES
    export JAVA_ARCHIVE_TYPE\=JAR
    export JAVA_COMPILER\=/usr/bin/javac
    export JAVA_FOLDER_PATH\=Hatari.app/Java
    export JAVA_FRAMEWORK_RESOURCES_DIRS\=Resources
    export JAVA_JAR_FLAGS\=cv
    export JAVA_SOURCE_SUBDIR\=.
    export JAVA_USE_DEPENDENCIES\=YES
    export JAVA_ZIP_FLAGS\=-urg
    export JIKES_DEFAULT_FLAGS\=+E\ +OLDCSO
    export KASAN_CFLAGS_CLASSIC\=-DKASAN\=1\ -DKASAN_CLASSIC\=1\ -fsanitize\=address\ -mllvm\ -asan-globals-live-support\ -mllvm\ -asan-force-dynamic-shadow
    export KASAN_CFLAGS_TBI\=-DKASAN\=1\ -DKASAN_TBI\=1\ -fsanitize\=kernel-hwaddress\ -mllvm\ -hwasan-recover\=0\ -mllvm\ -hwasan-instrument-atomics\=0\ -mllvm\ -hwasan-instrument-stack\=1\ -mllvm\ -hwasan-generate-tags-with-calls\=1\ -mllvm\ -hwasan-instrument-with-calls\=1\ -mllvm\ -hwasan-use-short-granules\=0\ -mllvm\ -hwasan-memory-access-callback-prefix\=__asan_
    export KASAN_DEFAULT_CFLAGS\=-DKASAN\=1\ -DKASAN_CLASSIC\=1\ -fsanitize\=address\ -mllvm\ -asan-globals-live-support\ -mllvm\ -asan-force-dynamic-shadow
    export KEEP_PRIVATE_EXTERNS\=NO
    export LD_DEPENDENCY_INFO_FILE\=/Users/viveksarkar/Library/Developer/Xcode/DerivedData/Hatari-crnaywjepgfrrcdspvkwustrehyb/Build/Intermediates.noindex/Hatari.build/Debug-iphoneos/Hatari.build/Objects-normal/undefined_arch/Hatari_dependency_info.dat
    export LD_EXPORT_SYMBOLS\=YES
    export LD_GENERATE_MAP_FILE\=NO
    export LD_MAP_FILE_PATH\=/Users/viveksarkar/Library/Developer/Xcode/DerivedData/Hatari-crnaywjepgfrrcdspvkwustrehyb/Build/Intermediates.noindex/Hatari.build/Debug-iphoneos/Hatari.build/Hatari-LinkMap-normal-undefined_arch.txt
    export LD_NO_PIE\=NO
    export LD_QUOTE_LINKER_ARGUMENTS_FOR_COMPILER_DRIVER\=YES
    export LD_RUNPATH_SEARCH_PATHS\=/usr/lib/swift\ \ /usr/lib/swift\ \'@executable_path/Frameworks\'\ \'@loader_path/Frameworks\'\ @executable_path/Frameworks
    export LD_RUNPATH_SEARCH_PATHS_YES\=@loader_path/../Frameworks
    export LD_SHARED_CACHE_ELIGIBLE\=Automatic
    export LD_WARN_DUPLICATE_LIBRARIES\=NO
    export LD_WARN_UNUSED_DYLIBS\=NO
    export LEGACY_DEVELOPER_DIR\=/Applications/Xcode.app/Contents/PlugIns/Xcode3Core.ideplugin/Contents/SharedSupport/Developer
    export LEX\=lex
    export LIBRARY_DEXT_INSTALL_PATH\=/Library/DriverExtensions
    export LIBRARY_FLAG_NOSPACE\=YES
    export LIBRARY_FLAG_PREFIX\=-l
    export LIBRARY_KEXT_INSTALL_PATH\=/Library/Extensions
    export LIBRARY_SEARCH_PATHS\=/Users/viveksarkar/Library/Developer/Xcode/DerivedData/Hatari-crnaywjepgfrrcdspvkwustrehyb/Build/Products/Debug-iphoneos\ /Applications/Xcode.app/Contents/Developer/Platforms/iPhoneOS.platform/Developer/SDKs/iPhoneOS26.2.sdk/usr/lib/swift\ /Applications/Xcode.app/Contents/Developer/Toolchains/XcodeDefault.xctoolchain/usr/lib/swift/iphoneos\ /Users/viveksarkar/Library/Developer/Xcode/DerivedData/Hatari-crnaywjepgfrrcdspvkwustrehyb/Build/Products/Debug-iphoneos/BVLinearGradient\ /Users/viveksarkar/Library/Developer/Xcode/DerivedData/Hatari-crnaywjepgfrrcdspvkwustrehyb/Build/Products/Debug-iphoneos/DoubleConversion\ /Users/viveksarkar/Library/Developer/Xcode/DerivedData/Hatari-crnaywjepgfrrcdspvkwustrehyb/Build/Products/Debug-iphoneos/RCT-Folly\ /Users/viveksarkar/Library/Developer/Xcode/DerivedData/Hatari-crnaywjepgfrrcdspvkwustrehyb/Build/Products/Debug-iphoneos/RCTDeprecation\ /Users/viveksarkar/Library/Developer/Xcode/DerivedData/Hatari-crnaywjepgfrrcdspvkwustrehyb/Build/Products/Debug-iphoneos/RCTTypeSafety\ /Users/viveksarkar/Library/Developer/Xcode/DerivedData/Hatari-crnaywjepgfrrcdspvkwustrehyb/Build/Products/Debug-iphoneos/RNCAsyncStorage\ /Users/viveksarkar/Library/Developer/Xcode/DerivedData/Hatari-crnaywjepgfrrcdspvkwustrehyb/Build/Products/Debug-iphoneos/RNDateTimePicker\ /Users/viveksarkar/Library/Developer/Xcode/DerivedData/Hatari-crnaywjepgfrrcdspvkwustrehyb/Build/Products/Debug-iphoneos/RNGestureHandler\ /Users/viveksarkar/Library/Developer/Xcode/DerivedData/Hatari-crnaywjepgfrrcdspvkwustrehyb/Build/Products/Debug-iphoneos/RNPermissions\ /Users/viveksarkar/Library/Developer/Xcode/DerivedData/Hatari-crnaywjepgfrrcdspvkwustrehyb/Build/Products/Debug-iphoneos/RNSVG\ /Users/viveksarkar/Library/Developer/Xcode/DerivedData/Hatari-crnaywjepgfrrcdspvkwustrehyb/Build/Products/Debug-iphoneos/RNScreens\ /Users/viveksarkar/Library/Developer/Xcode/DerivedData/Hatari-crnaywjepgfrrcdspvkwustrehyb/Build/Products/Debug-iphoneos/RNVectorIcons\ /Users/viveksarkar/Library/Developer/Xcode/DerivedData/Hatari-crnaywjepgfrrcdspvkwustrehyb/Build/Products/Debug-iphoneos/React-Core\ /Users/viveksarkar/Library/Developer/Xcode/DerivedData/Hatari-crnaywjepgfrrcdspvkwustrehyb/Build/Products/Debug-iphoneos/React-CoreModules\ /Users/viveksarkar/Library/Developer/Xcode/DerivedData/Hatari-crnaywjepgfrrcdspvkwustrehyb/Build/Products/Debug-iphoneos/React-Fabric\ /Users/viveksarkar/Library/Developer/Xcode/DerivedData/Hatari-crnaywjepgfrrcdspvkwustrehyb/Build/Products/Debug-iphoneos/React-FabricComponents\ /Users/viveksarkar/Library/Developer/Xcode/DerivedData/Hatari-crnaywjepgfrrcdspvkwustrehyb/Build/Products/Debug-iphoneos/React-FabricImage\ /Users/viveksarkar/Library/Developer/Xcode/DerivedData/Hatari-crnaywjepgfrrcdspvkwustrehyb/Build/Products/Debug-iphoneos/React-ImageManager\ /Users/viveksarkar/Library/Developer/Xcode/DerivedData/Hatari-crnaywjepgfrrcdspvkwustrehyb/Build/Products/Debug-iphoneos/React-Mapbuffer\ /Users/viveksarkar/Library/Developer/Xcode/DerivedData/Hatari-crnaywjepgfrrcdspvkwustrehyb/Build/Products/Debug-iphoneos/React-NativeModulesApple\ /Users/viveksarkar/Library/Developer/Xcode/DerivedData/Hatari-crnaywjepgfrrcdspvkwustrehyb/Build/Products/Debug-iphoneos/React-RCTAnimation\ /Users/viveksarkar/Library/Developer/Xcode/DerivedData/Hatari-crnaywjepgfrrcdspvkwustrehyb/Build/Products/Debug-iphoneos/React-RCTAppDelegate\ /Users/viveksarkar/Library/Developer/Xcode/DerivedData/Hatari-crnaywjepgfrrcdspvkwustrehyb/Build/Products/Debug-iphoneos/React-RCTBlob\ /Users/viveksarkar/Library/Developer/Xcode/DerivedData/Hatari-crnaywjepgfrrcdspvkwustrehyb/Build/Products/Debug-iphoneos/React-RCTFBReactNativeSpec\ /Users/viveksarkar/Library/Developer/Xcode/DerivedData/Hatari-crnaywjepgfrrcdspvkwustrehyb/Build/Products/Debug-iphoneos/React-RCTFabric\ /Users/viveksarkar/Library/Developer/Xcode/DerivedData/Hatari-crnaywjepgfrrcdspvkwustrehyb/Build/Products/Debug-iphoneos/React-RCTImage\ /Users/viveksarkar/Library/Developer/Xcode/DerivedData/Hatari-crnaywjepgfrrcdspvkwustrehyb/Build/Products/Debug-iphoneos/React-RCTLinking\ /Users/viveksarkar/Library/Developer/Xcode/DerivedData/Hatari-crnaywjepgfrrcdspvkwustrehyb/Build/Products/Debug-iphoneos/React-RCTNetwork\ /Users/viveksarkar/Library/Developer/Xcode/DerivedData/Hatari-crnaywjepgfrrcdspvkwustrehyb/Build/Products/Debug-iphoneos/React-RCTRuntime\ /Users/viveksarkar/Library/Developer/Xcode/DerivedData/Hatari-crnaywjepgfrrcdspvkwustrehyb/Build/Products/Debug-iphoneos/React-RCTSettings\ /Users/viveksarkar/Library/Developer/Xcode/DerivedData/Hatari-crnaywjepgfrrcdspvkwustrehyb/Build/Products/Debug-iphoneos/React-RCTText\ /Users/viveksarkar/Library/Developer/Xcode/DerivedData/Hatari-crnaywjepgfrrcdspvkwustrehyb/Build/Products/Debug-iphoneos/React-RCTVibration\ /Users/viveksarkar/Library/Developer/Xcode/DerivedData/Hatari-crnaywjepgfrrcdspvkwustrehyb/Build/Products/Debug-iphoneos/React-RuntimeApple\ /Users/viveksarkar/Library/Developer/Xcode/DerivedData/Hatari-crnaywjepgfrrcdspvkwustrehyb/Build/Products/Debug-iphoneos/React-RuntimeCore\ /Users/viveksarkar/Library/Developer/Xcode/DerivedData/Hatari-crnaywjepgfrrcdspvkwustrehyb/Build/Products/Debug-iphoneos/React-RuntimeHermes\ /Users/viveksarkar/Library/Developer/Xcode/DerivedData/Hatari-crnaywjepgfrrcdspvkwustrehyb/Build/Products/Debug-iphoneos/React-cxxreact\ /Users/viveksarkar/Library/Developer/Xcode/DerivedData/Hatari-crnaywjepgfrrcdspvkwustrehyb/Build/Products/Debug-iphoneos/React-debug\ /Users/viveksarkar/Library/Developer/Xcode/DerivedData/Hatari-crnaywjepgfrrcdspvkwustrehyb/Build/Products/Debug-iphoneos/React-defaultsnativemodule\ /Users/viveksarkar/Library/Developer/Xcode/DerivedData/Hatari-crnaywjepgfrrcdspvkwustrehyb/Build/Products/Debug-iphoneos/React-domnativemodule\ /Users/viveksarkar/Library/Developer/Xcode/DerivedData/Hatari-crnaywjepgfrrcdspvkwustrehyb/Build/Products/Debug-iphoneos/React-featureflags\ /Users/viveksarkar/Library/Developer/Xcode/DerivedData/Hatari-crnaywjepgfrrcdspvkwustrehyb/Build/Products/Debug-iphoneos/React-featureflagsnativemodule\ /Users/viveksarkar/Library/Developer/Xcode/DerivedData/Hatari-crnaywjepgfrrcdspvkwustrehyb/Build/Products/Debug-iphoneos/React-graphics\ /Users/viveksarkar/Library/Developer/Xcode/DerivedData/Hatari-crnaywjepgfrrcdspvkwustrehyb/Build/Products/Debug-iphoneos/React-hermes\ /Users/viveksarkar/Library/Developer/Xcode/DerivedData/Hatari-crnaywjepgfrrcdspvkwustrehyb/Build/Products/Debug-iphoneos/React-idlecallbacksnativemodule\ /Users/viveksarkar/Library/Developer/Xcode/DerivedData/Hatari-crnaywjepgfrrcdspvkwustrehyb/Build/Products/Debug-iphoneos/React-jserrorhandler\ /Users/viveksarkar/Library/Developer/Xcode/DerivedData/Hatari-crnaywjepgfrrcdspvkwustrehyb/Build/Products/Debug-iphoneos/React-jsi\ /Users/viveksarkar/Library/Developer/Xcode/DerivedData/Hatari-crnaywjepgfrrcdspvkwustrehyb/Build/Products/Debug-iphoneos/React-jsiexecutor\ /Users/viveksarkar/Library/Developer/Xcode/DerivedData/Hatari-crnaywjepgfrrcdspvkwustrehyb/Build/Products/Debug-iphoneos/React-jsinspector\ /Users/viveksarkar/Library/Developer/Xcode/DerivedData/Hatari-crnaywjepgfrrcdspvkwustrehyb/Build/Products/Debug-iphoneos/React-jsinspectortracing\ /Users/viveksarkar/Library/Developer/Xcode/DerivedData/Hatari-crnaywjepgfrrcdspvkwustrehyb/Build/Products/Debug-iphoneos/React-jsitooling\ /Users/viveksarkar/Library/Developer/Xcode/DerivedData/Hatari-crnaywjepgfrrcdspvkwustrehyb/Build/Products/Debug-iphoneos/React-logger\ /Users/viveksarkar/Library/Developer/Xcode/DerivedData/Hatari-crnaywjepgfrrcdspvkwustrehyb/Build/Products/Debug-iphoneos/React-microtasksnativemodule\ /Users/viveksarkar/Library/Developer/Xcode/DerivedData/Hatari-crnaywjepgfrrcdspvkwustrehyb/Build/Products/Debug-iphoneos/React-oscompat\ /Users/viveksarkar/Library/Developer/Xcode/DerivedData/Hatari-crnaywjepgfrrcdspvkwustrehyb/Build/Products/Debug-iphoneos/React-perflogger\ /Users/viveksarkar/Library/Developer/Xcode/DerivedData/Hatari-crnaywjepgfrrcdspvkwustrehyb/Build/Products/Debug-iphoneos/React-performancetimeline\ /Users/viveksarkar/Library/Developer/Xcode/DerivedData/Hatari-crnaywjepgfrrcdspvkwustrehyb/Build/Products/Debug-iphoneos/React-rendererconsistency\ /Users/viveksarkar/Library/Developer/Xcode/DerivedData/Hatari-crnaywjepgfrrcdspvkwustrehyb/Build/Products/Debug-iphoneos/React-renderercss\ /Users/viveksarkar/Library/Developer/Xcode/DerivedData/Hatari-crnaywjepgfrrcdspvkwustrehyb/Build/Products/Debug-iphoneos/React-rendererdebug\ /Users/viveksarkar/Library/Developer/Xcode/DerivedData/Hatari-crnaywjepgfrrcdspvkwustrehyb/Build/Products/Debug-iphoneos/React-runtimescheduler\ /Users/viveksarkar/Library/Developer/Xcode/DerivedData/Hatari-crnaywjepgfrrcdspvkwustrehyb/Build/Products/Debug-iphoneos/React-utils\ /Users/viveksarkar/Library/Developer/Xcode/DerivedData/Hatari-crnaywjepgfrrcdspvkwustrehyb/Build/Products/Debug-iphoneos/ReactAppDependencyProvider\ /Users/viveksarkar/Library/Developer/Xcode/DerivedData/Hatari-crnaywjepgfrrcdspvkwustrehyb/Build/Products/Debug-iphoneos/ReactCodegen\ /Users/viveksarkar/Library/Developer/Xcode/DerivedData/Hatari-crnaywjepgfrrcdspvkwustrehyb/Build/Products/Debug-iphoneos/ReactCommon\ /Users/viveksarkar/Library/Developer/Xcode/DerivedData/Hatari-crnaywjepgfrrcdspvkwustrehyb/Build/Products/Debug-iphoneos/SocketRocket\ /Users/viveksarkar/Library/Developer/Xcode/DerivedData/Hatari-crnaywjepgfrrcdspvkwustrehyb/Build/Products/Debug-iphoneos/Yoga\ /Users/viveksarkar/Library/Developer/Xcode/DerivedData/Hatari-crnaywjepgfrrcdspvkwustrehyb/Build/Products/Debug-iphoneos/fmt\ /Users/viveksarkar/Library/Developer/Xcode/DerivedData/Hatari-crnaywjepgfrrcdspvkwustrehyb/Build/Products/Debug-iphoneos/glog\ /Users/viveksarkar/Library/Developer/Xcode/DerivedData/Hatari-crnaywjepgfrrcdspvkwustrehyb/Build/Products/Debug-iphoneos/react-native-blur\ /Users/viveksarkar/Library/Developer/Xcode/DerivedData/Hatari-crnaywjepgfrrcdspvkwustrehyb/Build/Products/Debug-iphoneos/react-native-geolocation\ /Users/viveksarkar/Library/Developer/Xcode/DerivedData/Hatari-crnaywjepgfrrcdspvkwustrehyb/Build/Products/Debug-iphoneos/react-native-geolocation-service\ /Users/viveksarkar/Library/Developer/Xcode/DerivedData/Hatari-crnaywjepgfrrcdspvkwustrehyb/Build/Products/Debug-iphoneos/react-native-maps\ /Users/viveksarkar/Library/Developer/Xcode/DerivedData/Hatari-crnaywjepgfrrcdspvkwustrehyb/Build/Products/Debug-iphoneos/react-native-netinfo\ /Users/viveksarkar/Library/Developer/Xcode/DerivedData/Hatari-crnaywjepgfrrcdspvkwustrehyb/Build/Products/Debug-iphoneos/react-native-safe-area-context\ /Users/viveksarkar/Library/Developer/Xcode/DerivedData/Hatari-crnaywjepgfrrcdspvkwustrehyb/Build/Products/Debug-iphoneos/react-native-version-check\ /Applications/Xcode.app/Contents/Developer/Toolchains/XcodeDefault.xctoolchain/usr/lib/swift/iphoneos\ /Applications/Xcode.app/Contents/Developer/Platforms/iPhoneOS.platform/Developer/SDKs/iPhoneOS26.2.sdk/usr/lib/swift
    export LINKER_DISPLAYS_MANGLED_NAMES\=NO
    export LINK_FILE_LIST_normal_arm64\=/Users/viveksarkar/Library/Developer/Xcode/DerivedData/Hatari-crnaywjepgfrrcdspvkwustrehyb/Build/Intermediates.noindex/Hatari.build/Debug-iphoneos/Hatari.build/Objects-normal/arm64/Hatari.LinkFileList
    export LINK_OBJC_RUNTIME\=YES
    export LINK_WITH_STANDARD_LIBRARIES\=YES
    export LLVM_TARGET_TRIPLE_OS_VERSION\=ios15.1
    export LLVM_TARGET_TRIPLE_VENDOR\=apple
    export LM_AUX_CONST_METADATA_LIST_PATH_normal_arm64\=/Users/viveksarkar/Library/Developer/Xcode/DerivedData/Hatari-crnaywjepgfrrcdspvkwustrehyb/Build/Intermediates.noindex/Hatari.build/Debug-iphoneos/Hatari.build/Objects-normal/arm64/Hatari.SwiftConstValuesFileList
    export LOCALIZATION_EXPORT_SUPPORTED\=YES
    export LOCALIZATION_PREFERS_STRING_CATALOGS\=NO
    export LOCALIZED_RESOURCES_FOLDER_PATH\=Hatari.app/en.lproj
    export LOCALIZED_STRING_MACRO_NAMES\=NSLocalizedString\ CFCopyLocalizedString
    export LOCALIZED_STRING_SWIFTUI_SUPPORT\=YES
    export LOCAL_ADMIN_APPS_DIR\=/Applications/Utilities
    export LOCAL_APPS_DIR\=/Applications
    export LOCAL_DEVELOPER_DIR\=/Library/Developer
    export LOCAL_LIBRARY_DIR\=/Library
    export LOCROOT\=/Users/viveksarkar/Desktop/Hatari_app/ios
    export LOCSYMROOT\=/Users/viveksarkar/Desktop/Hatari_app/ios
    export MACH_O_TYPE\=mh_execute
    export MAC_OS_X_PRODUCT_BUILD_VERSION\=25C56
    export MAC_OS_X_VERSION_ACTUAL\=260200
    export MAC_OS_X_VERSION_MAJOR\=260000
    export MAC_OS_X_VERSION_MINOR\=260200
    export MAKE_MERGEABLE\=NO
    export MARKETING_VERSION\=1.0
    export MERGEABLE_LIBRARY\=NO
    export MERGED_BINARY_TYPE\=none
    export MERGE_LINKED_LIBRARIES\=NO
    export METAL_LIBRARY_FILE_BASE\=default
    export METAL_LIBRARY_OUTPUT_DIR\=/Users/viveksarkar/Library/Developer/Xcode/DerivedData/Hatari-crnaywjepgfrrcdspvkwustrehyb/Build/Products/Debug-iphoneos/Hatari.app
    export MODULES_FOLDER_PATH\=Hatari.app/Modules
    export MODULE_CACHE_DIR\=/Users/viveksarkar/Library/Developer/Xcode/DerivedData/ModuleCache.noindex
    export MTL_ENABLE_DEBUG_INFO\=YES
    export NATIVE_ARCH\=arm64
    export NATIVE_ARCH_32_BIT\=arm
    export NATIVE_ARCH_64_BIT\=arm64
    export NATIVE_ARCH_ACTUAL\=arm64
    export NO_COMMON\=YES
    export OBJECT_FILE_DIR\=/Users/viveksarkar/Library/Developer/Xcode/DerivedData/Hatari-crnaywjepgfrrcdspvkwustrehyb/Build/Intermediates.noindex/Hatari.build/Debug-iphoneos/Hatari.build/Objects
    export OBJECT_FILE_DIR_normal\=/Users/viveksarkar/Library/Developer/Xcode/DerivedData/Hatari-crnaywjepgfrrcdspvkwustrehyb/Build/Intermediates.noindex/Hatari.build/Debug-iphoneos/Hatari.build/Objects-normal
    export OBJROOT\=/Users/viveksarkar/Library/Developer/Xcode/DerivedData/Hatari-crnaywjepgfrrcdspvkwustrehyb/Build/Intermediates.noindex
    export ONLY_ACTIVE_ARCH\=NO
    export OS\=MACOS
    export OSAC\=/usr/bin/osacompile
    export OTHER_CFLAGS\=\ -fmodule-map-file\=\"/Users/viveksarkar/Library/Developer/Xcode/DerivedData/Hatari-crnaywjepgfrrcdspvkwustrehyb/Build/Products/Debug-iphoneos/react-native-geolocation-service/react_native_geolocation_service.modulemap\"\ -fmodule-map-file\=\"/Users/viveksarkar/Desktop/Hatari_app/ios/Pods/Headers/Public/DoubleConversion/DoubleConversion.modulemap\"\ -fmodule-map-file\=\"/Users/viveksarkar/Desktop/Hatari_app/ios/Pods/Headers/Public/RCTDeprecation/RCTDeprecation.modulemap\"\ -fmodule-map-file\=\"/Users/viveksarkar/Desktop/Hatari_app/ios/Pods/Headers/Public/RCTFabric/React-RCTFabric.modulemap\"\ -fmodule-map-file\=\"/Users/viveksarkar/Desktop/Hatari_app/ios/Pods/Headers/Public/RCTRuntime/React-RCTRuntime.modulemap\"\ -fmodule-map-file\=\"/Users/viveksarkar/Desktop/Hatari_app/ios/Pods/Headers/Public/RCTTypeSafety/RCTTypeSafety.modulemap\"\ -fmodule-map-file\=\"/Users/viveksarkar/Desktop/Hatari_app/ios/Pods/Headers/Public/React/React-Core.modulemap\"\ -fmodule-map-file\=\"/Users/viveksarkar/Desktop/Hatari_app/ios/Pods/Headers/Public/ReactAppDependencyProvider/ReactAppDependencyProvider.modulemap\"\ -fmodule-map-file\=\"/Users/viveksarkar/Desktop/Hatari_app/ios/Pods/Headers/Public/ReactCodegen/ReactCodegen.modulemap\"\ -fmodule-map-file\=\"/Users/viveksarkar/Desktop/Hatari_app/ios/Pods/Headers/Public/ReactCommon/ReactCommon.modulemap\"\ -fmodule-map-file\=\"/Users/viveksarkar/Desktop/Hatari_app/ios/Pods/Headers/Public/React_Fabric/React-Fabric.modulemap\"\ -fmodule-map-file\=\"/Users/viveksarkar/Desktop/Hatari_app/ios/Pods/Headers/Public/React_FabricComponents/React-FabricComponents.modulemap\"\ -fmodule-map-file\=\"/Users/viveksarkar/Desktop/Hatari_app/ios/Pods/Headers/Public/React_NativeModulesApple/React-NativeModulesApple.modulemap\"\ -fmodule-map-file\=\"/Users/viveksarkar/Desktop/Hatari_app/ios/Pods/Headers/Public/React_RCTAppDelegate/React-RCTAppDelegate.modulemap\"\ -fmodule-map-file\=\"/Users/viveksarkar/Desktop/Hatari_app/ios/Pods/Headers/Public/folly/RCT-Folly.modulemap\"\ -fmodule-map-file\=\"/Users/viveksarkar/Desktop/Hatari_app/ios/Pods/Headers/Public/glog/glog.modulemap\"\ -fmodule-map-file\=\"/Users/viveksarkar/Desktop/Hatari_app/ios/Pods/Headers/Public/jsi/React-jsi.modulemap\"\ -fmodule-map-file\=\"/Users/viveksarkar/Desktop/Hatari_app/ios/Pods/Headers/Public/jsinspector_modern/React-jsinspector.modulemap\"\ -fmodule-map-file\=\"/Users/viveksarkar/Desktop/Hatari_app/ios/Pods/Headers/Public/jsinspector_modern_tracing/React-jsinspectortracing.modulemap\"\ -fmodule-map-file\=\"/Users/viveksarkar/Desktop/Hatari_app/ios/Pods/Headers/Public/react_debug/React-debug.modulemap\"\ -fmodule-map-file\=\"/Users/viveksarkar/Desktop/Hatari_app/ios/Pods/Headers/Public/react_featureflags/React-featureflags.modulemap\"\ -fmodule-map-file\=\"/Users/viveksarkar/Desktop/Hatari_app/ios/Pods/Headers/Public/react_nativemodule_defaults/React-defaultsnativemodule.modulemap\"\ -fmodule-map-file\=\"/Users/viveksarkar/Desktop/Hatari_app/ios/Pods/Headers/Public/react_nativemodule_dom/React-domnativemodule.modulemap\"\ -fmodule-map-file\=\"/Users/viveksarkar/Desktop/Hatari_app/ios/Pods/Headers/Public/react_nativemodule_featureflags/React-featureflagsnativemodule.modulemap\"\ -fmodule-map-file\=\"/Users/viveksarkar/Desktop/Hatari_app/ios/Pods/Headers/Public/react_nativemodule_idlecallbacks/React-idlecallbacksnativemodule.modulemap\"\ -fmodule-map-file\=\"/Users/viveksarkar/Desktop/Hatari_app/ios/Pods/Headers/Public/react_nativemodule_microtasks/React-microtasksnativemodule.modulemap\"\ -fmodule-map-file\=\"/Users/viveksarkar/Desktop/Hatari_app/ios/Pods/Headers/Public/react_renderer_css/React-renderercss.modulemap\"\ -fmodule-map-file\=\"/Users/viveksarkar/Desktop/Hatari_app/ios/Pods/Headers/Public/react_renderer_debug/React-rendererdebug.modulemap\"\ -fmodule-map-file\=\"/Users/viveksarkar/Desktop/Hatari_app/ios/Pods/Headers/Public/react_renderer_graphics/React-graphics.modulemap\"\ -fmodule-map-file\=\"/Users/viveksarkar/Desktop/Hatari_app/ios/Pods/Headers/Public/react_renderer_imagemanager/React-ImageManager.modulemap\"\ -fmodule-map-file\=\"/Users/viveksarkar/Desktop/Hatari_app/ios/Pods/Headers/Public/react_runtime/React-jsitooling.modulemap\"\ -fmodule-map-file\=\"/Users/viveksarkar/Desktop/Hatari_app/ios/Pods/Headers/Public/react_utils/React-utils.modulemap\"\ -fmodule-map-file\=\"/Users/viveksarkar/Desktop/Hatari_app/ios/Pods/Headers/Public/reacthermes/React-hermes.modulemap\"\ -fmodule-map-file\=\"/Users/viveksarkar/Desktop/Hatari_app/ios/Pods/Headers/Public/yoga/Yoga.modulemap\"\ \ \ -DREACT_NATIVE_MINOR_VERSION\=79\ \ -DREACT_NATIVE_MINOR_VERSION\=79
    export OTHER_CPLUSPLUSFLAGS\=\ -fmodule-map-file\=\"/Users/viveksarkar/Library/Developer/Xcode/DerivedData/Hatari-crnaywjepgfrrcdspvkwustrehyb/Build/Products/Debug-iphoneos/react-native-geolocation-service/react_native_geolocation_service.modulemap\"\ -fmodule-map-file\=\"/Users/viveksarkar/Desktop/Hatari_app/ios/Pods/Headers/Public/DoubleConversion/DoubleConversion.modulemap\"\ -fmodule-map-file\=\"/Users/viveksarkar/Desktop/Hatari_app/ios/Pods/Headers/Public/RCTDeprecation/RCTDeprecation.modulemap\"\ -fmodule-map-file\=\"/Users/viveksarkar/Desktop/Hatari_app/ios/Pods/Headers/Public/RCTFabric/React-RCTFabric.modulemap\"\ -fmodule-map-file\=\"/Users/viveksarkar/Desktop/Hatari_app/ios/Pods/Headers/Public/RCTRuntime/React-RCTRuntime.modulemap\"\ -fmodule-map-file\=\"/Users/viveksarkar/Desktop/Hatari_app/ios/Pods/Headers/Public/RCTTypeSafety/RCTTypeSafety.modulemap\"\ -fmodule-map-file\=\"/Users/viveksarkar/Desktop/Hatari_app/ios/Pods/Headers/Public/React/React-Core.modulemap\"\ -fmodule-map-file\=\"/Users/viveksarkar/Desktop/Hatari_app/ios/Pods/Headers/Public/ReactAppDependencyProvider/ReactAppDependencyProvider.modulemap\"\ -fmodule-map-file\=\"/Users/viveksarkar/Desktop/Hatari_app/ios/Pods/Headers/Public/ReactCodegen/ReactCodegen.modulemap\"\ -fmodule-map-file\=\"/Users/viveksarkar/Desktop/Hatari_app/ios/Pods/Headers/Public/ReactCommon/ReactCommon.modulemap\"\ -fmodule-map-file\=\"/Users/viveksarkar/Desktop/Hatari_app/ios/Pods/Headers/Public/React_Fabric/React-Fabric.modulemap\"\ -fmodule-map-file\=\"/Users/viveksarkar/Desktop/Hatari_app/ios/Pods/Headers/Public/React_FabricComponents/React-FabricComponents.modulemap\"\ -fmodule-map-file\=\"/Users/viveksarkar/Desktop/Hatari_app/ios/Pods/Headers/Public/React_NativeModulesApple/React-NativeModulesApple.modulemap\"\ -fmodule-map-file\=\"/Users/viveksarkar/Desktop/Hatari_app/ios/Pods/Headers/Public/React_RCTAppDelegate/React-RCTAppDelegate.modulemap\"\ -fmodule-map-file\=\"/Users/viveksarkar/Desktop/Hatari_app/ios/Pods/Headers/Public/folly/RCT-Folly.modulemap\"\ -fmodule-map-file\=\"/Users/viveksarkar/Desktop/Hatari_app/ios/Pods/Headers/Public/glog/glog.modulemap\"\ -fmodule-map-file\=\"/Users/viveksarkar/Desktop/Hatari_app/ios/Pods/Headers/Public/jsi/React-jsi.modulemap\"\ -fmodule-map-file\=\"/Users/viveksarkar/Desktop/Hatari_app/ios/Pods/Headers/Public/jsinspector_modern/React-jsinspector.modulemap\"\ -fmodule-map-file\=\"/Users/viveksarkar/Desktop/Hatari_app/ios/Pods/Headers/Public/jsinspector_modern_tracing/React-jsinspectortracing.modulemap\"\ -fmodule-map-file\=\"/Users/viveksarkar/Desktop/Hatari_app/ios/Pods/Headers/Public/react_debug/React-debug.modulemap\"\ -fmodule-map-file\=\"/Users/viveksarkar/Desktop/Hatari_app/ios/Pods/Headers/Public/react_featureflags/React-featureflags.modulemap\"\ -fmodule-map-file\=\"/Users/viveksarkar/Desktop/Hatari_app/ios/Pods/Headers/Public/react_nativemodule_defaults/React-defaultsnativemodule.modulemap\"\ -fmodule-map-file\=\"/Users/viveksarkar/Desktop/Hatari_app/ios/Pods/Headers/Public/react_nativemodule_dom/React-domnativemodule.modulemap\"\ -fmodule-map-file\=\"/Users/viveksarkar/Desktop/Hatari_app/ios/Pods/Headers/Public/react_nativemodule_featureflags/React-featureflagsnativemodule.modulemap\"\ -fmodule-map-file\=\"/Users/viveksarkar/Desktop/Hatari_app/ios/Pods/Headers/Public/react_nativemodule_idlecallbacks/React-idlecallbacksnativemodule.modulemap\"\ -fmodule-map-file\=\"/Users/viveksarkar/Desktop/Hatari_app/ios/Pods/Headers/Public/react_nativemodule_microtasks/React-microtasksnativemodule.modulemap\"\ -fmodule-map-file\=\"/Users/viveksarkar/Desktop/Hatari_app/ios/Pods/Headers/Public/react_renderer_css/React-renderercss.modulemap\"\ -fmodule-map-file\=\"/Users/viveksarkar/Desktop/Hatari_app/ios/Pods/Headers/Public/react_renderer_debug/React-rendererdebug.modulemap\"\ -fmodule-map-file\=\"/Users/viveksarkar/Desktop/Hatari_app/ios/Pods/Headers/Public/react_renderer_graphics/React-graphics.modulemap\"\ -fmodule-map-file\=\"/Users/viveksarkar/Desktop/Hatari_app/ios/Pods/Headers/Public/react_renderer_imagemanager/React-ImageManager.modulemap\"\ -fmodule-map-file\=\"/Users/viveksarkar/Desktop/Hatari_app/ios/Pods/Headers/Public/react_runtime/React-jsitooling.modulemap\"\ -fmodule-map-file\=\"/Users/viveksarkar/Desktop/Hatari_app/ios/Pods/Headers/Public/react_utils/React-utils.modulemap\"\ -fmodule-map-file\=\"/Users/viveksarkar/Desktop/Hatari_app/ios/Pods/Headers/Public/reacthermes/React-hermes.modulemap\"\ -fmodule-map-file\=\"/Users/viveksarkar/Desktop/Hatari_app/ios/Pods/Headers/Public/yoga/Yoga.modulemap\"\ \ \ -DREACT_NATIVE_MINOR_VERSION\=79\ \ -DREACT_NATIVE_MINOR_VERSION\=79\ -DFOLLY_NO_CONFIG\ -DFOLLY_MOBILE\=1\ -DFOLLY_USE_LIBCPP\=1\ -DFOLLY_CFG_NO_COROUTINES\=1\ -DFOLLY_HAVE_CLOCK_GETTIME\=1\ -DFOLLY_NO_CONFIG\ -DFOLLY_MOBILE\=1\ -DFOLLY_USE_LIBCPP\=1\ -DFOLLY_CFG_NO_COROUTINES\=1\ -DFOLLY_HAVE_CLOCK_GETTIME\=1\ -Wno-comma\ -Wno-shorten-64-to-32
    export OTHER_LDFLAGS\=\ \ \ -ObjC\ -l\"BVLinearGradient\"\ -l\"DoubleConversion\"\ -l\"RCT-Folly\"\ -l\"RCTDeprecation\"\ -l\"RCTTypeSafety\"\ -l\"RNCAsyncStorage\"\ -l\"RNDateTimePicker\"\ -l\"RNGestureHandler\"\ -l\"RNPermissions\"\ -l\"RNSVG\"\ -l\"RNScreens\"\ -l\"RNVectorIcons\"\ -l\"React-Core\"\ -l\"React-CoreModules\"\ -l\"React-Fabric\"\ -l\"React-FabricComponents\"\ -l\"React-FabricImage\"\ -l\"React-ImageManager\"\ -l\"React-Mapbuffer\"\ -l\"React-NativeModulesApple\"\ -l\"React-RCTAnimation\"\ -l\"React-RCTAppDelegate\"\ -l\"React-RCTBlob\"\ -l\"React-RCTFBReactNativeSpec\"\ -l\"React-RCTFabric\"\ -l\"React-RCTImage\"\ -l\"React-RCTLinking\"\ -l\"React-RCTNetwork\"\ -l\"React-RCTRuntime\"\ -l\"React-RCTSettings\"\ -l\"React-RCTText\"\ -l\"React-RCTVibration\"\ -l\"React-RuntimeApple\"\ -l\"React-RuntimeCore\"\ -l\"React-RuntimeHermes\"\ -l\"React-cxxreact\"\ -l\"React-debug\"\ -l\"React-defaultsnativemodule\"\ -l\"React-domnativemodule\"\ -l\"React-featureflags\"\ -l\"React-featureflagsnativemodule\"\ -l\"React-graphics\"\ -l\"React-hermes\"\ -l\"React-idlecallbacksnativemodule\"\ -l\"React-jserrorhandler\"\ -l\"React-jsi\"\ -l\"React-jsiexecutor\"\ -l\"React-jsinspector\"\ -l\"React-jsinspectortracing\"\ -l\"React-jsitooling\"\ -l\"React-logger\"\ -l\"React-microtasksnativemodule\"\ -l\"React-oscompat\"\ -l\"React-perflogger\"\ -l\"React-performancetimeline\"\ -l\"React-rendererconsistency\"\ -l\"React-renderercss\"\ -l\"React-rendererdebug\"\ -l\"React-runtimescheduler\"\ -l\"React-utils\"\ -l\"ReactAppDependencyProvider\"\ -l\"ReactCodegen\"\ -l\"ReactCommon\"\ -l\"SocketRocket\"\ -l\"Yoga\"\ -l\"c++\"\ -l\"c++abi\"\ -l\"fmt\"\ -l\"glog\"\ -l\"icucore\"\ -l\"react-native-blur\"\ -l\"react-native-geolocation\"\ -l\"react-native-geolocation-service\"\ -l\"react-native-maps\"\ -l\"react-native-netinfo\"\ -l\"react-native-safe-area-context\"\ -l\"react-native-version-check\"\ -framework\ \"Accelerate\"\ -framework\ \"AudioToolbox\"\ -framework\ \"CFNetwork\"\ -framework\ \"CoreGraphics\"\ -framework\ \"CoreLocation\"\ -framework\ \"Foundation\"\ -framework\ \"ImageIO\"\ -framework\ \"MobileCoreServices\"\ -framework\ \"QuartzCore\"\ -framework\ \"Security\"\ -framework\ \"UIKit\"\ -framework\ \"hermes\"\ -weak_framework\ \"JavaScriptCore\"\ -ObjC\ -lc++
    export OTHER_MODULE_VERIFIER_FLAGS\=\ \"-F/Users/viveksarkar/Library/Developer/Xcode/DerivedData/Hatari-crnaywjepgfrrcdspvkwustrehyb/Build/Products/Debug-iphoneos/BVLinearGradient\"\ \"-F/Users/viveksarkar/Library/Developer/Xcode/DerivedData/Hatari-crnaywjepgfrrcdspvkwustrehyb/Build/Products/Debug-iphoneos/DoubleConversion\"\ \"-F/Users/viveksarkar/Library/Developer/Xcode/DerivedData/Hatari-crnaywjepgfrrcdspvkwustrehyb/Build/Products/Debug-iphoneos/FBLazyVector\"\ \"-F/Users/viveksarkar/Library/Developer/Xcode/DerivedData/Hatari-crnaywjepgfrrcdspvkwustrehyb/Build/Products/Debug-iphoneos/RCT-Folly\"\ \"-F/Users/viveksarkar/Library/Developer/Xcode/DerivedData/Hatari-crnaywjepgfrrcdspvkwustrehyb/Build/Products/Debug-iphoneos/RCTDeprecation\"\ \"-F/Users/viveksarkar/Library/Developer/Xcode/DerivedData/Hatari-crnaywjepgfrrcdspvkwustrehyb/Build/Products/Debug-iphoneos/RCTRequired\"\ \"-F/Users/viveksarkar/Library/Developer/Xcode/DerivedData/Hatari-crnaywjepgfrrcdspvkwustrehyb/Build/Products/Debug-iphoneos/RCTTypeSafety\"\ \"-F/Users/viveksarkar/Library/Developer/Xcode/DerivedData/Hatari-crnaywjepgfrrcdspvkwustrehyb/Build/Products/Debug-iphoneos/RNCAsyncStorage\"\ \"-F/Users/viveksarkar/Library/Developer/Xcode/DerivedData/Hatari-crnaywjepgfrrcdspvkwustrehyb/Build/Products/Debug-iphoneos/RNDateTimePicker\"\ \"-F/Users/viveksarkar/Library/Developer/Xcode/DerivedData/Hatari-crnaywjepgfrrcdspvkwustrehyb/Build/Products/Debug-iphoneos/RNGestureHandler\"\ \"-F/Users/viveksarkar/Library/Developer/Xcode/DerivedData/Hatari-crnaywjepgfrrcdspvkwustrehyb/Build/Products/Debug-iphoneos/RNPermissions\"\ \"-F/Users/viveksarkar/Library/Developer/Xcode/DerivedData/Hatari-crnaywjepgfrrcdspvkwustrehyb/Build/Products/Debug-iphoneos/RNSVG\"\ \"-F/Users/viveksarkar/Library/Developer/Xcode/DerivedData/Hatari-crnaywjepgfrrcdspvkwustrehyb/Build/Products/Debug-iphoneos/RNScreens\"\ \"-F/Users/viveksarkar/Library/Developer/Xcode/DerivedData/Hatari-crnaywjepgfrrcdspvkwustrehyb/Build/Products/Debug-iphoneos/RNVectorIcons\"\ \"-F/Users/viveksarkar/Library/Developer/Xcode/DerivedData/Hatari-crnaywjepgfrrcdspvkwustrehyb/Build/Products/Debug-iphoneos/React\"\ \"-F/Users/viveksarkar/Library/Developer/Xcode/DerivedData/Hatari-crnaywjepgfrrcdspvkwustrehyb/Build/Products/Debug-iphoneos/React-Core\"\ \"-F/Users/viveksarkar/Library/Developer/Xcode/DerivedData/Hatari-crnaywjepgfrrcdspvkwustrehyb/Build/Products/Debug-iphoneos/React-CoreModules\"\ \"-F/Users/viveksarkar/Library/Developer/Xcode/DerivedData/Hatari-crnaywjepgfrrcdspvkwustrehyb/Build/Products/Debug-iphoneos/React-Fabric\"\ \"-F/Users/viveksarkar/Library/Developer/Xcode/DerivedData/Hatari-crnaywjepgfrrcdspvkwustrehyb/Build/Products/Debug-iphoneos/React-FabricComponents\"\ \"-F/Users/viveksarkar/Library/Developer/Xcode/DerivedData/Hatari-crnaywjepgfrrcdspvkwustrehyb/Build/Products/Debug-iphoneos/React-FabricImage\"\ \"-F/Users/viveksarkar/Library/Developer/Xcode/DerivedData/Hatari-crnaywjepgfrrcdspvkwustrehyb/Build/Products/Debug-iphoneos/React-ImageManager\"\ \"-F/Users/viveksarkar/Library/Developer/Xcode/DerivedData/Hatari-crnaywjepgfrrcdspvkwustrehyb/Build/Products/Debug-iphoneos/React-Mapbuffer\"\ \"-F/Users/viveksarkar/Library/Developer/Xcode/DerivedData/Hatari-crnaywjepgfrrcdspvkwustrehyb/Build/Products/Debug-iphoneos/React-NativeModulesApple\"\ \"-F/Users/viveksarkar/Library/Developer/Xcode/DerivedData/Hatari-crnaywjepgfrrcdspvkwustrehyb/Build/Products/Debug-iphoneos/React-RCTActionSheet\"\ \"-F/Users/viveksarkar/Library/Developer/Xcode/DerivedData/Hatari-crnaywjepgfrrcdspvkwustrehyb/Build/Products/Debug-iphoneos/React-RCTAnimation\"\ \"-F/Users/viveksarkar/Library/Developer/Xcode/DerivedData/Hatari-crnaywjepgfrrcdspvkwustrehyb/Build/Products/Debug-iphoneos/React-RCTAppDelegate\"\ \"-F/Users/viveksarkar/Library/Developer/Xcode/DerivedData/Hatari-crnaywjepgfrrcdspvkwustrehyb/Build/Products/Debug-iphoneos/React-RCTBlob\"\ \"-F/Users/viveksarkar/Library/Developer/Xcode/DerivedData/Hatari-crnaywjepgfrrcdspvkwustrehyb/Build/Products/Debug-iphoneos/React-RCTFBReactNativeSpec\"\ \"-F/Users/viveksarkar/Library/Developer/Xcode/DerivedData/Hatari-crnaywjepgfrrcdspvkwustrehyb/Build/Products/Debug-iphoneos/React-RCTFabric\"\ \"-F/Users/viveksarkar/Library/Developer/Xcode/DerivedData/Hatari-crnaywjepgfrrcdspvkwustrehyb/Build/Products/Debug-iphoneos/React-RCTImage\"\ \"-F/Users/viveksarkar/Library/Developer/Xcode/DerivedData/Hatari-crnaywjepgfrrcdspvkwustrehyb/Build/Products/Debug-iphoneos/React-RCTLinking\"\ \"-F/Users/viveksarkar/Library/Developer/Xcode/DerivedData/Hatari-crnaywjepgfrrcdspvkwustrehyb/Build/Products/Debug-iphoneos/React-RCTNetwork\"\ \"-F/Users/viveksarkar/Library/Developer/Xcode/DerivedData/Hatari-crnaywjepgfrrcdspvkwustrehyb/Build/Products/Debug-iphoneos/React-RCTRuntime\"\ \"-F/Users/viveksarkar/Library/Developer/Xcode/DerivedData/Hatari-crnaywjepgfrrcdspvkwustrehyb/Build/Products/Debug-iphoneos/React-RCTSettings\"\ \"-F/Users/viveksarkar/Library/Developer/Xcode/DerivedData/Hatari-crnaywjepgfrrcdspvkwustrehyb/Build/Products/Debug-iphoneos/React-RCTText\"\ \"-F/Users/viveksarkar/Library/Developer/Xcode/DerivedData/Hatari-crnaywjepgfrrcdspvkwustrehyb/Build/Products/Debug-iphoneos/React-RCTVibration\"\ \"-F/Users/viveksarkar/Library/Developer/Xcode/DerivedData/Hatari-crnaywjepgfrrcdspvkwustrehyb/Build/Products/Debug-iphoneos/React-RuntimeApple\"\ \"-F/Users/viveksarkar/Library/Developer/Xcode/DerivedData/Hatari-crnaywjepgfrrcdspvkwustrehyb/Build/Products/Debug-iphoneos/React-RuntimeCore\"\ \"-F/Users/viveksarkar/Library/Developer/Xcode/DerivedData/Hatari-crnaywjepgfrrcdspvkwustrehyb/Build/Products/Debug-iphoneos/React-RuntimeHermes\"\ \"-F/Users/viveksarkar/Library/Developer/Xcode/DerivedData/Hatari-crnaywjepgfrrcdspvkwustrehyb/Build/Products/Debug-iphoneos/React-callinvoker\"\ \"-F/Users/viveksarkar/Library/Developer/Xcode/DerivedData/Hatari-crnaywjepgfrrcdspvkwustrehyb/Build/Products/Debug-iphoneos/React-cxxreact\"\ \"-F/Users/viveksarkar/Library/Developer/Xcode/DerivedData/Hatari-crnaywjepgfrrcdspvkwustrehyb/Build/Products/Debug-iphoneos/React-debug\"\ \"-F/Users/viveksarkar/Library/Developer/Xcode/DerivedData/Hatari-crnaywjepgfrrcdspvkwustrehyb/Build/Products/Debug-iphoneos/React-defaultsnativemodule\"\ \"-F/Users/viveksarkar/Library/Developer/Xcode/DerivedData/Hatari-crnaywjepgfrrcdspvkwustrehyb/Build/Products/Debug-iphoneos/React-domnativemodule\"\ \"-F/Users/viveksarkar/Library/Developer/Xcode/DerivedData/Hatari-crnaywjepgfrrcdspvkwustrehyb/Build/Products/Debug-iphoneos/React-featureflags\"\ \"-F/Users/viveksarkar/Library/Developer/Xcode/DerivedData/Hatari-crnaywjepgfrrcdspvkwustrehyb/Build/Products/Debug-iphoneos/React-featureflagsnativemodule\"\ \"-F/Users/viveksarkar/Library/Developer/Xcode/DerivedData/Hatari-crnaywjepgfrrcdspvkwustrehyb/Build/Products/Debug-iphoneos/React-graphics\"\ \"-F/Users/viveksarkar/Library/Developer/Xcode/DerivedData/Hatari-crnaywjepgfrrcdspvkwustrehyb/Build/Products/Debug-iphoneos/React-hermes\"\ \"-F/Users/viveksarkar/Library/Developer/Xcode/DerivedData/Hatari-crnaywjepgfrrcdspvkwustrehyb/Build/Products/Debug-iphoneos/React-idlecallbacksnativemodule\"\ \"-F/Users/viveksarkar/Library/Developer/Xcode/DerivedData/Hatari-crnaywjepgfrrcdspvkwustrehyb/Build/Products/Debug-iphoneos/React-jserrorhandler\"\ \"-F/Users/viveksarkar/Library/Developer/Xcode/DerivedData/Hatari-crnaywjepgfrrcdspvkwustrehyb/Build/Products/Debug-iphoneos/React-jsi\"\ \"-F/Users/viveksarkar/Library/Developer/Xcode/DerivedData/Hatari-crnaywjepgfrrcdspvkwustrehyb/Build/Products/Debug-iphoneos/React-jsiexecutor\"\ \"-F/Users/viveksarkar/Library/Developer/Xcode/DerivedData/Hatari-crnaywjepgfrrcdspvkwustrehyb/Build/Products/Debug-iphoneos/React-jsinspector\"\ \"-F/Users/viveksarkar/Library/Developer/Xcode/DerivedData/Hatari-crnaywjepgfrrcdspvkwustrehyb/Build/Products/Debug-iphoneos/React-jsinspectortracing\"\ \"-F/Users/viveksarkar/Library/Developer/Xcode/DerivedData/Hatari-crnaywjepgfrrcdspvkwustrehyb/Build/Products/Debug-iphoneos/React-jsitooling\"\ \"-F/Users/viveksarkar/Library/Developer/Xcode/DerivedData/Hatari-crnaywjepgfrrcdspvkwustrehyb/Build/Products/Debug-iphoneos/React-jsitracing\"\ \"-F/Users/viveksarkar/Library/Developer/Xcode/DerivedData/Hatari-crnaywjepgfrrcdspvkwustrehyb/Build/Products/Debug-iphoneos/React-logger\"\ \"-F/Users/viveksarkar/Library/Developer/Xcode/DerivedData/Hatari-crnaywjepgfrrcdspvkwustrehyb/Build/Products/Debug-iphoneos/React-microtasksnativemodule\"\ \"-F/Users/viveksarkar/Library/Developer/Xcode/DerivedData/Hatari-crnaywjepgfrrcdspvkwustrehyb/Build/Products/Debug-iphoneos/React-oscompat\"\ \"-F/Users/viveksarkar/Library/Developer/Xcode/DerivedData/Hatari-crnaywjepgfrrcdspvkwustrehyb/Build/Products/Debug-iphoneos/React-perflogger\"\ \"-F/Users/viveksarkar/Library/Developer/Xcode/DerivedData/Hatari-crnaywjepgfrrcdspvkwustrehyb/Build/Products/Debug-iphoneos/React-performancetimeline\"\ \"-F/Users/viveksarkar/Library/Developer/Xcode/DerivedData/Hatari-crnaywjepgfrrcdspvkwustrehyb/Build/Products/Debug-iphoneos/React-rendererconsistency\"\ \"-F/Users/viveksarkar/Library/Developer/Xcode/DerivedData/Hatari-crnaywjepgfrrcdspvkwustrehyb/Build/Products/Debug-iphoneos/React-renderercss\"\ \"-F/Users/viveksarkar/Library/Developer/Xcode/DerivedData/Hatari-crnaywjepgfrrcdspvkwustrehyb/Build/Products/Debug-iphoneos/React-rendererdebug\"\ \"-F/Users/viveksarkar/Library/Developer/Xcode/DerivedData/Hatari-crnaywjepgfrrcdspvkwustrehyb/Build/Products/Debug-iphoneos/React-rncore\"\ \"-F/Users/viveksarkar/Library/Developer/Xcode/DerivedData/Hatari-crnaywjepgfrrcdspvkwustrehyb/Build/Products/Debug-iphoneos/React-runtimeexecutor\"\ \"-F/Users/viveksarkar/Library/Developer/Xcode/DerivedData/Hatari-crnaywjepgfrrcdspvkwustrehyb/Build/Products/Debug-iphoneos/React-runtimescheduler\"\ \"-F/Users/viveksarkar/Library/Developer/Xcode/DerivedData/Hatari-crnaywjepgfrrcdspvkwustrehyb/Build/Products/Debug-iphoneos/React-timing\"\ \"-F/Users/viveksarkar/Library/Developer/Xcode/DerivedData/Hatari-crnaywjepgfrrcdspvkwustrehyb/Build/Products/Debug-iphoneos/React-utils\"\ \"-F/Users/viveksarkar/Library/Developer/Xcode/DerivedData/Hatari-crnaywjepgfrrcdspvkwustrehyb/Build/Products/Debug-iphoneos/ReactAppDependencyProvider\"\ \"-F/Users/viveksarkar/Library/Developer/Xcode/DerivedData/Hatari-crnaywjepgfrrcdspvkwustrehyb/Build/Products/Debug-iphoneos/ReactCodegen\"\ \"-F/Users/viveksarkar/Library/Developer/Xcode/DerivedData/Hatari-crnaywjepgfrrcdspvkwustrehyb/Build/Products/Debug-iphoneos/ReactCommon\"\ \"-F/Users/viveksarkar/Library/Developer/Xcode/DerivedData/Hatari-crnaywjepgfrrcdspvkwustrehyb/Build/Products/Debug-iphoneos/SocketRocket\"\ \"-F/Users/viveksarkar/Library/Developer/Xcode/DerivedData/Hatari-crnaywjepgfrrcdspvkwustrehyb/Build/Products/Debug-iphoneos/Yoga\"\ \"-F/Users/viveksarkar/Library/Developer/Xcode/DerivedData/Hatari-crnaywjepgfrrcdspvkwustrehyb/Build/Products/Debug-iphoneos/boost\"\ \"-F/Users/viveksarkar/Library/Developer/Xcode/DerivedData/Hatari-crnaywjepgfrrcdspvkwustrehyb/Build/Products/Debug-iphoneos/fast_float\"\ \"-F/Users/viveksarkar/Library/Developer/Xcode/DerivedData/Hatari-crnaywjepgfrrcdspvkwustrehyb/Build/Products/Debug-iphoneos/fmt\"\ \"-F/Users/viveksarkar/Library/Developer/Xcode/DerivedData/Hatari-crnaywjepgfrrcdspvkwustrehyb/Build/Products/Debug-iphoneos/glog\"\ \"-F/Users/viveksarkar/Library/Developer/Xcode/DerivedData/Hatari-crnaywjepgfrrcdspvkwustrehyb/Build/Products/Debug-iphoneos/hermes-engine\"\ \"-F/Users/viveksarkar/Library/Developer/Xcode/DerivedData/Hatari-crnaywjepgfrrcdspvkwustrehyb/Build/Products/Debug-iphoneos/react-native-blur\"\ \"-F/Users/viveksarkar/Library/Developer/Xcode/DerivedData/Hatari-crnaywjepgfrrcdspvkwustrehyb/Build/Products/Debug-iphoneos/react-native-geolocation\"\ \"-F/Users/viveksarkar/Library/Developer/Xcode/DerivedData/Hatari-crnaywjepgfrrcdspvkwustrehyb/Build/Products/Debug-iphoneos/react-native-geolocation-service\"\ \"-F/Users/viveksarkar/Library/Developer/Xcode/DerivedData/Hatari-crnaywjepgfrrcdspvkwustrehyb/Build/Products/Debug-iphoneos/react-native-maps\"\ \"-F/Users/viveksarkar/Library/Developer/Xcode/DerivedData/Hatari-crnaywjepgfrrcdspvkwustrehyb/Build/Products/Debug-iphoneos/react-native-netinfo\"\ \"-F/Users/viveksarkar/Library/Developer/Xcode/DerivedData/Hatari-crnaywjepgfrrcdspvkwustrehyb/Build/Products/Debug-iphoneos/react-native-safe-area-context\"\ \"-F/Users/viveksarkar/Library/Developer/Xcode/DerivedData/Hatari-crnaywjepgfrrcdspvkwustrehyb/Build/Products/Debug-iphoneos/react-native-version-check\"
    export OTHER_SWIFT_FLAGS\=\ -D\ COCOAPODS\ -Xcc\ -fmodule-map-file\=\"/Users/viveksarkar/Library/Developer/Xcode/DerivedData/Hatari-crnaywjepgfrrcdspvkwustrehyb/Build/Products/Debug-iphoneos/react-native-geolocation-service/react_native_geolocation_service.modulemap\"\ -Xcc\ -fmodule-map-file\=\"/Users/viveksarkar/Desktop/Hatari_app/ios/Pods/Headers/Public/DoubleConversion/DoubleConversion.modulemap\"\ -Xcc\ -fmodule-map-file\=\"/Users/viveksarkar/Desktop/Hatari_app/ios/Pods/Headers/Public/RCTDeprecation/RCTDeprecation.modulemap\"\ -Xcc\ -fmodule-map-file\=\"/Users/viveksarkar/Desktop/Hatari_app/ios/Pods/Headers/Public/RCTFabric/React-RCTFabric.modulemap\"\ -Xcc\ -fmodule-map-file\=\"/Users/viveksarkar/Desktop/Hatari_app/ios/Pods/Headers/Public/RCTRuntime/React-RCTRuntime.modulemap\"\ -Xcc\ -fmodule-map-file\=\"/Users/viveksarkar/Desktop/Hatari_app/ios/Pods/Headers/Public/RCTTypeSafety/RCTTypeSafety.modulemap\"\ -Xcc\ -fmodule-map-file\=\"/Users/viveksarkar/Desktop/Hatari_app/ios/Pods/Headers/Public/React/React-Core.modulemap\"\ -Xcc\ -fmodule-map-file\=\"/Users/viveksarkar/Desktop/Hatari_app/ios/Pods/Headers/Public/ReactAppDependencyProvider/ReactAppDependencyProvider.modulemap\"\ -Xcc\ -fmodule-map-file\=\"/Users/viveksarkar/Desktop/Hatari_app/ios/Pods/Headers/Public/ReactCodegen/ReactCodegen.modulemap\"\ -Xcc\ -fmodule-map-file\=\"/Users/viveksarkar/Desktop/Hatari_app/ios/Pods/Headers/Public/ReactCommon/ReactCommon.modulemap\"\ -Xcc\ -fmodule-map-file\=\"/Users/viveksarkar/Desktop/Hatari_app/ios/Pods/Headers/Public/React_Fabric/React-Fabric.modulemap\"\ -Xcc\ -fmodule-map-file\=\"/Users/viveksarkar/Desktop/Hatari_app/ios/Pods/Headers/Public/React_FabricComponents/React-FabricComponents.modulemap\"\ -Xcc\ -fmodule-map-file\=\"/Users/viveksarkar/Desktop/Hatari_app/ios/Pods/Headers/Public/React_NativeModulesApple/React-NativeModulesApple.modulemap\"\ -Xcc\ -fmodule-map-file\=\"/Users/viveksarkar/Desktop/Hatari_app/ios/Pods/Headers/Public/React_RCTAppDelegate/React-RCTAppDelegate.modulemap\"\ -Xcc\ -fmodule-map-file\=\"/Users/viveksarkar/Desktop/Hatari_app/ios/Pods/Headers/Public/folly/RCT-Folly.modulemap\"\ -Xcc\ -fmodule-map-file\=\"/Users/viveksarkar/Desktop/Hatari_app/ios/Pods/Headers/Public/glog/glog.modulemap\"\ -Xcc\ -fmodule-map-file\=\"/Users/viveksarkar/Desktop/Hatari_app/ios/Pods/Headers/Public/jsi/React-jsi.modulemap\"\ -Xcc\ -fmodule-map-file\=\"/Users/viveksarkar/Desktop/Hatari_app/ios/Pods/Headers/Public/jsinspector_modern/React-jsinspector.modulemap\"\ -Xcc\ -fmodule-map-file\=\"/Users/viveksarkar/Desktop/Hatari_app/ios/Pods/Headers/Public/jsinspector_modern_tracing/React-jsinspectortracing.modulemap\"\ -Xcc\ -fmodule-map-file\=\"/Users/viveksarkar/Desktop/Hatari_app/ios/Pods/Headers/Public/react_debug/React-debug.modulemap\"\ -Xcc\ -fmodule-map-file\=\"/Users/viveksarkar/Desktop/Hatari_app/ios/Pods/Headers/Public/react_featureflags/React-featureflags.modulemap\"\ -Xcc\ -fmodule-map-file\=\"/Users/viveksarkar/Desktop/Hatari_app/ios/Pods/Headers/Public/react_nativemodule_defaults/React-defaultsnativemodule.modulemap\"\ -Xcc\ -fmodule-map-file\=\"/Users/viveksarkar/Desktop/Hatari_app/ios/Pods/Headers/Public/react_nativemodule_dom/React-domnativemodule.modulemap\"\ -Xcc\ -fmodule-map-file\=\"/Users/viveksarkar/Desktop/Hatari_app/ios/Pods/Headers/Public/react_nativemodule_featureflags/React-featureflagsnativemodule.modulemap\"\ -Xcc\ -fmodule-map-file\=\"/Users/viveksarkar/Desktop/Hatari_app/ios/Pods/Headers/Public/react_nativemodule_idlecallbacks/React-idlecallbacksnativemodule.modulemap\"\ -Xcc\ -fmodule-map-file\=\"/Users/viveksarkar/Desktop/Hatari_app/ios/Pods/Headers/Public/react_nativemodule_microtasks/React-microtasksnativemodule.modulemap\"\ -Xcc\ -fmodule-map-file\=\"/Users/viveksarkar/Desktop/Hatari_app/ios/Pods/Headers/Public/react_renderer_css/React-renderercss.modulemap\"\ -Xcc\ -fmodule-map-file\=\"/Users/viveksarkar/Desktop/Hatari_app/ios/Pods/Headers/Public/react_renderer_debug/React-rendererdebug.modulemap\"\ -Xcc\ -fmodule-map-file\=\"/Users/viveksarkar/Desktop/Hatari_app/ios/Pods/Headers/Public/react_renderer_graphics/React-graphics.modulemap\"\ -Xcc\ -fmodule-map-file\=\"/Users/viveksarkar/Desktop/Hatari_app/ios/Pods/Headers/Public/react_renderer_imagemanager/React-ImageManager.modulemap\"\ -Xcc\ -fmodule-map-file\=\"/Users/viveksarkar/Desktop/Hatari_app/ios/Pods/Headers/Public/react_runtime/React-jsitooling.modulemap\"\ -Xcc\ -fmodule-map-file\=\"/Users/viveksarkar/Desktop/Hatari_app/ios/Pods/Headers/Public/react_utils/React-utils.modulemap\"\ -Xcc\ -fmodule-map-file\=\"/Users/viveksarkar/Desktop/Hatari_app/ios/Pods/Headers/Public/reacthermes/React-hermes.modulemap\"\ -Xcc\ -fmodule-map-file\=\"/Users/viveksarkar/Desktop/Hatari_app/ios/Pods/Headers/Public/yoga/Yoga.modulemap\"
    export PACKAGE_TYPE\=com.apple.package-type.wrapper.application
    export PASCAL_STRINGS\=YES
    export PATH\=/Applications/Xcode.app/Contents/SharedFrameworks/SwiftBuild.framework/Versions/A/PlugIns/SWBBuildService.bundle/Contents/PlugIns/SWBUniversalPlatformPlugin.bundle/Contents/Frameworks/SWBUniversalPlatform.framework/Resources:/Applications/Xcode.app/Contents/Developer/Toolchains/XcodeDefault.xctoolchain/usr/bin:/Applications/Xcode.app/Contents/Developer/Toolchains/XcodeDefault.xctoolchain/usr/local/bin:/Applications/Xcode.app/Contents/Developer/Toolchains/XcodeDefault.xctoolchain/usr/libexec:/Applications/Xcode.app/Contents/Developer/Platforms/iPhoneOS.platform/usr/bin:/Applications/Xcode.app/Contents/Developer/Platforms/iPhoneOS.platform/usr/local/bin:/Applications/Xcode.app/Contents/Developer/Platforms/iPhoneOS.platform/Developer/usr/bin:/Applications/Xcode.app/Contents/Developer/Platforms/iPhoneOS.platform/Developer/usr/local/bin:/Applications/Xcode.app/Contents/Developer/usr/bin:/Applications/Xcode.app/Contents/Developer/usr/local/bin:/Users/viveksarkar/Library/Application\ Support/Code/User/globalStorage/github.copilot-chat/debugCommand:/Users/viveksarkar/Library/Application\ Support/Code/User/globalStorage/github.copilot-chat/copilotCli:/opt/homebrew/bin:/opt/homebrew/sbin:/usr/local/bin:/System/Cryptexes/App/usr/bin:/usr/bin:/bin:/usr/sbin:/sbin:/var/run/com.apple.security.cryptexd/codex.system/bootstrap/usr/local/bin:/var/run/com.apple.security.cryptexd/codex.system/bootstrap/usr/bin:/var/run/com.apple.security.cryptexd/codex.system/bootstrap/usr/appleinternal/bin:/opt/pmk/env/global/bin:/Library/Apple/usr/bin
    export PATH_PREFIXES_EXCLUDED_FROM_HEADER_DEPENDENCIES\=/usr/include\ /usr/local/include\ /System/Library/Frameworks\ /System/Library/PrivateFrameworks\ /Applications/Xcode.app/Contents/Developer/Headers\ /Applications/Xcode.app/Contents/Developer/SDKs\ /Applications/Xcode.app/Contents/Developer/Platforms
    export PBDEVELOPMENTPLIST_PATH\=Hatari.app/pbdevelopment.plist
    export PER_ARCH_MODULE_FILE_DIR\=/Users/viveksarkar/Library/Developer/Xcode/DerivedData/Hatari-crnaywjepgfrrcdspvkwustrehyb/Build/Intermediates.noindex/Hatari.build/Debug-iphoneos/Hatari.build/Objects-normal/undefined_arch
    export PER_ARCH_OBJECT_FILE_DIR\=/Users/viveksarkar/Library/Developer/Xcode/DerivedData/Hatari-crnaywjepgfrrcdspvkwustrehyb/Build/Intermediates.noindex/Hatari.build/Debug-iphoneos/Hatari.build/Objects-normal/undefined_arch
    export PER_VARIANT_OBJECT_FILE_DIR\=/Users/viveksarkar/Library/Developer/Xcode/DerivedData/Hatari-crnaywjepgfrrcdspvkwustrehyb/Build/Intermediates.noindex/Hatari.build/Debug-iphoneos/Hatari.build/Objects-normal
    export PKGINFO_FILE_PATH\=/Users/viveksarkar/Library/Developer/Xcode/DerivedData/Hatari-crnaywjepgfrrcdspvkwustrehyb/Build/Intermediates.noindex/Hatari.build/Debug-iphoneos/Hatari.build/PkgInfo
    export PKGINFO_PATH\=Hatari.app/PkgInfo
    export PLATFORM_DEVELOPER_APPLICATIONS_DIR\=/Applications/Xcode.app/Contents/Developer/Platforms/iPhoneOS.platform/Developer/Applications
    export PLATFORM_DEVELOPER_BIN_DIR\=/Applications/Xcode.app/Contents/Developer/Platforms/iPhoneOS.platform/Developer/usr/bin
    export PLATFORM_DEVELOPER_LIBRARY_DIR\=/Applications/Xcode.app/Contents/Developer/Platforms/iPhoneOS.platform/Developer/Library
    export PLATFORM_DEVELOPER_SDK_DIR\=/Applications/Xcode.app/Contents/Developer/Platforms/iPhoneOS.platform/Developer/SDKs
    export PLATFORM_DEVELOPER_TOOLS_DIR\=/Applications/Xcode.app/Contents/Developer/Platforms/iPhoneOS.platform/Developer/Tools
    export PLATFORM_DEVELOPER_USR_DIR\=/Applications/Xcode.app/Contents/Developer/Platforms/iPhoneOS.platform/Developer/usr
    export PLATFORM_DIR\=/Applications/Xcode.app/Contents/Developer/Platforms/iPhoneOS.platform
    export PLATFORM_DISPLAY_NAME\=iOS
    export PLATFORM_FAMILY_NAME\=iOS
    export PLATFORM_NAME\=iphoneos
    export PLATFORM_PREFERRED_ARCH\=arm64
    export PLATFORM_PRODUCT_BUILD_VERSION\=23C53
    export PLATFORM_REQUIRES_SWIFT_AUTOLINK_EXTRACT\=NO
    export PLATFORM_REQUIRES_SWIFT_MODULEWRAP\=NO
    export PLIST_FILE_OUTPUT_FORMAT\=binary
    export PLUGINS_FOLDER_PATH\=Hatari.app/PlugIns
    export PODS_BUILD_DIR\=/Users/viveksarkar/Library/Developer/Xcode/DerivedData/Hatari-crnaywjepgfrrcdspvkwustrehyb/Build/Products
    export PODS_CONFIGURATION_BUILD_DIR\=/Users/viveksarkar/Library/Developer/Xcode/DerivedData/Hatari-crnaywjepgfrrcdspvkwustrehyb/Build/Products/Debug-iphoneos
    export PODS_PODFILE_DIR_PATH\=/Users/viveksarkar/Desktop/Hatari_app/ios/.
    export PODS_ROOT\=/Users/viveksarkar/Desktop/Hatari_app/ios/Pods
    export PODS_XCFRAMEWORKS_BUILD_DIR\=/Users/viveksarkar/Library/Developer/Xcode/DerivedData/Hatari-crnaywjepgfrrcdspvkwustrehyb/Build/Products/Debug-iphoneos/XCFrameworkIntermediates
    export PRECOMPS_INCLUDE_HEADERS_FROM_BUILT_PRODUCTS_DIR\=YES
    export PRECOMP_DESTINATION_DIR\=/Users/viveksarkar/Library/Developer/Xcode/DerivedData/Hatari-crnaywjepgfrrcdspvkwustrehyb/Build/Intermediates.noindex/Hatari.build/Debug-iphoneos/Hatari.build/PrefixHeaders
    export PRIVATE_HEADERS_FOLDER_PATH\=Hatari.app/PrivateHeaders
    export PROCESSED_INFOPLIST_PATH\=/Users/viveksarkar/Library/Developer/Xcode/DerivedData/Hatari-crnaywjepgfrrcdspvkwustrehyb/Build/Intermediates.noindex/Hatari.build/Debug-iphoneos/Hatari.build/Objects-normal/undefined_arch/Processed-Info.plist
    export PRODUCT_BUNDLE_IDENTIFIER\=com.hatari.restaurant.v1
    export PRODUCT_BUNDLE_PACKAGE_TYPE\=APPL
    export PRODUCT_MODULE_NAME\=Hatari
    export PRODUCT_NAME\=Hatari
    export PRODUCT_SETTINGS_PATH\=/Users/viveksarkar/Desktop/Hatari_app/ios/Hatari/Info.plist
    export PRODUCT_TYPE\=com.apple.product-type.application
    export PROFILING_CODE\=NO
    export PROJECT\=Hatari
    export PROJECT_DERIVED_FILE_DIR\=/Users/viveksarkar/Library/Developer/Xcode/DerivedData/Hatari-crnaywjepgfrrcdspvkwustrehyb/Build/Intermediates.noindex/Hatari.build/DerivedSources
    export PROJECT_DIR\=/Users/viveksarkar/Desktop/Hatari_app/ios
    export PROJECT_FILE_PATH\=/Users/viveksarkar/Desktop/Hatari_app/ios/Hatari.xcodeproj
    export PROJECT_GUID\=7b8eb6a7c5ef25999894b111a6bb7033
    export PROJECT_NAME\=Hatari
    export PROJECT_TEMP_DIR\=/Users/viveksarkar/Library/Developer/Xcode/DerivedData/Hatari-crnaywjepgfrrcdspvkwustrehyb/Build/Intermediates.noindex/Hatari.build
    export PROJECT_TEMP_ROOT\=/Users/viveksarkar/Library/Developer/Xcode/DerivedData/Hatari-crnaywjepgfrrcdspvkwustrehyb/Build/Intermediates.noindex
    export PROVISIONING_PROFILE_REQUIRED\=YES
    export PROVISIONING_PROFILE_REQUIRED_YES_YES\=YES
    export PROVISIONING_PROFILE_SUPPORTED\=YES
    export PUBLIC_HEADERS_FOLDER_PATH\=Hatari.app/Headers
    export REACT_NATIVE_PATH\=/Users/viveksarkar/Desktop/Hatari_app/ios/Pods/../../node_modules/react-native
    export RECOMMENDED_IPHONEOS_DEPLOYMENT_TARGET\=15.0
    export RECURSIVE_SEARCH_PATHS_FOLLOW_SYMLINKS\=YES
    export REMOVE_CVS_FROM_RESOURCES\=YES
    export REMOVE_GIT_FROM_RESOURCES\=YES
    export REMOVE_HEADERS_FROM_EMBEDDED_BUNDLES\=YES
    export REMOVE_HG_FROM_RESOURCES\=YES
    export REMOVE_STATIC_EXECUTABLES_FROM_EMBEDDED_BUNDLES\=YES
    export REMOVE_SVN_FROM_RESOURCES\=YES
    export RESCHEDULE_INDEPENDENT_HEADERS_PHASES\=YES
    export REZ_COLLECTOR_DIR\=/Users/viveksarkar/Library/Developer/Xcode/DerivedData/Hatari-crnaywjepgfrrcdspvkwustrehyb/Build/Intermediates.noindex/Hatari.build/Debug-iphoneos/Hatari.build/ResourceManagerResources
    export REZ_OBJECTS_DIR\=/Users/viveksarkar/Library/Developer/Xcode/DerivedData/Hatari-crnaywjepgfrrcdspvkwustrehyb/Build/Intermediates.noindex/Hatari.build/Debug-iphoneos/Hatari.build/ResourceManagerResources/Objects
    export REZ_SEARCH_PATHS\=/Users/viveksarkar/Library/Developer/Xcode/DerivedData/Hatari-crnaywjepgfrrcdspvkwustrehyb/Build/Products/Debug-iphoneos\ 
    export RUNTIME_EXCEPTION_ALLOW_DYLD_ENVIRONMENT_VARIABLES\=NO
    export RUNTIME_EXCEPTION_ALLOW_JIT\=NO
    export RUNTIME_EXCEPTION_ALLOW_UNSIGNED_EXECUTABLE_MEMORY\=NO
    export RUNTIME_EXCEPTION_DEBUGGING_TOOL\=NO
    export RUNTIME_EXCEPTION_DISABLE_EXECUTABLE_PAGE_PROTECTION\=NO
    export RUNTIME_EXCEPTION_DISABLE_LIBRARY_VALIDATION\=NO
    export SCAN_ALL_SOURCE_FILES_FOR_INCLUDES\=NO
    export SCRIPTS_FOLDER_PATH\=Hatari.app/Scripts
    export SCRIPT_INPUT_FILE_0\=/Users/viveksarkar/Desktop/Hatari_app/ios/.xcode.env.local
    export SCRIPT_INPUT_FILE_1\=/Users/viveksarkar/Desktop/Hatari_app/ios/.xcode.env
    export SCRIPT_INPUT_FILE_COUNT\=2
    export SCRIPT_INPUT_FILE_LIST_COUNT\=0
    export SCRIPT_OUTPUT_FILE_COUNT\=0
    export SCRIPT_OUTPUT_FILE_LIST_COUNT\=0
    export SDKROOT\=/Applications/Xcode.app/Contents/Developer/Platforms/iPhoneOS.platform/Developer/SDKs/iPhoneOS26.2.sdk
    export SDK_DIR\=/Applications/Xcode.app/Contents/Developer/Platforms/iPhoneOS.platform/Developer/SDKs/iPhoneOS26.2.sdk
    export SDK_DIR_iphoneos\=/Applications/Xcode.app/Contents/Developer/Platforms/iPhoneOS.platform/Developer/SDKs/iPhoneOS26.2.sdk
    export SDK_DIR_iphoneos26_2\=/Applications/Xcode.app/Contents/Developer/Platforms/iPhoneOS.platform/Developer/SDKs/iPhoneOS26.2.sdk
    export SDK_NAME\=iphoneos26.2
    export SDK_NAMES\=iphoneos26.2
    export SDK_PRODUCT_BUILD_VERSION\=23C53
    export SDK_STAT_CACHE_DIR\=/Users/viveksarkar/Library/Developer/Xcode/DerivedData
    export SDK_STAT_CACHE_ENABLE\=YES
    export SDK_STAT_CACHE_PATH\=/Users/viveksarkar/Library/Developer/Xcode/DerivedData/SDKStatCaches.noindex/iphoneos26.2-23C53-3794476bd08197c3e2abd9bb477ef7f7.sdkstatcache
    export SDK_VERSION\=26.2
    export SDK_VERSION_ACTUAL\=260200
    export SDK_VERSION_MAJOR\=260000
    export SDK_VERSION_MINOR\=260200
    export SED\=/usr/bin/sed
    export SEPARATE_STRIP\=NO
    export SEPARATE_SYMBOL_EDIT\=NO
    export SET_DIR_MODE_OWNER_GROUP\=YES
    export SET_FILE_MODE_OWNER_GROUP\=NO
    export SHALLOW_BUNDLE\=YES
    export SHALLOW_BUNDLE_TRIPLE\=ios
    export SHALLOW_BUNDLE_ios_macabi\=NO
    export SHALLOW_BUNDLE_macos\=NO
    export SHARED_DERIVED_FILE_DIR\=/Users/viveksarkar/Library/Developer/Xcode/DerivedData/Hatari-crnaywjepgfrrcdspvkwustrehyb/Build/Products/Debug-iphoneos/DerivedSources
    export SHARED_FRAMEWORKS_FOLDER_PATH\=Hatari.app/SharedFrameworks
    export SHARED_PRECOMPS_DIR\=/Users/viveksarkar/Library/Developer/Xcode/DerivedData/Hatari-crnaywjepgfrrcdspvkwustrehyb/Build/Intermediates.noindex/PrecompiledHeaders
    export SHARED_SUPPORT_FOLDER_PATH\=Hatari.app/SharedSupport
    export SKIP_INSTALL\=NO
    export SOURCE_ROOT\=/Users/viveksarkar/Desktop/Hatari_app/ios
    export SRCROOT\=/Users/viveksarkar/Desktop/Hatari_app/ios
    export STRINGSDATA_DIR\=/Users/viveksarkar/Library/Developer/Xcode/DerivedData/Hatari-crnaywjepgfrrcdspvkwustrehyb/Build/Intermediates.noindex/Hatari.build/Debug-iphoneos/Hatari.build/Objects-normal/undefined_arch
    export STRINGSDATA_ROOT\=/Users/viveksarkar/Library/Developer/Xcode/DerivedData/Hatari-crnaywjepgfrrcdspvkwustrehyb/Build/Intermediates.noindex/Hatari.build/Debug-iphoneos/Hatari.build
    export STRINGS_FILE_INFOPLIST_RENAME\=YES
    export STRINGS_FILE_OUTPUT_ENCODING\=binary
    export STRING_CATALOG_GENERATE_SYMBOLS\=NO
    export STRIP_BITCODE_FROM_COPIED_FILES\=YES
    export STRIP_INSTALLED_PRODUCT\=NO
    export STRIP_STYLE\=all
    export STRIP_SWIFT_SYMBOLS\=YES
    export SUPPORTED_DEVICE_FAMILIES\=1,2
    export SUPPORTED_PLATFORMS\=iphoneos\ iphonesimulator
    export SUPPORTS_MACCATALYST\=NO
    export SUPPORTS_MAC_DESIGNED_FOR_IPHONE_IPAD\=YES
    export SUPPORTS_ON_DEMAND_RESOURCES\=YES
    export SUPPORTS_TEXT_BASED_API\=NO
    export SUPPORTS_XR_DESIGNED_FOR_IPHONE_IPAD\=YES
    export SUPPRESS_WARNINGS\=NO
    export SWIFT_ACTIVE_COMPILATION_CONDITIONS\=\ DEBUG
    export SWIFT_EMIT_CONST_VALUE_PROTOCOLS\=AppIntent\ EntityQuery\ AppEntity\ TransientEntity\ AppEnum\ AppShortcutProviding\ AppShortcutsProvider\ AnyResolverProviding\ AppIntentsPackage\ DynamicOptionsProvider\ _IntentValueRepresentable\ _AssistantIntentsProvider\ _GenerativeFunctionExtractable\ IntentValueQuery\ Resolver\ AppExtension\ ExtensionPointDefining
    export SWIFT_EMIT_LOC_STRINGS\=NO
    export SWIFT_ENABLE_EXPLICIT_MODULES\=YES
    export SWIFT_INCLUDE_PATHS\=/Users/viveksarkar/Library/Developer/Xcode/DerivedData/Hatari-crnaywjepgfrrcdspvkwustrehyb/Build/Products/Debug-iphoneos\ \ \"/Users/viveksarkar/Library/Developer/Xcode/DerivedData/Hatari-crnaywjepgfrrcdspvkwustrehyb/Build/Products/Debug-iphoneos/react-native-geolocation-service\"
    export SWIFT_OPTIMIZATION_LEVEL\=-Onone
    export SWIFT_PLATFORM_TARGET_PREFIX\=ios
    export SWIFT_RESPONSE_FILE_PATH_normal_arm64\=/Users/viveksarkar/Library/Developer/Xcode/DerivedData/Hatari-crnaywjepgfrrcdspvkwustrehyb/Build/Intermediates.noindex/Hatari.build/Debug-iphoneos/Hatari.build/Objects-normal/arm64/Hatari.SwiftFileList
    export SWIFT_VERSION\=5.0
    export SYMROOT\=/Users/viveksarkar/Library/Developer/Xcode/DerivedData/Hatari-crnaywjepgfrrcdspvkwustrehyb/Build/Products
    export SYSTEM_ADMIN_APPS_DIR\=/Applications/Utilities
    export SYSTEM_APPS_DIR\=/Applications
    export SYSTEM_CORE_SERVICES_DIR\=/System/Library/CoreServices
    export SYSTEM_DEMOS_DIR\=/Applications/Extras
    export SYSTEM_DEVELOPER_APPS_DIR\=/Applications/Xcode.app/Contents/Developer/Applications
    export SYSTEM_DEVELOPER_BIN_DIR\=/Applications/Xcode.app/Contents/Developer/usr/bin
    export SYSTEM_DEVELOPER_DEMOS_DIR\=/Applications/Xcode.app/Contents/Developer/Applications/Utilities/Built\ Examples
    export SYSTEM_DEVELOPER_DIR\=/Applications/Xcode.app/Contents/Developer
    export SYSTEM_DEVELOPER_DOC_DIR\=/Applications/Xcode.app/Contents/Developer/ADC\ Reference\ Library
    export SYSTEM_DEVELOPER_GRAPHICS_TOOLS_DIR\=/Applications/Xcode.app/Contents/Developer/Applications/Graphics\ Tools
    export SYSTEM_DEVELOPER_JAVA_TOOLS_DIR\=/Applications/Xcode.app/Contents/Developer/Applications/Java\ Tools
    export SYSTEM_DEVELOPER_PERFORMANCE_TOOLS_DIR\=/Applications/Xcode.app/Contents/Developer/Applications/Performance\ Tools
    export SYSTEM_DEVELOPER_RELEASENOTES_DIR\=/Applications/Xcode.app/Contents/Developer/ADC\ Reference\ Library/releasenotes
    export SYSTEM_DEVELOPER_TOOLS\=/Applications/Xcode.app/Contents/Developer/Tools
    export SYSTEM_DEVELOPER_TOOLS_DOC_DIR\=/Applications/Xcode.app/Contents/Developer/ADC\ Reference\ Library/documentation/DeveloperTools
    export SYSTEM_DEVELOPER_TOOLS_RELEASENOTES_DIR\=/Applications/Xcode.app/Contents/Developer/ADC\ Reference\ Library/releasenotes/DeveloperTools
    export SYSTEM_DEVELOPER_USR_DIR\=/Applications/Xcode.app/Contents/Developer/usr
    export SYSTEM_DEVELOPER_UTILITIES_DIR\=/Applications/Xcode.app/Contents/Developer/Applications/Utilities
    export SYSTEM_DEXT_INSTALL_PATH\=/System/Library/DriverExtensions
    export SYSTEM_DOCUMENTATION_DIR\=/Library/Documentation
    export SYSTEM_EXTENSIONS_FOLDER_PATH\=Hatari.app/SystemExtensions
    export SYSTEM_EXTENSIONS_FOLDER_PATH_SHALLOW_BUNDLE_NO\=Hatari.app/Library/SystemExtensions
    export SYSTEM_EXTENSIONS_FOLDER_PATH_SHALLOW_BUNDLE_YES\=Hatari.app/SystemExtensions
    export SYSTEM_KEXT_INSTALL_PATH\=/System/Library/Extensions
    export SYSTEM_LIBRARY_DIR\=/System/Library
    export TAPI_DEMANGLE\=YES
    export TAPI_ENABLE_PROJECT_HEADERS\=NO
    export TAPI_LANGUAGE\=objective-c
    export TAPI_LANGUAGE_STANDARD\=compiler-default
    export TAPI_USE_SRCROOT\=YES
    export TAPI_VERIFY_MODE\=Pedantic
    export TARGETED_DEVICE_FAMILY\=1
    export TARGETNAME\=Hatari
    export TARGET_BUILD_DIR\=/Users/viveksarkar/Library/Developer/Xcode/DerivedData/Hatari-crnaywjepgfrrcdspvkwustrehyb/Build/Products/Debug-iphoneos
    export TARGET_NAME\=Hatari
    export TARGET_TEMP_DIR\=/Users/viveksarkar/Library/Developer/Xcode/DerivedData/Hatari-crnaywjepgfrrcdspvkwustrehyb/Build/Intermediates.noindex/Hatari.build/Debug-iphoneos/Hatari.build
    export TEMP_DIR\=/Users/viveksarkar/Library/Developer/Xcode/DerivedData/Hatari-crnaywjepgfrrcdspvkwustrehyb/Build/Intermediates.noindex/Hatari.build/Debug-iphoneos/Hatari.build
    export TEMP_FILES_DIR\=/Users/viveksarkar/Library/Developer/Xcode/DerivedData/Hatari-crnaywjepgfrrcdspvkwustrehyb/Build/Intermediates.noindex/Hatari.build/Debug-iphoneos/Hatari.build
    export TEMP_FILE_DIR\=/Users/viveksarkar/Library/Developer/Xcode/DerivedData/Hatari-crnaywjepgfrrcdspvkwustrehyb/Build/Intermediates.noindex/Hatari.build/Debug-iphoneos/Hatari.build
    export TEMP_ROOT\=/Users/viveksarkar/Library/Developer/Xcode/DerivedData/Hatari-crnaywjepgfrrcdspvkwustrehyb/Build/Intermediates.noindex
    export TEMP_SANDBOX_DIR\=/Users/viveksarkar/Library/Developer/Xcode/DerivedData/Hatari-crnaywjepgfrrcdspvkwustrehyb/Build/Intermediates.noindex/TemporaryTaskSandboxes
    export TEST_FRAMEWORK_SEARCH_PATHS\=\ /Applications/Xcode.app/Contents/Developer/Platforms/iPhoneOS.platform/Developer/Library/Frameworks\ /Applications/Xcode.app/Contents/Developer/Platforms/iPhoneOS.platform/Developer/SDKs/iPhoneOS26.2.sdk/Developer/Library/Frameworks
    export TEST_LIBRARY_SEARCH_PATHS\=\ /Applications/Xcode.app/Contents/Developer/Platforms/iPhoneOS.platform/Developer/usr/lib
    export TOOLCHAINS\=com.apple.dt.toolchain.XcodeDefault
    export TOOLCHAIN_DIR\=/Applications/Xcode.app/Contents/Developer/Toolchains/XcodeDefault.xctoolchain
    export TREAT_MISSING_BASELINES_AS_TEST_FAILURES\=NO
    export TREAT_MISSING_SCRIPT_PHASE_OUTPUTS_AS_ERRORS\=NO
    export TeamIdentifierPrefix\=FCK6YJ8J74.
    export UID\=501
    export UNINSTALLED_PRODUCTS_DIR\=/Users/viveksarkar/Library/Developer/Xcode/DerivedData/Hatari-crnaywjepgfrrcdspvkwustrehyb/Build/Intermediates.noindex/UninstalledProducts
    export UNLOCALIZED_RESOURCES_FOLDER_PATH\=Hatari.app
    export UNLOCALIZED_RESOURCES_FOLDER_PATH_SHALLOW_BUNDLE_NO\=Hatari.app/Resources
    export UNLOCALIZED_RESOURCES_FOLDER_PATH_SHALLOW_BUNDLE_YES\=Hatari.app
    export UNSTRIPPED_PRODUCT\=NO
    export USER\=viveksarkar
    export USER_APPS_DIR\=/Users/viveksarkar/Applications
    export USER_LIBRARY_DIR\=/Users/viveksarkar/Library
    export USE_DYNAMIC_NO_PIC\=YES
    export USE_HEADERMAP\=YES
    export USE_HEADER_SYMLINKS\=NO
    export USE_HERMES\=true
    export USE_RECURSIVE_SCRIPT_INPUTS_IN_SCRIPT_PHASES\=YES
    export VALIDATE_DEVELOPMENT_ASSET_PATHS\=YES_ERROR
    export VALIDATE_PRODUCT\=NO
    export VALID_ARCHS\=arm64\ arm64e\ armv7\ armv7s
    export VERBOSE_PBXCP\=NO
    export VERSIONING_SYSTEM\=apple-generic
    export VERSIONPLIST_PATH\=Hatari.app/version.plist
    export VERSION_INFO_BUILDER\=viveksarkar
    export VERSION_INFO_FILE\=Hatari_vers.c
    export VERSION_INFO_STRING\=\"@\(\#\)PROGRAM:Hatari\ \ PROJECT:Hatari-1\"
    export WORKSPACE_DIR\=/Users/viveksarkar/Desktop/Hatari_app/ios
    export WRAPPER_EXTENSION\=app
    export WRAPPER_NAME\=Hatari.app
    export WRAPPER_SUFFIX\=.app
    export WRAP_ASSET_PACKS_IN_SEPARATE_DIRECTORIES\=NO
    export XCODE_APP_SUPPORT_DIR\=/Applications/Xcode.app/Contents/Developer/Library/Xcode
    export XCODE_PRODUCT_BUILD_VERSION\=17C52
    export XCODE_VERSION_ACTUAL\=2620
    export XCODE_VERSION_MAJOR\=2600
    export XCODE_VERSION_MINOR\=2620
    export XPCSERVICES_FOLDER_PATH\=Hatari.app/XPCServices
    export YACC\=yacc
    export _DISCOVER_COMMAND_LINE_LINKER_INPUTS\=YES
    export _DISCOVER_COMMAND_LINE_LINKER_INPUTS_INCLUDE_WL\=YES
    export _LD_MULTIARCH\=YES
    export _WRAPPER_CONTENTS_DIR_SHALLOW_BUNDLE_NO\=/Contents
    export _WRAPPER_PARENT_PATH_SHALLOW_BUNDLE_NO\=/..
    export _WRAPPER_RESOURCES_DIR_SHALLOW_BUNDLE_NO\=/Resources
    export __DIAGNOSE_DEPRECATED_ARCHS\=YES
    export __IS_NOT_MACOS\=YES
    export __IS_NOT_MACOS_macosx\=NO
    export __IS_NOT_SIMULATOR\=YES
    export __IS_NOT_SIMULATOR_simulator\=NO
    export arch\=undefined_arch
    export variant\=normal
    /bin/sh -c /Users/viveksarkar/Library/Developer/Xcode/DerivedData/Hatari-crnaywjepgfrrcdspvkwustrehyb/Build/Intermediates.noindex/Hatari.build/Debug-iphoneos/Hatari.build/Script-00DD1BFF1BD5951E006B06BC.sh
Node found at: /usr/local/bin/node
+ DEST=/Users/viveksarkar/Library/Developer/Xcode/DerivedData/Hatari-crnaywjepgfrrcdspvkwustrehyb/Build/Products/Debug-iphoneos/Hatari.app
+ [[ ! -n '' ]]
+ [[ Debug = *Debug* ]]
+ [[ ! iphoneos == *simulator ]]
+ for num in 0 1 2 3 4 5 6 7 8
++ ipconfig getifaddr en0
+ IP=192.168.0.171
+ '[' '!' -z 192.168.0.171 ']'
+ break
+ '[' -z 192.168.0.171 ']'
+ echo 192.168.0.171
+ [[ -n '' ]]
+ case "$CONFIGURATION" in
+ [[ iphoneos == *simulator ]]
+ echo 'Bundling for physical device. Use the SKIP_BUNDLING flag to change this behavior.'
Bundling for physical device. Use the SKIP_BUNDLING flag to change this behavior.
+ DEV=true
+++ dirname /Users/viveksarkar/Desktop/Hatari_app/ios/Pods/../../node_modules/react-native/scripts/react-native-xcode.sh
++ cd /Users/viveksarkar/Desktop/Hatari_app/ios/Pods/../../node_modules/react-native/scripts/..
++ pwd
+ REACT_NATIVE_DIR=/Users/viveksarkar/Desktop/Hatari_app/node_modules/react-native
+ PROJECT_ROOT=/Users/viveksarkar/Desktop/Hatari_app/ios/..
+ cd /Users/viveksarkar/Desktop/Hatari_app/ios/..
+ [[ -n '' ]]
+ [[ -s index.ios.js ]]
+ ENTRY_FILE=index.js
+ source /Users/viveksarkar/Desktop/Hatari_app/node_modules/react-native/scripts/node-binary.sh
++ '[' -z /usr/local/bin/node ']'
++ type /usr/local/bin/node
+ HERMES_ENGINE_PATH=/Users/viveksarkar/Desktop/Hatari_app/ios/Pods/hermes-engine
+ '[' -z '' ']'
+ HERMES_CLI_PATH=/Users/viveksarkar/Desktop/Hatari_app/ios/Pods/hermes-engine/destroot/bin/hermesc
+ [[ true != false ]]
+ [[ -f /Users/viveksarkar/Desktop/Hatari_app/ios/Pods/hermes-engine ]]
+ '[' -z '' ']'
+ export NODE_ARGS=
+ NODE_ARGS=
+ '[' -z '' ']'
+ CLI_PATH=/Users/viveksarkar/Desktop/Hatari_app/node_modules/react-native/scripts/bundle.js
+ '[' -z '' ']'
+ BUNDLE_COMMAND=bundle
+ '[' -z '' ']'
+ COMPOSE_SOURCEMAP_PATH=/Users/viveksarkar/Desktop/Hatari_app/node_modules/react-native/scripts/compose-source-maps.js
+ [[ -z '' ]]
+ CONFIG_ARG=
+ [[ -z '' ]]
+ BUNDLE_NAME=main
+ BUNDLE_FILE=/Users/viveksarkar/Library/Developer/Xcode/DerivedData/Hatari-crnaywjepgfrrcdspvkwustrehyb/Build/Products/Debug-iphoneos/main.jsbundle
+ EXTRA_ARGS=()
+ case "$PLATFORM_NAME" in
+ BUNDLE_PLATFORM=ios
+ '[' '' = YES ']'
+ EMIT_SOURCEMAP=
+ [[ ! -z '' ]]
+ PACKAGER_SOURCEMAP_FILE=
+ [[ '' == true ]]
+ [[ true != false ]]
+ [[ true == false ]]
+ [[ -n '' ]]
+ [[ -n '' ]]
+ EXTRA_ARGS+=("--config-cmd" "'$NODE_BINARY' $NODE_ARGS '$REACT_NATIVE_DIR/cli.js' config")
+ /usr/local/bin/node /Users/viveksarkar/Desktop/Hatari_app/node_modules/react-native/scripts/bundle.js bundle --entry-file index.js --platform ios --dev true --reset-cache --bundle-output /Users/viveksarkar/Library/Developer/Xcode/DerivedData/Hatari-crnaywjepgfrrcdspvkwustrehyb/Build/Products/Debug-iphoneos/main.jsbundle --assets-dest /Users/viveksarkar/Library/Developer/Xcode/DerivedData/Hatari-crnaywjepgfrrcdspvkwustrehyb/Build/Products/Debug-iphoneos/Hatari.app --config-cmd ''\''/usr/local/bin/node'\''  '\''/Users/viveksarkar/Desktop/Hatari_app/node_modules/react-native/cli.js'\'' config'
 WARN  the transform cache was reset.
                Welcome to Metro v0.82.5
              Fast - Scalable - Integrated


Writing bundle output to: /Users/viveksarkar/Library/Developer/Xcode/DerivedData/Hatari-crnaywjepgfrrcdspvkwustrehyb/Build/Products/Debug-iphoneos/main.jsbundle
Done writing bundle output
Copying 32 asset files
Done copying assets
+ [[ true == false ]]
+ EXTRA_COMPILER_ARGS=
+ [[ true == true ]]
+ EXTRA_COMPILER_ARGS=-Og
+ [[ '' == true ]]
+ /Users/viveksarkar/Desktop/Hatari_app/ios/Pods/hermes-engine/destroot/bin/hermesc -emit-binary -max-diagnostic-width=80 -Og -out /Users/viveksarkar/Library/Developer/Xcode/DerivedData/Hatari-crnaywjepgfrrcdspvkwustrehyb/Build/Products/Debug-iphoneos/Hatari.app/main.jsbundle /Users/viveksarkar/Library/Developer/Xcode/DerivedData/Hatari-crnaywjepgfrrcdspvkwustrehyb/Build/Products/Debug-iphoneos/main.jsbundle
/Users/viveksarkar/Library/Developer/Xcode/DerivedData/Hatari-crnaywjepgfrrcdspvkwustrehyb/Build/Products/Debug-iphoneos/main.jsbundle:79:7: warning: the variable "console" was not declared in function "metroRequire"
      console.warn(`Requiring module "${verboseName}" by name is only support...
      ^~~~~~~
/Users/viveksarkar/Library/Developer/Xcode/DerivedData/Hatari-crnaywjepgfrrcdspvkwustrehyb/Build/Products/Debug-iphoneos/main.jsbundle:450:33: warning: the variable "setTimeout" was not declared in function "metroHotUpdateModule"
          reactRefreshTimeout = setTimeout(function () {
                                ^~~~~~~~~~
/Users/viveksarkar/Library/Developer/Xcode/DerivedData/Hatari-crnaywjepgfrrcdspvkwustrehyb/Build/Products/Debug-iphoneos/main.jsbundle:536:18: warning: the variable "window" was not declared in function "performFullRefresh"
      if (typeof window !== "undefined" && window.location != null && typeof ...
                 ^~~~~~
/Users/viveksarkar/Library/Developer/Xcode/DerivedData/Hatari-crnaywjepgfrrcdspvkwustrehyb/Build/Products/Debug-iphoneos/main.jsbundle:1979:23: warning: the variable "DebuggerInternal" was not declared in function "__shouldPauseOnThrow"
        return typeof DebuggerInternal !== 'undefined' && DebuggerInternal.sh...
                      ^~~~~~~~~~~~~~~~
/Users/viveksarkar/Library/Developer/Xcode/DerivedData/Hatari-crnaywjepgfrrcdspvkwustrehyb/Build/Products/Debug-iphoneos/main.jsbundle:4191:34: warning: the variable "__REACT_DEVTOOLS_GLOBAL_HOOK__" was not declared in function "injectInternals"
      if ("undefined" === typeof __REACT_DEVTOOLS_GLOBAL_HOOK__) return !1;
                                 ^~~~~~~~~~~~~~~~~~~~~~~~~~~~~~
/Users/viveksarkar/Library/Developer/Xcode/DerivedData/Hatari-crnaywjepgfrrcdspvkwustrehyb/Build/Products/Debug-iphoneos/main.jsbundle:9091:64: warning: the variable "IS_REACT_ACT_ENVIRONMENT" was not declared in function "isConcurrentActEnvironment"
...= "undefined" !== typeof IS_REACT_ACT_ENVIRONMENT ? IS_REACT_ACT_ENVIRONME...
                            ^~~~~~~~~~~~~~~~~~~~~~~~
/Users/viveksarkar/Library/Developer/Xcode/DerivedData/Hatari-crnaywjepgfrrcdspvkwustrehyb/Build/Products/Debug-iphoneos/main.jsbundle:10268:112: warning: the variable "nativeFabricUIManager" was not declared in function "measure"
... hostFiber.stateNode.node) nativeFabricUIManager.measure(hostFiber, callba...
                              ^~~~~~~~~~~~~~~~~~~~~
/Users/viveksarkar/Library/Developer/Xcode/DerivedData/Hatari-crnaywjepgfrrcdspvkwustrehyb/Build/Products/Debug-iphoneos/main.jsbundle:12080:49: warning: the variable "reportError" was not declared in anonymous function " 141#"
...alError = "function" === typeof reportError ? reportError : function (erro...
                                   ^~~~~~~~~~~
/Users/viveksarkar/Library/Developer/Xcode/DerivedData/Hatari-crnaywjepgfrrcdspvkwustrehyb/Build/Products/Debug-iphoneos/main.jsbundle:12118:53: warning: the variable "AbortController" was not declared in anonymous function " 141#"
...ocal = "undefined" !== typeof AbortController ? AbortController : function...
                                 ^~~~~~~~~~~~~~~
/Users/viveksarkar/Library/Developer/Xcode/DerivedData/Hatari-crnaywjepgfrrcdspvkwustrehyb/Build/Products/Debug-iphoneos/main.jsbundle:12387:23: warning: the variable "clearTimeout" was not declared in anonymous function " 141#"
      cancelTimeout = clearTimeout,
                      ^~~~~~~~~~~~
/Users/viveksarkar/Library/Developer/Xcode/DerivedData/Hatari-crnaywjepgfrrcdspvkwustrehyb/Build/Products/Debug-iphoneos/main.jsbundle:12398:51: warning: the variable "RN$enableMicrotasksInReact" was not declared in anonymous function " 141#"
... "undefined" !== typeof RN$enableMicrotasksInReact && !!RN$enableMicrotask...
                           ^~~~~~~~~~~~~~~~~~~~~~~~~~
/Users/viveksarkar/Library/Developer/Xcode/DerivedData/Hatari-crnaywjepgfrrcdspvkwustrehyb/Build/Products/Debug-iphoneos/main.jsbundle:12399:49: warning: the variable "queueMicrotask" was not declared in anonymous function " 141#"
...otask = "function" === typeof queueMicrotask ? queueMicrotask : scheduleTi...
                                 ^~~~~~~~~~~~~~
/Users/viveksarkar/Library/Developer/Xcode/DerivedData/Hatari-crnaywjepgfrrcdspvkwustrehyb/Build/Products/Debug-iphoneos/main.jsbundle:18542:105: warning: the variable "MessageChannel" was not declared in function "enqueueTaskImpl"
... = !0, "undefined" === typeof MessageChannel && console.error("This browse...
                                 ^~~~~~~~~~~~~~
/Users/viveksarkar/Library/Developer/Xcode/DerivedData/Hatari-crnaywjepgfrrcdspvkwustrehyb/Build/Products/Debug-iphoneos/main.jsbundle:22556:24: warning: the variable "FileReader" was not declared in function "readBlobAsArrayBuffer"
      var reader = new FileReader();
                       ^~~~~~~~~~
/Users/viveksarkar/Library/Developer/Xcode/DerivedData/Hatari-crnaywjepgfrrcdspvkwustrehyb/Build/Products/Debug-iphoneos/main.jsbundle:22607:36: warning: the variable "Blob" was not declared in anonymous function " 587#"
        } else if (support.blob && Blob.prototype.isPrototypeOf(body)) {
                                   ^~~~
/Users/viveksarkar/Library/Developer/Xcode/DerivedData/Hatari-crnaywjepgfrrcdspvkwustrehyb/Build/Products/Debug-iphoneos/main.jsbundle:22609:40: warning: the variable "FormData" was not declared in anonymous function " 587#"
        } else if (support.formData && FormData.prototype.isPrototypeOf(body)) {
                                       ^~~~~~~~
/Users/viveksarkar/Library/Developer/Xcode/DerivedData/Hatari-crnaywjepgfrrcdspvkwustrehyb/Build/Products/Debug-iphoneos/main.jsbundle:22611:44: warning: the variable "URLSearchParams" was not declared in anonymous function " 587#"
...e if (support.searchParams && URLSearchParams.prototype.isPrototypeOf(body...
                                 ^~~~~~~~~~~~~~~
/Users/viveksarkar/Library/Developer/Xcode/DerivedData/Hatari-crnaywjepgfrrcdspvkwustrehyb/Build/Products/Debug-iphoneos/main.jsbundle:22864:23: warning: the variable "XMLHttpRequest" was not declared in anonymous function " 597#"
        var xhr = new XMLHttpRequest();
                      ^~~~~~~~~~~~~~
/Users/viveksarkar/Library/Developer/Xcode/DerivedData/Hatari-crnaywjepgfrrcdspvkwustrehyb/Build/Products/Debug-iphoneos/main.jsbundle:22409:71: warning: the variable "self" was not declared in anonymous function " 579#"
...undefined' && globalThis || typeof self !== 'undefined' && self ||
                                      ^~~~
/Users/viveksarkar/Library/Developer/Xcode/DerivedData/Hatari-crnaywjepgfrrcdspvkwustrehyb/Build/Products/Debug-iphoneos/main.jsbundle:30508:23: warning: the variable "localStorageGetItem" was not declared in function "getSavedComponentFilters"
            var raw = localStorageGetItem(LOCAL_STORAGE_COMPONENT_FILTER_PREF...
                      ^~~~~~~~~~~~~~~~~~~
/Users/viveksarkar/Library/Developer/Xcode/DerivedData/Hatari-crnaywjepgfrrcdspvkwustrehyb/Build/Products/Debug-iphoneos/main.jsbundle:30508:43: warning: the variable "LOCAL_STORAGE_COMPONENT_FILTER_PREFERENCES_KEY" was not declared in function "getSavedComponentFilters"
...torageGetItem(LOCAL_STORAGE_COMPONENT_FILTER_PREFERENCES_KEY);
                 ^~~~~~~~~~~~~~~~~~~~~~~~~~~~~~~~~~~~~~~~~~~~~~
/Users/viveksarkar/Library/Developer/Xcode/DerivedData/Hatari-crnaywjepgfrrcdspvkwustrehyb/Build/Products/Debug-iphoneos/main.jsbundle:30517:11: warning: the variable "localStorageSetItem" was not declared in function "setSavedComponentFilters"
          localStorageSetItem(LOCAL_STORAGE_COMPONENT_FILTER_PREFERENCES_KEY,...
          ^~~~~~~~~~~~~~~~~~~
/Users/viveksarkar/Library/Developer/Xcode/DerivedData/Hatari-crnaywjepgfrrcdspvkwustrehyb/Build/Products/Debug-iphoneos/main.jsbundle:30539:43: warning: the variable "LOCAL_STORAGE_OPEN_IN_EDITOR_URL" was not declared in function "getOpenInEditorURL"
            var raw = localStorageGetItem(LOCAL_STORAGE_OPEN_IN_EDITOR_URL);
                                          ^~~~~~~~~~~~~~~~~~~~~~~~~~~~~~~~
/Users/viveksarkar/Library/Developer/Xcode/DerivedData/Hatari-crnaywjepgfrrcdspvkwustrehyb/Build/Products/Debug-iphoneos/main.jsbundle:30567:18: warning: the variable "ElementTypeClass" was not declared in function "parseElementDisplayNameFromBackend"
            case ElementTypeClass:
                 ^~~~~~~~~~~~~~~~
/Users/viveksarkar/Library/Developer/Xcode/DerivedData/Hatari-crnaywjepgfrrcdspvkwustrehyb/Build/Products/Debug-iphoneos/main.jsbundle:30568:18: warning: the variable "ElementTypeForwardRef" was not declared in function "parseElementDisplayNameFromBackend"
            case ElementTypeForwardRef:
                 ^~~~~~~~~~~~~~~~~~~~~
/Users/viveksarkar/Library/Developer/Xcode/DerivedData/Hatari-crnaywjepgfrrcdspvkwustrehyb/Build/Products/Debug-iphoneos/main.jsbundle:30569:18: warning: the variable "ElementTypeFunction" was not declared in function "parseElementDisplayNameFromBackend"
            case ElementTypeFunction:
                 ^~~~~~~~~~~~~~~~~~~
/Users/viveksarkar/Library/Developer/Xcode/DerivedData/Hatari-crnaywjepgfrrcdspvkwustrehyb/Build/Products/Debug-iphoneos/main.jsbundle:30570:18: warning: the variable "ElementTypeMemo" was not declared in function "parseElementDisplayNameFromBackend"
            case ElementTypeMemo:
                 ^~~~~~~~~~~~~~~
/Users/viveksarkar/Library/Developer/Xcode/DerivedData/Hatari-crnaywjepgfrrcdspvkwustrehyb/Build/Products/Debug-iphoneos/main.jsbundle:30571:18: warning: the variable "ElementTypeVirtual" was not declared in function "parseElementDisplayNameFromBackend"
            case ElementTypeVirtual:
                 ^~~~~~~~~~~~~~~~~~
/Users/viveksarkar/Library/Developer/Xcode/DerivedData/Hatari-crnaywjepgfrrcdspvkwustrehyb/Build/Products/Debug-iphoneos/main.jsbundle:30688:22: warning: the variable "HTMLElement" was not declared in function "getDataType"
          if (typeof HTMLElement !== 'undefined' && data instanceof HTMLEleme...
                     ^~~~~~~~~~~
/Users/viveksarkar/Library/Developer/Xcode/DerivedData/Hatari-crnaywjepgfrrcdspvkwustrehyb/Build/Products/Debug-iphoneos/main.jsbundle:31094:24: warning: the variable "URL" was not declared in function "normalizeUrlIfValid"
            return new URL(url).toString();
                       ^~~
/Users/viveksarkar/Library/Developer/Xcode/DerivedData/Hatari-crnaywjepgfrrcdspvkwustrehyb/Build/Products/Debug-iphoneos/main.jsbundle:31105:13: warning: the variable "localStorage" was not declared in function "getIsReloadAndProfileSupported"
            localStorage.getItem('test');
            ^~~~~~~~~~~~
/Users/viveksarkar/Library/Developer/Xcode/DerivedData/Hatari-crnaywjepgfrrcdspvkwustrehyb/Build/Products/Debug-iphoneos/main.jsbundle:31112:18: warning: the variable "sessionStorageGetItem" was not declared in function "getIfReloadedAndProfiling"
          return sessionStorageGetItem(SESSION_STORAGE_RELOAD_AND_PROFILE_KEY...
                 ^~~~~~~~~~~~~~~~~~~~~
/Users/viveksarkar/Library/Developer/Xcode/DerivedData/Hatari-crnaywjepgfrrcdspvkwustrehyb/Build/Products/Debug-iphoneos/main.jsbundle:31112:40: warning: the variable "SESSION_STORAGE_RELOAD_AND_PROFILE_KEY" was not declared in function "getIfReloadedAndProfiling"
...ionStorageGetItem(SESSION_STORAGE_RELOAD_AND_PROFILE_KEY) === 'true';
                     ^~~~~~~~~~~~~~~~~~~~~~~~~~~~~~~~~~~~~~
/Users/viveksarkar/Library/Developer/Xcode/DerivedData/Hatari-crnaywjepgfrrcdspvkwustrehyb/Build/Products/Debug-iphoneos/main.jsbundle:31116:61: warning: the variable "SESSION_STORAGE_RECORD_CHANGE_DESCRIPTIONS_KEY" was not declared in function "getProfilingSettings"
...torageGetItem(SESSION_STORAGE_RECORD_CHANGE_DESCRIPTIONS_KEY) === 'true',
                 ^~~~~~~~~~~~~~~~~~~~~~~~~~~~~~~~~~~~~~~~~~~~~~
/Users/viveksarkar/Library/Developer/Xcode/DerivedData/Hatari-crnaywjepgfrrcdspvkwustrehyb/Build/Products/Debug-iphoneos/main.jsbundle:31117:51: warning: the variable "SESSION_STORAGE_RECORD_TIMELINE_KEY" was not declared in function "getProfilingSettings"
...ssionStorageGetItem(SESSION_STORAGE_RECORD_TIMELINE_KEY) === 'true'
                       ^~~~~~~~~~~~~~~~~~~~~~~~~~~~~~~~~~~
/Users/viveksarkar/Library/Developer/Xcode/DerivedData/Hatari-crnaywjepgfrrcdspvkwustrehyb/Build/Products/Debug-iphoneos/main.jsbundle:31121:11: warning: the variable "sessionStorageSetItem" was not declared in function "onReloadAndProfile 1#"
          sessionStorageSetItem(SESSION_STORAGE_RELOAD_AND_PROFILE_KEY, 'true');
          ^~~~~~~~~~~~~~~~~~~~~
/Users/viveksarkar/Library/Developer/Xcode/DerivedData/Hatari-crnaywjepgfrrcdspvkwustrehyb/Build/Products/Debug-iphoneos/main.jsbundle:31126:11: warning: the variable "sessionStorageRemoveItem" was not declared in function "onReloadAndProfileFlagsReset 1#"
          sessionStorageRemoveItem(SESSION_STORAGE_RELOAD_AND_PROFILE_KEY);
          ^~~~~~~~~~~~~~~~~~~~~~~~
/Users/viveksarkar/Library/Developer/Xcode/DerivedData/Hatari-crnaywjepgfrrcdspvkwustrehyb/Build/Products/Debug-iphoneos/main.jsbundle:31539:24: warning: the variable "getInObject" was not declared in function "fillInPath"
          var target = getInObject(object, path);
                       ^~~~~~~~~~~
/Users/viveksarkar/Library/Developer/Xcode/DerivedData/Hatari-crnaywjepgfrrcdspvkwustrehyb/Build/Products/Debug-iphoneos/main.jsbundle:31565:11: warning: the variable "setInObject" was not declared in function "fillInPath"
          setInObject(object, path, value);
          ^~~~~~~~~~~
/Users/viveksarkar/Library/Developer/Xcode/DerivedData/Hatari-crnaywjepgfrrcdspvkwustrehyb/Build/Products/Debug-iphoneos/main.jsbundle:33163:15: warning: the variable "cancelAnimationFrame" was not declared in function "toggleEnabled"
              cancelAnimationFrame(drawAnimationFrameID);
              ^~~~~~~~~~~~~~~~~~~~
/Users/viveksarkar/Library/Developer/Xcode/DerivedData/Hatari-crnaywjepgfrrcdspvkwustrehyb/Build/Products/Debug-iphoneos/main.jsbundle:33208:36: warning: the variable "requestAnimationFrame" was not declared in function "traceUpdates"
            drawAnimationFrameID = requestAnimationFrame(prepareToDraw);
                                   ^~~~~~~~~~~~~~~~~~~~~
/Users/viveksarkar/Library/Developer/Xcode/DerivedData/Hatari-crnaywjepgfrrcdspvkwustrehyb/Build/Products/Debug-iphoneos/main.jsbundle:33601:20: warning: the variable "sessionStorage" was not declared in function "storage_sessionStorageGetItem"
            return sessionStorage.getItem(key);
                   ^~~~~~~~~~~~~~
/Users/viveksarkar/Library/Developer/Xcode/DerivedData/Hatari-crnaywjepgfrrcdspvkwustrehyb/Build/Products/Debug-iphoneos/main.jsbundle:35474:59: warning: the variable "document" was not declared in function "getPropertyValueForStyleName"
...heetIndex = 0; styleSheetIndex < document.styleSheets.length; styleSheetIn...
                                    ^~~~~~~~
/Users/viveksarkar/Library/Developer/Xcode/DerivedData/Hatari-crnaywjepgfrrcdspvkwustrehyb/Build/Products/Debug-iphoneos/main.jsbundle:35484:49: warning: the variable "CSSStyleRule" was not declared in function "getPropertyValueForStyleName"
              if (!(rules[ruleIndex] instanceof CSSStyleRule)) {
                                                ^~~~~~~~~~~~
/Users/viveksarkar/Library/Developer/Xcode/DerivedData/Hatari-crnaywjepgfrrcdspvkwustrehyb/Build/Products/Debug-iphoneos/main.jsbundle:40534:50: warning: the variable "navigator" was not declared in function "logElementToConsole 1#"
            if (window.chrome || /firefox/i.test(navigator.userAgent)) {
                                                 ^~~~~~~~~
/Users/viveksarkar/Library/Developer/Xcode/DerivedData/Hatari-crnaywjepgfrrcdspvkwustrehyb/Build/Products/Debug-iphoneos/main.jsbundle:32593:42: warning: the variable "Node" was not declared in anonymous function " 1034#"
                return node.nodeType === Node.ELEMENT_NODE;
                                         ^~~~
/Users/viveksarkar/Library/Developer/Xcode/DerivedData/Hatari-crnaywjepgfrrcdspvkwustrehyb/Build/Products/Debug-iphoneos/main.jsbundle:33524:28: warning: the variable "devtoolsJestTestScheduler" was not declared in function "send 2#"
                if (typeof devtoolsJestTestScheduler === 'function') {
                           ^~~~~~~~~~~~~~~~~~~~~~~~~
/Users/viveksarkar/Library/Developer/Xcode/DerivedData/Hatari-crnaywjepgfrrcdspvkwustrehyb/Build/Products/Debug-iphoneos/main.jsbundle:50705:7: warning: Direct call to eval(), but lexical scope is not supported.
      eval(code);
      ^~~~~~~~~~
/Users/viveksarkar/Library/Developer/Xcode/DerivedData/Hatari-crnaywjepgfrrcdspvkwustrehyb/Build/Products/Debug-iphoneos/main.jsbundle:51938:9: warning: Direct call to eval(), but lexical scope is not supported.
        eval(body);
        ^~~~~~~~~~
/Users/viveksarkar/Library/Developer/Xcode/DerivedData/Hatari-crnaywjepgfrrcdspvkwustrehyb/Build/Products/Debug-iphoneos/main.jsbundle:69960:5: warning: the variable "fetch" was not declared in function "openFileInEditor"
    fetch(_$$_REQUIRE(_dependencyMap[0], "./getDevServer").default().url + 'o...
    ^~~~~
/Users/viveksarkar/Library/Developer/Xcode/DerivedData/Hatari-crnaywjepgfrrcdspvkwustrehyb/Build/Products/Debug-iphoneos/main.jsbundle:72005:62: warning: the variable "nativeRuntimeScheduler" was not declared in anonymous function " 2195#"
... = "undefined" !== typeof nativeRuntimeScheduler ? nativeRuntimeScheduler....
                             ^~~~~~~~~~~~~~~~~~~~~~
/Users/viveksarkar/Library/Developer/Xcode/DerivedData/Hatari-crnaywjepgfrrcdspvkwustrehyb/Build/Products/Debug-iphoneos/main.jsbundle:103329:5: warning: the property "totalText" was set multiple times in the object definition.
    totalText: {
    ^~~~~~~~~~~~
/Users/viveksarkar/Library/Developer/Xcode/DerivedData/Hatari-crnaywjepgfrrcdspvkwustrehyb/Build/Products/Debug-iphoneos/main.jsbundle:103163:5: note: The first definition was here.
    totalText: {
    ^~~~~~~~~~~~
/Users/viveksarkar/Library/Developer/Xcode/DerivedData/Hatari-crnaywjepgfrrcdspvkwustrehyb/Build/Products/Debug-iphoneos/main.jsbundle:103563:5: warning: the property "modalFooter" was set multiple times in the object definition.
    modalFooter: {
    ^~~~~~~~~~~~~~
/Users/viveksarkar/Library/Developer/Xcode/DerivedData/Hatari-crnaywjepgfrrcdspvkwustrehyb/Build/Products/Debug-iphoneos/main.jsbundle:103324:5: note: The first definition was here.
    modalFooter: {
    ^~~~~~~~~~~~~~
/Users/viveksarkar/Library/Developer/Xcode/DerivedData/Hatari-crnaywjepgfrrcdspvkwustrehyb/Build/Products/Debug-iphoneos/main.jsbundle:112547:9: warning: the variable "REACT_NAVIGATION_DEVTOOLS" was not declared in anonymous function " 3225#"
        REACT_NAVIGATION_DEVTOOLS.set(refContainer.current, {
        ^~~~~~~~~~~~~~~~~~~~~~~~~
/Users/viveksarkar/Library/Developer/Xcode/DerivedData/Hatari-crnaywjepgfrrcdspvkwustrehyb/Build/Products/Debug-iphoneos/main.jsbundle:129226:26: warning: the variable "ResizeObserver" was not declared in anonymous function " 3846#"
      var observer = new ResizeObserver(function (entries) {
                         ^~~~~~~~~~~~~~
/Users/viveksarkar/Library/Developer/Xcode/DerivedData/Hatari-crnaywjepgfrrcdspvkwustrehyb/Build/Products/Debug-iphoneos/main.jsbundle:130229:16: warning: the variable "requestIdleCallback" was not declared in anonymous function " 3881#"
      var id = requestIdleCallback(function () {
               ^~~~~~~~~~~~~~~~~~~
/Users/viveksarkar/Library/Developer/Xcode/DerivedData/Hatari-crnaywjepgfrrcdspvkwustrehyb/Build/Products/Debug-iphoneos/main.jsbundle:130233:16: warning: the variable "cancelIdleCallback" was not declared in anonymous function " 3883#"
        return cancelIdleCallback(id);
               ^~~~~~~~~~~~~~~~~~
/Users/viveksarkar/Library/Developer/Xcode/DerivedData/Hatari-crnaywjepgfrrcdspvkwustrehyb/Build/Products/Debug-iphoneos/main.jsbundle:135727:5: warning: the property "totalText" was set multiple times in the object definition.
    totalText: {
    ^~~~~~~~~~~~
/Users/viveksarkar/Library/Developer/Xcode/DerivedData/Hatari-crnaywjepgfrrcdspvkwustrehyb/Build/Products/Debug-iphoneos/main.jsbundle:135644:5: note: The first definition was here.
    totalText: {
    ^~~~~~~~~~~~
/Users/viveksarkar/Library/Developer/Xcode/DerivedData/Hatari-crnaywjepgfrrcdspvkwustrehyb/Build/Products/Debug-iphoneos/main.jsbundle:135805:5: warning: the property "modalImg" was set multiple times in the object definition.
    modalImg: {
    ^~~~~~~~~~~
/Users/viveksarkar/Library/Developer/Xcode/DerivedData/Hatari-crnaywjepgfrrcdspvkwustrehyb/Build/Products/Debug-iphoneos/main.jsbundle:135699:5: note: The first definition was here.
    modalImg: {
    ^~~~~~~~~~~
/Users/viveksarkar/Library/Developer/Xcode/DerivedData/Hatari-crnaywjepgfrrcdspvkwustrehyb/Build/Products/Debug-iphoneos/main.jsbundle:137451:7: warning: the property "user" was set multiple times in the object definition.
      user: null,
      ^~~~~~~~~~
/Users/viveksarkar/Library/Developer/Xcode/DerivedData/Hatari-crnaywjepgfrrcdspvkwustrehyb/Build/Products/Debug-iphoneos/main.jsbundle:137449:7: note: The first definition was here.
      user: null,
      ^~~~~~~~~~
/Users/viveksarkar/Library/Developer/Xcode/DerivedData/Hatari-crnaywjepgfrrcdspvkwustrehyb/Build/Products/Debug-iphoneos/main.jsbundle:137453:7: warning: the property "error" was set multiple times in the object definition.
      error: null
      ^~~~~~~~~~~
/Users/viveksarkar/Library/Developer/Xcode/DerivedData/Hatari-crnaywjepgfrrcdspvkwustrehyb/Build/Products/Debug-iphoneos/main.jsbundle:137450:7: note: The first definition was here.
      error: null,
      ^~~~~~~~~~~
/Users/viveksarkar/Library/Developer/Xcode/DerivedData/Hatari-crnaywjepgfrrcdspvkwustrehyb/Build/Products/Debug-iphoneos/main.jsbundle:155138:5: warning: the property "staticPrice" was set multiple times in the object definition.
    staticPrice: {
    ^~~~~~~~~~~~~~
/Users/viveksarkar/Library/Developer/Xcode/DerivedData/Hatari-crnaywjepgfrrcdspvkwustrehyb/Build/Products/Debug-iphoneos/main.jsbundle:155095:5: note: The first definition was here.
    staticPrice: {
    ^~~~~~~~~~~~~~
/Users/viveksarkar/Library/Developer/Xcode/DerivedData/Hatari-crnaywjepgfrrcdspvkwustrehyb/Build/Products/Debug-iphoneos/main.jsbundle:155144:5: warning: the property "quantityBox" was set multiple times in the object definition.
    quantityBox: {
    ^~~~~~~~~~~~~~
/Users/viveksarkar/Library/Developer/Xcode/DerivedData/Hatari-crnaywjepgfrrcdspvkwustrehyb/Build/Products/Debug-iphoneos/main.jsbundle:155101:5: note: The first definition was here.
    quantityBox: {
    ^~~~~~~~~~~~~~
/Users/viveksarkar/Library/Developer/Xcode/DerivedData/Hatari-crnaywjepgfrrcdspvkwustrehyb/Build/Products/Debug-iphoneos/main.jsbundle:155253:5: warning: the property "confirmBtn" was set multiple times in the object definition.
    confirmBtn: {
    ^~~~~~~~~~~~~
/Users/viveksarkar/Library/Developer/Xcode/DerivedData/Hatari-crnaywjepgfrrcdspvkwustrehyb/Build/Products/Debug-iphoneos/main.jsbundle:155119:5: note: The first definition was here.
    confirmBtn: {
    ^~~~~~~~~~~~~
/Users/viveksarkar/Library/Developer/Xcode/DerivedData/Hatari-crnaywjepgfrrcdspvkwustrehyb/Build/Products/Debug-iphoneos/main.jsbundle:155267:5: warning: the property "confirmBtnText" was set multiple times in the object definition.
    confirmBtnText: {
    ^~~~~~~~~~~~~~~~~
/Users/viveksarkar/Library/Developer/Xcode/DerivedData/Hatari-crnaywjepgfrrcdspvkwustrehyb/Build/Products/Debug-iphoneos/main.jsbundle:155133:5: note: The first definition was here.
    confirmBtnText: {
    ^~~~~~~~~~~~~~~~~
/Users/viveksarkar/Library/Developer/Xcode/DerivedData/Hatari-crnaywjepgfrrcdspvkwustrehyb/Build/Products/Debug-iphoneos/main.jsbundle:167897:7: warning: the property "address" was set multiple times in the object definition.
      address: _saveaddressSlice.default,
      ^~~~~~~~~~~~~~~~~~~~~~~~~~~~~~~~~~
/Users/viveksarkar/Library/Developer/Xcode/DerivedData/Hatari-crnaywjepgfrrcdspvkwustrehyb/Build/Products/Debug-iphoneos/main.jsbundle:167884:7: note: The first definition was here.
      address: _addressSlice.default,
      ^~~~~~~~~~~~~~~~~~~~~~~~~~~~~~
/Users/viveksarkar/Library/Developer/Xcode/DerivedData/Hatari-crnaywjepgfrrcdspvkwustrehyb/Build/Products/Debug-iphoneos/main.jsbundle:169386:32: warning: the variable "__DO_NOT_USE__ActionTypes" was not declared in anonymous function " 5035#"
    __DO_NOT_USE__ActionTypes: __DO_NOT_USE__ActionTypes,
                               ^~~~~~~~~~~~~~~~~~~~~~~~~
+ [[ '' == true ]]
+ BUNDLE_FILE=/Users/viveksarkar/Library/Developer/Xcode/DerivedData/Hatari-crnaywjepgfrrcdspvkwustrehyb/Build/Products/Debug-iphoneos/Hatari.app/main.jsbundle
+ [[ true != true ]]
Command PhaseScriptExecution emitted errors but did not return a nonzero exit code to indicate failure

GenerateDSYMFile /Users/viveksarkar/Library/Developer/Xcode/DerivedData/Hatari-crnaywjepgfrrcdspvkwustrehyb/Build/Products/Debug-iphoneos/Hatari.app.dSYM /Users/viveksarkar/Library/Developer/Xcode/DerivedData/Hatari-crnaywjepgfrrcdspvkwustrehyb/Build/Products/Debug-iphoneos/Hatari.app/Hatari.debug.dylib (in target 'Hatari' from project 'Hatari')
    cd /Users/viveksarkar/Desktop/Hatari_app/ios
    /Applications/Xcode.app/Contents/Developer/Toolchains/XcodeDefault.xctoolchain/usr/bin/dsymutil /Users/viveksarkar/Library/Developer/Xcode/DerivedData/Hatari-crnaywjepgfrrcdspvkwustrehyb/Build/Products/Debug-iphoneos/Hatari.app/Hatari.debug.dylib -o /Users/viveksarkar/Library/Developer/Xcode/DerivedData/Hatari-crnaywjepgfrrcdspvkwustrehyb/Build/Products/Debug-iphoneos/Hatari.app.dSYM

PhaseScriptExecution [CP]\ Copy\ Pods\ Resources /Users/viveksarkar/Library/Developer/Xcode/DerivedData/Hatari-crnaywjepgfrrcdspvkwustrehyb/Build/Intermediates.noindex/Hatari.build/Debug-iphoneos/Hatari.build/Script-E235C05ADACE081382539298.sh (in target 'Hatari' from project 'Hatari')
    cd /Users/viveksarkar/Desktop/Hatari_app/ios
    /bin/sh -c /Users/viveksarkar/Library/Developer/Xcode/DerivedData/Hatari-crnaywjepgfrrcdspvkwustrehyb/Build/Intermediates.noindex/Hatari.build/Debug-iphoneos/Hatari.build/Script-E235C05ADACE081382539298.sh
/Users/viveksarkar/Library/Developer/Xcode/DerivedData/Hatari-crnaywjepgfrrcdspvkwustrehyb/Build/Products/Debug-iphoneos/RCT-Folly/RCT-Folly_privacy.bundle
/Users/viveksarkar/Library/Developer/Xcode/DerivedData/Hatari-crnaywjepgfrrcdspvkwustrehyb/Build/Products/Debug-iphoneos/RNCAsyncStorage/RNCAsyncStorage_resources.bundle
/Users/viveksarkar/Library/Developer/Xcode/DerivedData/Hatari-crnaywjepgfrrcdspvkwustrehyb/Build/Products/Debug-iphoneos/RNPermissions/RNPermissionsPrivacyInfo.bundle
/Users/viveksarkar/Library/Developer/Xcode/DerivedData/Hatari-crnaywjepgfrrcdspvkwustrehyb/Build/Products/Debug-iphoneos/RNSVG/RNSVGFilters.bundle
/Users/viveksarkar/Desktop/Hatari_app/ios/Pods/../../node_modules/react-native-vector-icons/Fonts/AntDesign.ttf
/Users/viveksarkar/Desktop/Hatari_app/ios/Pods/../../node_modules/react-native-vector-icons/Fonts/Entypo.ttf
/Users/viveksarkar/Desktop/Hatari_app/ios/Pods/../../node_modules/react-native-vector-icons/Fonts/EvilIcons.ttf
/Users/viveksarkar/Desktop/Hatari_app/ios/Pods/../../node_modules/react-native-vector-icons/Fonts/Feather.ttf
/Users/viveksarkar/Desktop/Hatari_app/ios/Pods/../../node_modules/react-native-vector-icons/Fonts/FontAwesome.ttf
/Users/viveksarkar/Desktop/Hatari_app/ios/Pods/../../node_modules/react-native-vector-icons/Fonts/FontAwesome5_Brands.ttf
/Users/viveksarkar/Desktop/Hatari_app/ios/Pods/../../node_modules/react-native-vector-icons/Fonts/FontAwesome5_Regular.ttf
/Users/viveksarkar/Desktop/Hatari_app/ios/Pods/../../node_modules/react-native-vector-icons/Fonts/FontAwesome5_Solid.ttf
/Users/viveksarkar/Desktop/Hatari_app/ios/Pods/../../node_modules/react-native-vector-icons/Fonts/FontAwesome6_Brands.ttf
/Users/viveksarkar/Desktop/Hatari_app/ios/Pods/../../node_modules/react-native-vector-icons/Fonts/FontAwesome6_Regular.ttf
/Users/viveksarkar/Desktop/Hatari_app/ios/Pods/../../node_modules/react-native-vector-icons/Fonts/FontAwesome6_Solid.ttf
/Users/viveksarkar/Desktop/Hatari_app/ios/Pods/../../node_modules/react-native-vector-icons/Fonts/Fontisto.ttf
/Users/viveksarkar/Desktop/Hatari_app/ios/Pods/../../node_modules/react-native-vector-icons/Fonts/Foundation.ttf
/Users/viveksarkar/Desktop/Hatari_app/ios/Pods/../../node_modules/react-native-vector-icons/Fonts/Ionicons.ttf
/Users/viveksarkar/Desktop/Hatari_app/ios/Pods/../../node_modules/react-native-vector-icons/Fonts/MaterialCommunityIcons.ttf
/Users/viveksarkar/Desktop/Hatari_app/ios/Pods/../../node_modules/react-native-vector-icons/Fonts/MaterialIcons.ttf
/Users/viveksarkar/Desktop/Hatari_app/ios/Pods/../../node_modules/react-native-vector-icons/Fonts/Octicons.ttf
/Users/viveksarkar/Desktop/Hatari_app/ios/Pods/../../node_modules/react-native-vector-icons/Fonts/SimpleLineIcons.ttf
/Users/viveksarkar/Desktop/Hatari_app/ios/Pods/../../node_modules/react-native-vector-icons/Fonts/Zocial.ttf
/Users/viveksarkar/Library/Developer/Xcode/DerivedData/Hatari-crnaywjepgfrrcdspvkwustrehyb/Build/Products/Debug-iphoneos/React-Core/React-Core_privacy.bundle
/Users/viveksarkar/Library/Developer/Xcode/DerivedData/Hatari-crnaywjepgfrrcdspvkwustrehyb/Build/Products/Debug-iphoneos/React-cxxreact/React-cxxreact_privacy.bundle
/Users/viveksarkar/Library/Developer/Xcode/DerivedData/Hatari-crnaywjepgfrrcdspvkwustrehyb/Build/Products/Debug-iphoneos/boost/boost_privacy.bundle
/Users/viveksarkar/Library/Developer/Xcode/DerivedData/Hatari-crnaywjepgfrrcdspvkwustrehyb/Build/Products/Debug-iphoneos/glog/glog_privacy.bundle
Transfer starting: 41 files
AntDesign.ttf
Entypo.ttf
EvilIcons.ttf
Feather.ttf
FontAwesome.ttf
FontAwesome5_Brands.ttf
FontAwesome5_Regular.ttf
FontAwesome5_Solid.ttf
FontAwesome6_Brands.ttf
FontAwesome6_Regular.ttf
FontAwesome6_Solid.ttf
Fontisto.ttf
Foundation.ttf
Ionicons.ttf
MaterialCommunityIcons.ttf
MaterialIcons.ttf
Octicons.ttf
SimpleLineIcons.ttf
Zocial.ttf
RCT-Folly_privacy.bundle/
RCT-Folly_privacy.bundle/Info.plist
RNCAsyncStorage_resources.bundle/
RNCAsyncStorage_resources.bundle/Info.plist
RNCAsyncStorage_resources.bundle/PrivacyInfo.xcprivacy
RNPermissionsPrivacyInfo.bundle/
RNPermissionsPrivacyInfo.bundle/Info.plist
RNPermissionsPrivacyInfo.bundle/PrivacyInfo.xcprivacy
RNSVGFilters.bundle/
RNSVGFilters.bundle/Info.plist
RNSVGFilters.bundle/RNSVGArithmeticFilter.iphoneos.metallib
RNSVGFilters.bundle/RNSVGCompositeXor.iphoneos.metallib
React-Core_privacy.bundle/
React-Core_privacy.bundle/Info.plist
React-Core_privacy.bundle/PrivacyInfo.xcprivacy
React-cxxreact_privacy.bundle/
React-cxxreact_privacy.bundle/Info.plist
React-cxxreact_privacy.bundle/PrivacyInfo.xcprivacy
boost_privacy.bundle/
boost_privacy.bundle/Info.plist
glog_privacy.bundle/
glog_privacy.bundle/Info.plist

sent 3910762 bytes  received 794 bytes  105432776 bytes/sec
total size is 3906545  speedup is 1.00

PhaseScriptExecution [CP]\ Embed\ Pods\ Frameworks /Users/viveksarkar/Library/Developer/Xcode/DerivedData/Hatari-crnaywjepgfrrcdspvkwustrehyb/Build/Intermediates.noindex/Hatari.build/Debug-iphoneos/Hatari.build/Script-A812DB9E194381BA6030D835.sh (in target 'Hatari' from project 'Hatari')
    cd /Users/viveksarkar/Desktop/Hatari_app/ios
    /bin/sh -c /Users/viveksarkar/Library/Developer/Xcode/DerivedData/Hatari-crnaywjepgfrrcdspvkwustrehyb/Build/Intermediates.noindex/Hatari.build/Debug-iphoneos/Hatari.build/Script-A812DB9E194381BA6030D835.sh
mkdir -p /Users/viveksarkar/Library/Developer/Xcode/DerivedData/Hatari-crnaywjepgfrrcdspvkwustrehyb/Build/Products/Debug-iphoneos/Hatari.app/Frameworks
rsync --delete -av --filter P .*.?????? --links --filter "- CVS/" --filter "- .svn/" --filter "- .git/" --filter "- .hg/" --filter "- Headers" --filter "- PrivateHeaders" --filter "- Modules" "/Users/viveksarkar/Library/Developer/Xcode/DerivedData/Hatari-crnaywjepgfrrcdspvkwustrehyb/Build/Products/Debug-iphoneos/XCFrameworkIntermediates/hermes-engine/Pre-built/hermes.framework" "/Users/viveksarkar/Library/Developer/Xcode/DerivedData/Hatari-crnaywjepgfrrcdspvkwustrehyb/Build/Products/Debug-iphoneos/Hatari.app/Frameworks"
Transfer starting: 3 files
hermes.framework/
hermes.framework/Info.plist
hermes.framework/hermes

sent 6664448 bytes  received 70 bytes  166197456 bytes/sec
total size is 6663235  speedup is 1.00
Code Signing /Users/viveksarkar/Library/Developer/Xcode/DerivedData/Hatari-crnaywjepgfrrcdspvkwustrehyb/Build/Products/Debug-iphoneos/Hatari.app/Frameworks/hermes.framework with Identity Apple Development: Samarendra Mukherjee (L4SWY7DUMM)
/usr/bin/codesign --force --sign 0AE58D166068DAB91EB591C5A3FA765F12096CCC  --preserve-metadata=identifier,entitlements '/Users/viveksarkar/Library/Developer/Xcode/DerivedData/Hatari-crnaywjepgfrrcdspvkwustrehyb/Build/Products/Debug-iphoneos/Hatari.app/Frameworks/hermes.framework'

CopySwiftLibs /Users/viveksarkar/Library/Developer/Xcode/DerivedData/Hatari-crnaywjepgfrrcdspvkwustrehyb/Build/Products/Debug-iphoneos/Hatari.app (in target 'Hatari' from project 'Hatari')
    cd /Users/viveksarkar/Desktop/Hatari_app/ios
    builtin-swiftStdLibTool --copy --verbose --sign 0AE58D166068DAB91EB591C5A3FA765F12096CCC --scan-executable /Users/viveksarkar/Library/Developer/Xcode/DerivedData/Hatari-crnaywjepgfrrcdspvkwustrehyb/Build/Products/Debug-iphoneos/Hatari.app/Hatari.debug.dylib --scan-folder /Users/viveksarkar/Library/Developer/Xcode/DerivedData/Hatari-crnaywjepgfrrcdspvkwustrehyb/Build/Products/Debug-iphoneos/Hatari.app/Frameworks --scan-folder /Users/viveksarkar/Library/Developer/Xcode/DerivedData/Hatari-crnaywjepgfrrcdspvkwustrehyb/Build/Products/Debug-iphoneos/Hatari.app/PlugIns --scan-folder /Users/viveksarkar/Library/Developer/Xcode/DerivedData/Hatari-crnaywjepgfrrcdspvkwustrehyb/Build/Products/Debug-iphoneos/Hatari.app/SystemExtensions --scan-folder /Users/viveksarkar/Library/Developer/Xcode/DerivedData/Hatari-crnaywjepgfrrcdspvkwustrehyb/Build/Products/Debug-iphoneos/Hatari.app/Extensions --platform iphoneos --toolchain /Applications/Xcode.app/Contents/Developer/Toolchains/XcodeDefault.xctoolchain --destination /Users/viveksarkar/Library/Developer/Xcode/DerivedData/Hatari-crnaywjepgfrrcdspvkwustrehyb/Build/Products/Debug-iphoneos/Hatari.app/Frameworks --strip-bitcode --strip-bitcode-tool /Applications/Xcode.app/Contents/Developer/Toolchains/XcodeDefault.xctoolchain/usr/bin/bitcode_strip --emit-dependency-info /Users/viveksarkar/Library/Developer/Xcode/DerivedData/Hatari-crnaywjepgfrrcdspvkwustrehyb/Build/Intermediates.noindex/Hatari.build/Debug-iphoneos/Hatari.build/SwiftStdLibToolInputDependencies.dep --filter-for-swift-os --back-deploy-swift-span

ExtractAppIntentsMetadata (in target 'Hatari' from project 'Hatari')
    cd /Users/viveksarkar/Desktop/Hatari_app/ios
    /Applications/Xcode.app/Contents/Developer/Toolchains/XcodeDefault.xctoolchain/usr/bin/appintentsmetadataprocessor --toolchain-dir /Applications/Xcode.app/Contents/Developer/Toolchains/XcodeDefault.xctoolchain --module-name Hatari --sdk-root /Applications/Xcode.app/Contents/Developer/Platforms/iPhoneOS.platform/Developer/SDKs/iPhoneOS26.2.sdk --xcode-version 17C52 --platform-family iOS --deployment-target 15.1 --bundle-identifier com.hatari.restaurant.v1 --output /Users/viveksarkar/Library/Developer/Xcode/DerivedData/Hatari-crnaywjepgfrrcdspvkwustrehyb/Build/Products/Debug-iphoneos/Hatari.app --target-triple arm64-apple-ios15.1 --binary-file /Users/viveksarkar/Library/Developer/Xcode/DerivedData/Hatari-crnaywjepgfrrcdspvkwustrehyb/Build/Products/Debug-iphoneos/Hatari.app/Hatari --dependency-file /Users/viveksarkar/Library/Developer/Xcode/DerivedData/Hatari-crnaywjepgfrrcdspvkwustrehyb/Build/Intermediates.noindex/Hatari.build/Debug-iphoneos/Hatari.build/Objects-normal/arm64/Hatari_dependency_info.dat --stringsdata-file /Users/viveksarkar/Library/Developer/Xcode/DerivedData/Hatari-crnaywjepgfrrcdspvkwustrehyb/Build/Intermediates.noindex/Hatari.build/Debug-iphoneos/Hatari.build/Objects-normal/arm64/ExtractedAppShortcutsMetadata.stringsdata --source-file-list /Users/viveksarkar/Library/Developer/Xcode/DerivedData/Hatari-crnaywjepgfrrcdspvkwustrehyb/Build/Intermediates.noindex/Hatari.build/Debug-iphoneos/Hatari.build/Objects-normal/arm64/Hatari.SwiftFileList --metadata-file-list /Users/viveksarkar/Library/Developer/Xcode/DerivedData/Hatari-crnaywjepgfrrcdspvkwustrehyb/Build/Intermediates.noindex/Hatari.build/Debug-iphoneos/Hatari.build/Hatari.DependencyMetadataFileList --static-metadata-file-list /Users/viveksarkar/Library/Developer/Xcode/DerivedData/Hatari-crnaywjepgfrrcdspvkwustrehyb/Build/Intermediates.noindex/Hatari.build/Debug-iphoneos/Hatari.build/Hatari.DependencyStaticMetadataFileList --swift-const-vals-list /Users/viveksarkar/Library/Developer/Xcode/DerivedData/Hatari-crnaywjepgfrrcdspvkwustrehyb/Build/Intermediates.noindex/Hatari.build/Debug-iphoneos/Hatari.build/Objects-normal/arm64/Hatari.SwiftConstValuesFileList --compile-time-extraction --deployment-aware-processing --validate-assistant-intents --no-app-shortcuts-localization
2026-04-17 16:38:19.206 appintentsmetadataprocessor[39124:225008] Starting appintentsmetadataprocessor export
2026-04-17 16:38:19.216 appintentsmetadataprocessor[39124:225008] warning: Metadata extraction skipped. No AppIntents.framework dependency found.

AppIntentsSSUTraining (in target 'Hatari' from project 'Hatari')
    cd /Users/viveksarkar/Desktop/Hatari_app/ios
    /Applications/Xcode.app/Contents/Developer/Toolchains/XcodeDefault.xctoolchain/usr/bin/appintentsnltrainingprocessor --infoplist-path /Users/viveksarkar/Library/Developer/Xcode/DerivedData/Hatari-crnaywjepgfrrcdspvkwustrehyb/Build/Products/Debug-iphoneos/Hatari.app/Info.plist --temp-dir-path /Users/viveksarkar/Library/Developer/Xcode/DerivedData/Hatari-crnaywjepgfrrcdspvkwustrehyb/Build/Intermediates.noindex/Hatari.build/Debug-iphoneos/Hatari.build/ssu --bundle-id com.hatari.restaurant.v1 --product-path /Users/viveksarkar/Library/Developer/Xcode/DerivedData/Hatari-crnaywjepgfrrcdspvkwustrehyb/Build/Products/Debug-iphoneos/Hatari.app --extracted-metadata-path /Users/viveksarkar/Library/Developer/Xcode/DerivedData/Hatari-crnaywjepgfrrcdspvkwustrehyb/Build/Products/Debug-iphoneos/Hatari.app/Metadata.appintents --metadata-file-list /Users/viveksarkar/Library/Developer/Xcode/DerivedData/Hatari-crnaywjepgfrrcdspvkwustrehyb/Build/Intermediates.noindex/Hatari.build/Debug-iphoneos/Hatari.build/Hatari.DependencyMetadataFileList --archive-ssu-assets
2026-04-17 16:38:19.237 appintentsnltrainingprocessor[39125:225030] Parsing options for appintentsnltrainingprocessor
2026-04-17 16:38:19.238 appintentsnltrainingprocessor[39125:225030] No AppShortcuts found - Skipping.

CodeSign /Users/viveksarkar/Library/Developer/Xcode/DerivedData/Hatari-crnaywjepgfrrcdspvkwustrehyb/Build/Products/Debug-iphoneos/Hatari.app/Hatari.debug.dylib (in target 'Hatari' from project 'Hatari')
    cd /Users/viveksarkar/Desktop/Hatari_app/ios
    
    Signing Identity:     "Apple Development: Samarendra Mukherjee (L4SWY7DUMM)"
    Provisioning Profile: "iOS Team Provisioning Profile: *"
                          (ae826dcc-b01e-42de-bc9b-75cbf3f2e8ea)
    
    /usr/bin/codesign --force --sign 0AE58D166068DAB91EB591C5A3FA765F12096CCC --timestamp\=none --generate-entitlement-der /Users/viveksarkar/Library/Developer/Xcode/DerivedData/Hatari-crnaywjepgfrrcdspvkwustrehyb/Build/Products/Debug-iphoneos/Hatari.app/Hatari.debug.dylib

CodeSign /Users/viveksarkar/Library/Developer/Xcode/DerivedData/Hatari-crnaywjepgfrrcdspvkwustrehyb/Build/Products/Debug-iphoneos/Hatari.app/__preview.dylib (in target 'Hatari' from project 'Hatari')
    cd /Users/viveksarkar/Desktop/Hatari_app/ios
    
    Signing Identity:     "Apple Development: Samarendra Mukherjee (L4SWY7DUMM)"
    Provisioning Profile: "iOS Team Provisioning Profile: *"
                          (ae826dcc-b01e-42de-bc9b-75cbf3f2e8ea)
    
    /usr/bin/codesign --force --sign 0AE58D166068DAB91EB591C5A3FA765F12096CCC --timestamp\=none --generate-entitlement-der /Users/viveksarkar/Library/Developer/Xcode/DerivedData/Hatari-crnaywjepgfrrcdspvkwustrehyb/Build/Products/Debug-iphoneos/Hatari.app/__preview.dylib

CodeSign /Users/viveksarkar/Library/Developer/Xcode/DerivedData/Hatari-crnaywjepgfrrcdspvkwustrehyb/Build/Products/Debug-iphoneos/Hatari.app (in target 'Hatari' from project 'Hatari')
    cd /Users/viveksarkar/Desktop/Hatari_app/ios
    
    Signing Identity:     "Apple Development: Samarendra Mukherjee (L4SWY7DUMM)"
    Provisioning Profile: "iOS Team Provisioning Profile: *"
                          (ae826dcc-b01e-42de-bc9b-75cbf3f2e8ea)
    
    /usr/bin/codesign --force --sign 0AE58D166068DAB91EB591C5A3FA765F12096CCC --entitlements /Users/viveksarkar/Library/Developer/Xcode/DerivedData/Hatari-crnaywjepgfrrcdspvkwustrehyb/Build/Intermediates.noindex/Hatari.build/Debug-iphoneos/Hatari.build/Hatari.app.xcent --timestamp\=none --generate-entitlement-der /Users/viveksarkar/Library/Developer/Xcode/DerivedData/Hatari-crnaywjepgfrrcdspvkwustrehyb/Build/Products/Debug-iphoneos/Hatari.app

RegisterExecutionPolicyException /Users/viveksarkar/Library/Developer/Xcode/DerivedData/Hatari-crnaywjepgfrrcdspvkwustrehyb/Build/Products/Debug-iphoneos/Hatari.app (in target 'Hatari' from project 'Hatari')
    cd /Users/viveksarkar/Desktop/Hatari_app/ios
    builtin-RegisterExecutionPolicyException /Users/viveksarkar/Library/Developer/Xcode/DerivedData/Hatari-crnaywjepgfrrcdspvkwustrehyb/Build/Products/Debug-iphoneos/Hatari.app

Validate /Users/viveksarkar/Library/Developer/Xcode/DerivedData/Hatari-crnaywjepgfrrcdspvkwustrehyb/Build/Products/Debug-iphoneos/Hatari.app (in target 'Hatari' from project 'Hatari')
    cd /Users/viveksarkar/Desktop/Hatari_app/ios
    builtin-validationUtility /Users/viveksarkar/Library/Developer/Xcode/DerivedData/Hatari-crnaywjepgfrrcdspvkwustrehyb/Build/Products/Debug-iphoneos/Hatari.app -shallow-bundle -infoplist-subpath Info.plist

Touch /Users/viveksarkar/Library/Developer/Xcode/DerivedData/Hatari-crnaywjepgfrrcdspvkwustrehyb/Build/Products/Debug-iphoneos/Hatari.app (in target 'Hatari' from project 'Hatari')
    cd /Users/viveksarkar/Desktop/Hatari_app/ios
    /usr/bin/touch -c /Users/viveksarkar/Library/Developer/Xcode/DerivedData/Hatari-crnaywjepgfrrcdspvkwustrehyb/Build/Products/Debug-iphoneos/Hatari.app

warning: Run script build phase '[CP-User] [Hermes] Replace Hermes for the right configuration, if needed' will be run during every build because it does not specify any outputs. To address this issue, either add output dependencies to the script phase, or configure it to run in every build by unchecking "Based on dependency analysis" in the script phase. (in target 'hermes-engine' from project 'Pods')
/Users/viveksarkar/Desktop/Hatari_app/ios/Pods/Pods.xcodeproj: warning: The iOS deployment target 'IPHONEOS_DEPLOYMENT_TARGET' is set to 9.0, but the range of supported deployment target versions is 12.0 to 26.2.99. (in target 'RNCAsyncStorage-RNCAsyncStorage_resources' from project 'Pods')
note: Run script build phase '[CP-User] [RN]Check rncore' will be run during every build because the option to run the script phase "Based on dependency analysis" is unchecked. (in target 'React-Fabric' from project 'Pods')
** BUILD SUCCEEDED **

